Topic,Count,Name,Representation,Representative_Docs,Total
-1,1926,-1_classifier_classification_distribution_regression,"['classifier', 'classification', 'distribution', 'regression', 'image', 'sample', 'machine', 'tree', 'class', 'test']","['paper address problem estimate ratio frac q p p density function q another density generally arbitrary function know approximate ratio need various problem inference integration particular one need average function respect one probability distribution give sample another often refer importance sample statistical inference also closely related problem covariate shift transfer learn well various mcmc method may also useful separate underlying geometry space say manifold density function define approach base reformulate problem estimate frac q p inverse problem term integral operator correspond kernel thus reduce integral equation know fredholm problem first kind formulation combine technique regularization kernel method lead principled kernel base framework construct algorithms analyze theoretically result family algorithm fire fredholm inverse regularize estimator flexible simple easy implement provide detail theoretical analysis include concentration bound convergence rate gaussian kernel case density define r compact domain r smooth dimensional sub manifold euclidean space also show experimental result include application classification semi supervise learn within covariate shift framework demonstrate encouraging experimental comparison also show parameter algorithms choose completely unsupervised manner', 'blind deconvolution involve estimation sharp signal image give blurry observation problem fundamentally ill pose strong prior sharp image blur kernel require regularize solution space naturally lead standard map estimation framework performance compromise unknown trade parameter setting optimization heuristic convergence issue stem non convexity poor prior selection mitigate problem number author recently propose substitute variational bayesian vb strategy marginalize high dimensional image space lead good estimate blur kernel however underlie cost function involve integral close form solution complex function value argument thus lose transparency map beyond standard bayesian inspire intuition thus remain unclear exactly mechanism method able operate render understanding improvement extension difficult elucidate issue demonstrate vb methodology recast unconventional map problem particular penalty prior couple image blur kernel noise level principled way unique penalty number useful characteristic pertain relative concavity local minimum avoidance scale invariance allow u rigorously explain success vb include exist implementational heuristic approximation also provide strict criterion choose optimal image prior perhaps counter intuitively need reflect statistic natural scene challenge prevail notion vb successful blind deconvolution provide transparent platform introducing enhancement', 'focus distribution regression problem regress real value response probability distribution although exist large number similarity measure distribution little known generalization performance specific learn task learn problem formulate distribution inherent two stage sample difficulty practice sample sample distribution observable one build estimate similarity compute set point best knowledge exist method consistency guarantee distribution regression require kernel density estimation intermediate step suffers slow convergence issue high dimension domain distribution compact euclidean paper provide theoretical guarantee remarkably simple algorithmic alternative solve distribution regression problem embed distribution reproduce kernel hilbert space learn ridge regressor embeddings output main contribution prove consistency technique two stage sample set mild condition separable topological domain endow kernel give total number observation derive convergence rate explicit function problem difficulty special case answer year old open question establish consistency classical set kernel haussler gartner et al regression cover recent kernel distribution include due christmann steinwart']",5196
0,195,0_policy_reinforcement_reinforcement learn_value function,"['policy', 'reinforcement', 'reinforcement learn', 'value function', 'environment', 'mdp', 'markov decision', 'action', 'rl', 'agent']","['propose new nonparametric approach estimate value function reinforcement learn approach make use recently develop representation conditional distribution function reproduce kernel hilbert space representation bypass need estimate transition probability apply domain kernel define approach avoids need approximate intractable integral since expectation represent rkhs inner product whose computation linear complexity sample size thus efficiently perform value function estimation wide variety setting include finite state space continuous state space partially observable task sensor measurement available second advantage approach learn conditional distribution representation training sample require exhaustive exploration state space prove convergence approach either optimal policy close projection optimal policy model class reasonable assumption experiment demonstrate performance algorithm learn task continuous state space actuate pendulum navigation problem image sensor observe compare least squares policy iteration gaussian process use value function estimation algorithm achieve good performance task', 'recursive least square rls algorithm one well know algorithm use adaptive filtering system identification adaptive control popularity mainly due fast convergence speed consider optimal practice paper rls method use solve reinforcement learn problem two new reinforcement learn algorithms use linear value function approximators propose analyzed two algorithm call rls td lambda fast ahc fast adaptive heuristic critic respectively rls td lambda view extension rls td lambda general lambda within interval multi step temporal difference td learn algorithm use rls method convergence probability one limit convergence rls td lambda prove ergodic markov chain compare exist l td lambda algorithm rls td lambda advantage computation suitable online learn effectiveness rls td lambda analyze verified learn prediction experiment markov chain wide range parameter setting fast ahc algorithm derive apply propose rls td lambda algorithm critic network adaptive heuristic critic method unlike conventional ahc algorithm fast ahc make use rls method improve learn prediction efficiency critic learn control experiment cart pole balance acrobot swing problem conduct compare data efficiency fast ahc conventional ahc experimental result show data efficiency learn control also improve use rls method learn prediction process critic performance fast ahc also compare ahc method use ls td lambda furthermore demonstrated experiment different initial value variance matrix rls td lambda require get good performance learning prediction also learn control experimental result analyze base exist theoretical work transient phase forget factor rls method', 'paper consider intrusion detection application wireless sensor network wsns study problem schedule sleep time individual sensor maximize network lifetime keep track error minimum formulate problem partially observable markov decision process pomdp continuous state action space manner similar fuemmeler veeravalli however unlike formulation consider infinite horizon discount average cost objective performance criterion criterion propose convergent policy q learn algorithm operate two timescales employ function approximation handle curse dimensionality associate underlying pomdp propose algorithm incorporate policy gradient update use one simulation simultaneous perturbation stochastic approximation spsa estimate faster timescale q value parameter arise linear function approximation q value update policy temporal difference td algorithm like fashion slow timescale feature selection scheme employ algorithm manage energy track component manner assist search optimal sleep scheduling policy sake comparison discount average setting also develop function approximation analogue q learn algorithm algorithm unlike two timescale variant possess theoretical convergence guarantee finally also adapt algorithm include stochastic iterative estimation scheme intruder mobility model simulation result dimensional network set suggest algorithms result well track accuracy cost additional sensor comparison recent prior work']",5196
1,171,1_cluster_clustering_mean_spectral cluster,"['cluster', 'clustering', 'mean', 'spectral cluster', 'cluster algorithms', 'mean cluster', 'spectral', 'center', 'partition', 'point']","['cluster consider non supervise learn set goal partition collection data point disjoint cluster often bind k number cluster give assume practitioner many version problem define notably k mean k median underlying problem unsupervised nature cluster determine similarity function one approach alleviate difficulty know cluster side information alternatively semi supervise cluster practitioner incorporates side information form must cluster must separate label data point pair piece information come query cost often involve human response solicitation collection label incorporate usual clustering algorithm either strict soft constraint possibly add pairwise constraint penalty function choose cluster objective work mostly related cluster side information ask choose pair data point analysis give rise method provably well simply choose uniformly random roughly speak show distribution must bias weight place pair incident element small cluster optimal solution course know optimal solution hence know bias use recently introduce method eps smooth relative regret approximation ailon begleiter ezra show iterative process improve cluster bias tandem process provably converge optimal solution faster term query cost algorithm select pair uniformly', 'thesis propose several model strategy tackle evolve data different context framework static cluster start introduce soft kernel spectral cluster sksc algorithm well deal overlap cluster respect kernel spectral cluster ksc provide interpretable outcome afterwards whole strategy base upon ksc community detection static network propose extraction high quality training sub graph choice kernel function model selection applicability large scale data key aspect pave way development novel cluster algorithm analysis evolve network call kernel spectral cluster memory effect mksc temporal smoothness cluster result successive time step incorporate level primal optimization problem properly modify ksc formulation later application ksc fault detection industrial machine present smart pre processing data mean proper windowing operation necessary catch ongoing degradation process affect machine way genuinely unsupervised manner possible raise early warning necessary online fashion finally propose new algorithm call incremental kernel spectral cluster iksc online learn non stationary data ambitious challenge face take advantage sample property kernel spectral cluster ksc adapt initial model order tackle merge split drift cluster across time real world application consider thesis include image segmentation time series cluster community detection static evolving network', 'study exact recovery condition convex relaxation point cloud clustering problem focus two common optimization problem unsupervised cluster k mean k median clustering motivation focus convex relaxation come certificate optimality b generic tool relatively parameter free tailor specific assumption input precisely consider distributional setting k cluster mathbb r data cluster consist n point sample symmetric distribution within ball unit radius ask minimal separation distance cluster center need convex relaxation exactly recover k cluster optimal integral solution k median linear program relaxation show tight bound exact recovery obtain give arbitrarily small pairwise separation epsilon ball word pairwise center separation delta epsilon distributional model k mean lp relaxation fail recover cluster separation large delta yet enforce psd constraint k mean lp get exact cluster recovery center separation delta sqrt sqrt contrast common heuristic lloyd algorithm k k mean algorithm fail recover cluster set even arbitrarily large cluster separation k mean overseeding constant factor fail high probability exact cluster recovery complement theoretical analysis provide experimental study recovery guarantee various method discuss several open problem experiment suggest']",5196
2,141,2_gradient_convergence_stochastic_convergence rate,"['gradient', 'convergence', 'stochastic', 'convergence rate', 'descent', 'sgd', 'stochastic gradient', 'coordinate', 'strongly convex', 'optimization']","['stochastic gradient algorithm estimate gradient base one sample enjoy low computational cost per iteration widely use large scale optimization problem however stochastic gradient algorithm usually slow converge achieve sub linear convergence rate due inherent variance gradient computation accelerate convergence variance reduce stochastic gradient algorithm e g proximal stochastic variance reduce gradient prox svrg algorithm recently propose solve strongly convex problem strongly convex condition variance reduce stochastic gradient algorithm achieve linear convergence rate however many machine learn problem convex strongly convex paper introduce prox svrg project variant call variance reduce project stochastic gradient vrpsg solve class non strongly convex optimization problem widely use machine learn main technical contribution paper show vrpsg prox svrg achieve linear convergence rate without strong convexity key ingredient proof semi strongly convex ssc inequality first rigorously proved class non strongly convex problem constrain regularized setting moreover ssc inequality independent algorithm may apply analyze stochastic gradient algorithm besides vrpsg prox svrg may independent interest best knowledge first work establishes linear convergence rate variance reduce stochastic gradient algorithm solve constrain regularize problem without strong convexity', 'propose randomize nonmonotone block proximal gradient rnbpg method minimize sum smooth possibly nonconvex function block separable possibly nonconvex nonsmooth function iteration method randomly pick block accord prescribe probability distribution solve typically several associate proximal subproblems usually close form solution certain progress objective value achieve contrast usual randomize block coordinate descent method method nonmonotone flavor use variable stepsizes partially utilize local curvature information smooth component objective function show accumulation point solution sequence method stationary point problem almost surely method capable find approximate stationary point high probability also establish sublinear rate convergence method term minimal expect squared norm certain proximal gradient iteration problem consideration convex show expect objective value generate rnbpg converge optimal value problem assumption establish sublinear linear rate convergence expect objective value generate monotone version rnbpg finally conduct preliminary experiment test performance rnbpg ell regularize least square problem dual svm problem machine learn computational result demonstrate method substantially outperform randomized block coordinate descent method fix variable stepsizes', 're regularize stochastic version broyden fletcher goldfarb shanno bfgs quasi newton method propose solve convex optimization problem stochastic objective use stochastic gradient descent algorithm widespread number iteration require approximate optimal argument prohibitive high dimensional problem application second order method hand impracticable computation objective function hessian inverses incurs excessive computational cost bfgs modifies gradient descent introduce hessian approximation matrix compute finite gradient difference res utilizes stochastic gradient lieu deterministic gradient determination descent direction approximation objective function curvature since stochastic gradient compute manageable computational cost re realizable retains convergence rate advantage deterministic counterpart convergence result show low upper bound hessian egeinvalues sample function sufficient guarantee convergence optimal argument numerical experiment showcase reduction convergence time relative stochastic gradient descent algorithm non regularize stochastic version bfgs application re implementation support vector machine develop']",5196
3,122,3_link_graph_node_network,"['link', 'graph', 'node', 'network', 'community', 'relational', 'social', 'link prediction', 'membership', 'social network']","['stochastic block model sbm popular tool community detection network fit maximum likelihood mle involve computationally infeasible optimization problem propose new semidefinite programming sdp solution problem fit sbm derive relaxation mle put previously propose sdps unify framework relaxation mle various sub class sbm reveal connection sparse pca main relaxation call sdp tighter recently propose sdp relaxation thus previously establish theoretical guarantee carry however show sdp exactly recovers true community wider class sbms cover current result particular assumption strong assortativity sbm implicit consistency condition previously propose sdps relax weak assortativity approach thus significantly broaden class sbms cover consistency result also show strong assortativity indeed necessary condition exact recovery previously propose sdp approach artifact proofs analysis sdps base primal dual witness construction provide insight nature solution various sdps show combine feature sdp already available sdps achieve flexibility term assortativity block size constraint relaxation tendency produce community similar sizes tendency make ideal tool fitting network histogram method gain popularity graphon estimation literature illustrate example social network dolphin also provide empirical evidence sdps outperform spectral method fit sbms large number block', 'node real world network often class label underlie attribute related way connect node sometimes relationship simple instance node class may likely connect case however true way node link network exhibit different complex relationship attribute consider network know nodes connect know class label node class label relate network link wish identify best subset node label order learn relationship node attribute network link use discover relationship accurately predict class label rest network node present model identifies group node similar link pattern call network role use generative blockmodel model predict label learn mapping network role class label use maximum margin classifier choose subset node label accord iterative margin base active learning strategy integrate discovery network role classifier optimisation active learning process adapt network role well represent network node classification demonstrate model explore selection real world network include marine food web network english word show contrast network classifier model achieves good classification accuracy range network different relationship class label network link', 'paper explore combinatorial optimization problem max weight graph match multi partite graph arise integrate multiple data source entity resolution data integration problem perform noisy join structure data typically proceeds first hash record zero block score pair record co block similarity match pair sufficient similarity common case match two source often desirable final match one one record may match one member database statistical record linkage community accomplish matchings final stage weight bipartite graph match similarity score matchings intuitively appeal leverage natural global property many real world entity store nearly deduped know provide significant improvement precision recall unfortunately unlike bipartite case exact max weight match multi partite graph know np hard two fold algorithmic contribution approximate multi partite max weight match first algorithm borrows optimization technique common bayesian probabilistic inference second greedy approximation algorithm addition theoretical guarantee latter present comparison real world er problem bing significantly large typically find literature publication data series synthetic problem result quantify significant improvement due exploit multiple source make possible global one one constraint link otherwise independent match sub problem also discover algorithms complementary one much robust noise simple implement fast run']",5196
4,120,4_convolutional_convolutional neural_image_object,"['convolutional', 'convolutional neural', 'image', 'object', 'video', 'visual', 'convolutional network', 'cnn', 'recognition', 'layer']","['scene parse important challenge prob lem computer vision require label pixel image category belong tradition ally approach hand engineer feature color information image recently convolutional neural network cnns automatically learn hierar chies feature achieve record performance task approach typically include post processing technique superpixels produce final label ing paper propose novel network architecture combine deep deconvolutional neural network cnns experiment show deconvolutional neu ral network capable learn high order image structure beyond edge primitive comparison cnns new network architecture employ multi patch training introduce part work multi patch train ing make possible effectively learn spatial prior scene propose approach yield state art per formance four scene parse datasets namely stanford background sift flow camvid kitti addition system add advantage training system completely automate end end require post processing', 'recover structure scene image yield useful information task shape scene recognition object detection motion planning object grasp robotics thesis introduce general machine learn approach call unsupervised crf learn base maximize conditional likelihood apply approach computer vision system recover scene geometry image focus recover geometry single image stereo pair video sequence build system require algorithms inference well learn parameter conditional markov random field mrf system train unsupervisedly without use ground truth label data employ slant plane stereo vision model use fix segmentation segment leave image coherent region call superpixels assign disparity plane superpixel plane parameter estimate solve mrf labelling problem minimize energy fuction demonstrate use unsupervised crf learn algorithm parameterized slanted plane stereo vision model involve shape texture cue stereo model texture cue unsupervised training outperforms result related work stereo dataset thesis also formulate structure motion estimation energy minimization problem model extension slant plane stereo vision model also handle surface velocity velocity estimation achieve solve mrf labeling problem use loopy bp performance analysis do use novel evaluation metric base notion view prediction error experiment road drive stereo sequence show encouraging result', 'unconstrained video recognition deep convolution network dcn two active topic computer vision recently work apply dcns frame base recognizers video recognition preliminary study however show video corpora complete ground truth usually large diverse enough learn robust model network train directly video data set suffer significant overfitting poor recognition rate test set lack train sample problem limit usage deep model wide range computer vision problem obtain train data difficult overcome problem perform transfer learn image videos utilize knowledge weakly label image corpus video recognition image corpus help learn important visual pattern natural image pattern ignore model train video corpus therefore resultant network well generalizability well recognition rate show mean transfer learn image video learn frame base recognizer k videos image corpus weakly label entire learning process require k annotated instance far less million scale image data set require previous work approach may apply visual recognition task scarce train data available improves applicability dcns various computer vision problem experiment also reveal correlation meta parameter performance dcns give property target problem data result lead heuristic meta parameter selection future research rely time consume meta parameter search']",5196
5,119,5_submodular_submodular function_epsilon_eps,"['submodular', 'submodular function', 'epsilon', 'eps', 'query', 'polynomial', 'boolean', 'pac', 'halfspaces', 'monotone']","['study complexity learn approximation self bound function uniform distribution boolean hypercube n informally function f n rightarrow mathbb r self bound every x n f x upper bound sum n marginal decrease value function x self bound function include well know class function submodular fractionally subadditive xos function introduce boucheron et al context concentration measure inequalities main result nearly tight ell approximation self bound function low degree junta specifically self bound function epsilon approximate ell polynomial degree tilde epsilon tilde epsilon variable show degree junta size optimal logarithmic term previous technique consider strong ell approximation prove nearly tight bound theta epsilon degree theta epsilon number variable bound rely analysis noise stability self bound function together strong connection noise stability ell approximation low degree polynomial technique also use get tight bound ell approximation low degree polynomial faster learn algorithm halfspaces result lead improved several case almost tight bound pac agnostic learn self bound function relative uniform distribution particular assume hardness learn junta show pac agnostic learn self bound function complexity n tilde theta epsilon', 'study complexity approximate representation learn submodular function uniform distribution boolean hypercube n main result follow structural theorem submodular function epsilon close ell real value decision tree dt depth epsilon immediately imply submodular function epsilon close function epsilon variables spectral ell norm epsilon also imply close previous result state submodular function approximate polynomial degree epsilon cheraghchi et al result prove construct approximation submodular function dt rank epsilon proof rank r dt epsilon approximate dt depth frac r log epsilon show structural result exploit give attribute efficient pac learn algorithm submodular function run time tilde n cdot epsilon best previous algorithm problem require n epsilon time example cheraghchi et al work also agnostic set addition give improve learning algorithm number relate setting also prove pac agnostic learning algorithm essentially optimal via two low bound information theoretic low bound omega epsilon complexity learn monotone submodular function reasonable model computational low bound n omega epsilon base reduction learn sparse parity noise widely believe intractable first low bound learn submodular function uniform distribution', 'investigate approximability several class real value function function small number variable em junta main result tight bound number variable require approximate function f n rightarrow within ell error epsilon uniform distribution f submodular epsilon close function frac epsilon log frac epsilon variables exponential improvement previously know result note omega frac epsilon variable necessary even linear function f fractionally subadditive xos epsilon close function epsilon variable result hold function low total ell influence real value analogue friedgut theorem boolean function show omega epsilon variable necessary even xos function application result provide learn algorithm uniform distribution xos function give pac learning algorithm run time poly epsilon poly n submodular function give algorithm demand pmac learn model balcan harvey require multiplicative gamma factor approximation probability least epsilon target distribution uniform distribution algorithm run time poly gamma epsilon poly n first algorithm pmac model uniform distribution achieve constant approximation factor arbitrarily close submodular function follow low bound feldman et al algorithms close optimal also give application proper learn test agnostic learn value query class']",5196
6,99,6_arm_bandit_regret_reward,"['arm', 'bandit', 'regret', 'reward', 'arm bandit', 'multi arm', 'ucb', 'thompson', 'thompson sample', 'regret bound']","['multi arm bandit problem online algorithm choose set strategy sequence trial maximize total payoff chosen strategy performance bandit algorithm small finite strategy set quite well understood bandit problem large strategy set still topic active investigation motivate practical application online auction web advertisement goal research identify broad natural class strategy set payoff function enable design efficient solution work study general set multi arm bandit problem strategy form metric space payoff function satisfies lipschitz condition respect metric refer problem lipschitz mab problem present solution multi arm bandit problem set every metric space define isometry invariant bound performance lipschitz mab algorithm metric space present algorithm come arbitrarily close meeting bound furthermore technique give even good result benign payoff function also address full feedback best expert version problem every round payoffs arm reveal', 'multi arm bandit mab problem give set arm unknown reward model time player select one arm play aim maximize total expect reward horizon length approach base deterministic sequence exploration exploitation dsee develop construct sequential arm selection policy show light tail reward distribution dsee achieves optimal logarithmic order regret regret define total expected reward loss ideal case know reward model heavy tail reward distribution dsee achieves p regret moment reward distribution exist pth order p p p knowledge upperbound finite moment heavy tail reward distribution dsee offer optimal logarithmic regret order propose dsee approach complement exist work mab provide correspond result general reward distribution furthermore clearly define tunable parameter cardinality exploration sequence dsee approach easily extendable variation mab include mab various objective decentralize mab multiple player incomplete reward observation collision mab unknown markov dynamic combinatorial mab dependent arm often arise network optimization problem shortest path minimum span dominate set problem unknown random weight', 'define general framework large class combinatorial multi arm bandit cmab problem subsets base arm unknown distribution form super arm round super arm play base arm contain super arm play outcomes observed consider extension base arm could probabilistically trigger base outcome already trigger arm reward super arm depend outcomes played arm need satisfy two mild assumption allow large class nonlinear reward instance assume availability offline alpha beta approximation oracle take mean outcome distribution arm output super arm probability beta generates alpha fraction optimal expect reward objective online learn algorithm cmab minimize alpha beta approximation regret difference alpha beta fraction expect reward always play optimal super arm expect reward play super arm accord algorithm provide cucb algorithm achieve log n distribution dependent regret n number round play provide distribution independent bound large class reward function regret analysis tight match bound ucb algorithm constant factor classical mab problem significantly improve regret bound early paper combinatorial bandit linear reward apply cmab framework two new application probabilistic maximum coverage social influence maximization nonlinear reward structure particular application social influence maximization require extension probabilistically trigger arm']",5196
7,94,7_lasso_group lasso_group_norm,"['lasso', 'group lasso', 'group', 'norm', 'penalty', 'screen', 'sparsity', 'overlap group', 'regularization', 'overlap']","['study problem learn high dimensional regression model regularize structured sparsity induce penalty encodes prior structural information either input output side consider two widely adopt type penalty motivate example overlap group lasso penalty base l l mixed norm penalty graph guide fusion penalty type penalty due non separability develop efficient optimization method remain challenge problem paper propose general optimization approach call smooth proximal gradient method solve structure sparse regression problem smooth convex loss wide spectrum structure sparsity induce penalty approach base general smoothing technique nesterov achieve convergence rate faster standard first order method subgradient method much scalable widely use interior point method numerical result report demonstrate efficiency scalability propose method', 'study problem estimate high dimensional regression model regularize structured sparsity induce penalty encodes prior structural information either input output variable consider two widely adopt type penalty kind motivate example general overlap group lasso penalty generalize group lasso penalty graph guide fused lasso penalty generalize fused lasso penalty type penalty due nonseparability nonsmoothness develop efficient optimization method remain challenge problem paper propose general optimization approach smooth proximal gradient spg method solve structure sparse regression problem smooth convex loss wide spectrum structure sparsity induce penalty approach combine smooth technique effective proximal gradient method achieve convergence rate significantly faster standard first order method subgradient method much scalable widely use interior point method efficiency scalability method demonstrate simulation experiment real genetic data set', 'sparse learn recently receive increase attention many area include machine learn statistic apply mathematics mixed norm regularization base l q norm q attractive many application regression classification facilitates group sparsity model result optimization problem however challenge solve due inherent structure mixed norm regularization exist work deal special case q infinity cannot easily extend general case paper propose efficient algorithm base accelerated gradient method solve general l q regularize problem one key building block propose algorithm l q regularize euclidean projection ep q theoretical analysis reveals key property ep q illustrates ep q general q significantly challenge solve special case base theoretical analysis develop efficient algorithm ep q solve two zero finding problem improve efficiency solve large dimensional mixed norm regularize problem propose screen method able quickly identify inactive group e group component solution may lead substantial reduction number group enter optimization appeal feature screen method data set need scan run screen compare solve mixed norm regularize problem computational cost screen test negligible key propose screen method accurate sensitivity analysis dual optimal solution regularization parameter varies experimental result demonstrate efficiency propose algorithm']",5196
8,92,8_recommendation_item_user_rating,"['recommendation', 'item', 'user', 'rating', 'recommender', 'collaborative', 'collaborative filtering', 'filtering', 'cf', 'user item']","['albeit implicit feedback base recommendation problem user history available rating typical set real world application much less researched explicit feedback case state art algorithm efficient explicit case cannot automatically transform implicit case scalability maintain implicit feedback benchmark data set therefore new idea usually experiment explicit benchmark paper propose generic context aware implicit feedback recommender algorithm coin itals itals applies fast al base tensor factorization learn method scale linearly number non zero element tensor also present two approximate fast variant itals use coordinate descent conjugate gradient method learn method also allow u incorporate various contextual information model maintain computational efficiency present two context aware variant itals incorporate seasonality item purchase sequentiality model distinguish user behavior different time interval product type different repetitiveness experiment run six data set show itals clearly outperform context unaware model context aware baseline par factorization machine beat time case term recall map', 'advent online social network recommender system become crucial success many online application service due significance role tailor application user specific need preference despite increase popularity general recommender system suffer data sparsity cold start problem alleviate issue recent year upsurge interest exploit social information trust relation among user along rating data improve performance recommender system main motivation exploit trust information recommendation process stem observation idea expose choice make significantly influence social context however large user community addition trust relation distrust relation also exist user instance epinions concepts personal web trust personal block list allow user categorize friend base quality review trust distrusted friend respectively paper propose matrix factorization base model recommendation social rating network properly incorporate trust distrust relationship aim improve quality recommendation mitigate data sparsity cold start user issue experiment epinions data set show new algorithm outperforms standard trust enhance distrust enhance counterpart respect accuracy thereby demonstrate positive effect incorporation explicit distrust information recommender system', 'albeit implicit feedback base recommendation problem user history available rating typical set real world application much less researched explicit feedback case state art algorithm efficient explicit case cannot straightforwardly transform implicit case scalability maintain implicit feedback benchmark datasets therefore new idea usually experiment explicit benchmark paper propose generic context aware implicit feedback recommender algorithm coin itals itals apply fast al base tensor factorization learn method scale linearly number non zero element tensor method also allow u incorporate diverse context information model maintain computational efficiency particular present two context aware implementation variant itals first incorporate seasonality enables distinguish user behavior different time interval view user history sequential information ability recognize usage pattern typical certain group item e g automatically tell apart product type category typically purchase repetitively collectibles grocery good household appliances experiment perform three implicit datasets two proprietary one implicit variant netflix dataset show integrate context aware information factorization framework state art implicit recommender algorithm recommendation quality improve significantly']",5196
9,76,9_speech_speaker_recurrent_rnns,"['speech', 'speaker', 'recurrent', 'rnns', 'rnn', 'music', 'audio', 'recurrent neural', 'neural network', 'neural']","['neural language model lms base recurrent neural network rnn successful word character level lm work well particular well linear neural lm possible explanation rnns implicitly good regularization rnns high capacity store pattern due nonlinearities argue first explanation limit little training data second explanation large amount text data show state art performance popular small penn dataset rnn lm regularize random dropout nonetheless show even good performance simplify much less expressive linear rnn model without diagonal entry recurrent matrix call model impulse response lm irlm use random dropout column normalization anneal learn rate irlms develop neuron keep memory word past achieve perplexity penn dataset two large datasets however regularization method unsuccessful model rnn expressivity allows overtake irlm percent perplexity respectively despite perplexity gap irlms still outperform rnns microsoft research sentence completion mrsc task develop slightly modify irlm separate long context unit lcus short context unit show lcus alone achieve state art performance mrsc task analysis indicate fruitful direction research neural lm lie develop accessible internal representation suggest optimization regime high momentum term effectively train model', 'automatic specie classification bird sound computational tool increase importance ecology conservation monitor vocal communication study make classification useful practice crucial improve accuracy ensure run big data scale many approach use acoustic measure base spectrogram type data mel frequency cepstral coefficient mfcc feature represent manually design summary spectral information however recent work machine learn demonstrated feature learn automatically data often outperform manually design feature transform feature learn perform large scale unsupervised meaning require manual data label yet improve performance supervise task classification work introduce technique feature learn large volume bird sound recording inspire technique proven useful domain experimentally compare twelve different feature representation derive mel spectrum six use technique use four large diverse database bird vocalisation random forest classifier demonstrate mfccs limited power context leading bad performance raw mel spectral data conversely demonstrate unsupervised feature learn provide substantial boost mfccs mel spectrum without add computational complexity model train boost particularly notable single label classification task large scale spectro temporal activation learn procedure resemble spectro temporal receptive field calculate avian primary auditory forebrain', 'efficient intuitive algorithm present identification speaker long dataset like youtube long discussion cocktail party record audio video goal automatic speaker identification identify number different speaker prepare model speaker extraction characterization speaker specific information contain speech signal many diverse application specially field surveillance immigration airport cyber security transcription multi source similar sound source difficult assign transcription arbitrary commonly speech parametrization use speaker verification k mean cepstral analysis detail gaussian mixture model speaker modeling technique explain gaussian mixture model gmm perhaps robust machine learn algorithm introduce examine judge carefully speaker identification text independent application employment gaussian mixture model monitor analyse speaker identity encourage familiarity awareness understanding gain experience gaussian spectrum depict characteristic speaker spectral conformational pattern remarkable ability gmm construct capricious density illustrate expectation maximization iterative algorithm take arbitrary value initial estimation carry iterative process convergence value observe various number experiment able obtain identification rate use vector quantization identification rate use gmm model expectation maximization parameter estimation depend variation parameter']",5196
10,75,10_bayesian network_bayesian_score_network,"['bayesian network', 'bayesian', 'score', 'network', 'learn bayesian', 'variable', 'marginal likelihood', 'hidden variable', 'likelihood score', 'posterior probability']","['consider problem learning bayesian network direct acyclic graph dag model observational data number constraint base score base hybrid algorithm develop purpose constraint base method statistical consistency guarantee typically rely faithfulness assumption show restrictive especially graphs cycle skeleton however limited work consistency guarantee score base hybrid algorithm unclear whether consistency guarantee prove weak condition faithfulness assumption paper propose sparse permutation sp algorithm algorithm base find causal order variable yield sparsest dag prove new score base method consistent strictly weak condition faithfulness assumption also demonstrate simulation small dag sp algorithm compare favorably constraint base pc sg algorithms well score base greedy equivalence search hybrid max min hill climb method gaussian set prove algorithm boil find permutation variable sparsest cholesky decomposition inverse covariance matrix use connection show oracle set true covariance matrix know sp algorithm fact equivalent ell penalize maximum likelihood estimation', 'give set possible model e g bayesian network structure data sample unsupervised model selection problem task choose accurate model respect domain joint probability distribution contrast supervise model selection priori know chosen model use future prediction task involve focus predictive distribution although focused predictive distribution produce joint probability distribution marginalization practice best model unsupervised sense necessarily perform well supervised domain particular standard marginal likelihood score criterion unsupervised task although frequently use supervise model selection also perform well task paper study performance marginal likelihood score empirically supervise bayesian network selection task use large number publicly available classification data set compare result obtain alternative model selection criterion include empirical crossvalidation method approximation supervise marginal likelihood measure supervise version dawids prequential predictive sequential principle result demonstrate marginal likelihood score perform well supervise model selection best result obtain use dawids prequential r napproach', 'give set possible model e g bayesian network structure data sample unsupervised model selection problem task choose accurate model respect domain joint probability distribution contrast supervise model selection priori know chosen model use future prediction task involve focus predictive distribution although focused predictive distribution produce joint probability distribution marginalization practice best model unsupervised sense necessarily perform well supervised domain particular standard marginal likelihood score criterion unsupervised task although frequently use supervise model selection also perform well task paper study performance marginal likelihood score empirically supervise bayesian network selection task use large number publicly available classification data set compare result obtain alternative model selection criterion include empirical crossvalidation method approximation supervise marginal likelihood measure supervise version dawids prequential predictive sequential principle result demonstrate marginal likelihood score perform well supervise model selection best result obtain use dawids prequential r napproach']",5196
11,73,11_topic_lda_document_latent dirichlet,"['topic', 'lda', 'document', 'latent dirichlet', 'dirichlet allocation', 'number topic', 'allocation lda', 'dirichlet', 'corpus', 'allocation']","['latent dirichlet allocation lda important hierarchical bayesian model probabilistic topic model attracts worldwide interest touch many important application text mining computer vision computational biology paper represent lda factor graph within markov random field mrf framework enable classic loopy belief propagation bp algorithm approximate inference parameter estimation although two commonly used approximate inference method variational bayes vb collapse gibbs sample g gain great success learn lda propose bp competitive speed accuracy validate encouraging experimental result four large scale document data set furthermore bp algorithm potential become generic learning scheme variant lda base topic model end show learn two typical variant lda base topic model author topic model atm relational topic model rtm use bp base factor graph representation', 'topic model approach use automatic comprehension classification data variety setting perhaps canonical application uncover thematic structure corpus document number foundational work machine learn theory suggest probabilistic model document whereby document arise convex combination e distribution small number topic vector topic vector distribution word e vector word frequencies similar model since use variety application area latent dirichlet allocation lda model blei et al especially popular theoretical study topic model focus learn model parameter assume data actually generate exist approach part rely singular value decomposition svd consequently one two limitation work need either assume document contain one topic else recover span topic vector instead topic vector paper formally justify nonnegative matrix factorization nmf main tool context analog svd vector nonnegative use tool give first polynomial time algorithm learn topic model without two limitation algorithm use fairly mild assumption underlie topic matrix call separability usually find hold real life data compelling feature algorithm generalize model incorporate topic topic correlation correlate topic model pachinko allocation model hope paper motivate theoretical result use nmf replacement svd nmf come replace svd many application', 'topic model latent dirichlet allocation lda posit document draw admixture distribution word know topic inference problem recover topic admixture np hard assume separability strong assumption give first provable algorithm inference lda model give provable algorithm use tensor method learn topic vector bound l error natural measure probability vector aim develop model make intuitive empirically support assumption design algorithm natural simple component svd provably solve inference problem model bound l error topic lda model essentially characterize group co occur word motivate introduce topic specific catchword group word occur strictly great frequency topic topic individually require high frequency together rather individually major contribution paper show realistic assumption empirically verified real corpus singular value decomposition svd base algorithm crucial pre process step thresholding provably recover topic collection document draw dominant admixture dominant admixture convex combination distribution one distribution significantly high contribution others apart simplicity algorithm sample complexity near optimal dependence w low probability topic dominant well empirical evidence show several real world corpus catchword dominant admixture assumption hold propose algorithm substantially outperform state art']",5196
12,71,12_matrix completion_completion_matrix_rank matrix,"['matrix completion', 'completion', 'matrix', 'rank matrix', 'rank', 'entry', 'norm', 'cur', 'nuclear norm', 'nuclear']","['matrix completion e exact provable recovery low rank matrix small subset element currently know possible matrix satisfies restrictive structural constraint know em incoherence row column space case subset element sample uniformly random paper show em rank r n n matrix exactly recover nr log n randomly choose element provide random choice make accord em specific bias distribution probability element sample proportional sum leverage score correspond row column perhaps equally important show specific form sample nearly necessary natural precise sense imply perhaps intuitive sample scheme fail establish three way use result set leverage score know textit priori sample strategy case one row column space incoherent b two phase sample procedure general matrix first sample estimate leverage score follow sample exact recovery c analysis show advantage weight nuclear trace norm minimization vanilla un weight formulation case non uniform sampling', 'consider related task matrix completion matrix approximation miss data propose adaptive sampling procedure problem show adaptive sampling allow one eliminate standard incoherence assumption matrix row space necessary passive sampling procedure exact recovery low rank matrix algorithm judiciously select columns observe full additional measurement project remain column onto span algorithm exactly recovers n time n rank r matrix use nr mu log r observation mu coherence parameter column space matrix addition completely eliminate row space assumption pervade literature algorithm enjoy good sample complexity exist matrix completion algorithm certify improvement due adaptive sample establish row space coherence necessary passive sample algorithms achieve non trivial sample complexity bound construct low rank approximation high rank input matrix propose simple algorithm threshold singular value zero fill version input matrix algorithm computes approximation nearly good best rank r approximation use nr mu log n sample mu slightly different coherence parameter matrix column eliminate assumption row space', 'work propose new randomize algorithm compute low rank approximation give matrix take approach different exist literature method first involve specific bias sampling element chosen base leverage score row column involves weight alternate minimization factor form intend low rank matrix minimize error sample method leverage input sparsity yet produce approximation em spectral oppose weaker frobenius norm combine best aspect otherwise disparate current result dependence condition number kappa sigma sigma r particular require nnz frac n kappa r epsilon computation generate rank r approximation spectral norm contrast best exist method require nnz frac nr epsilon time compute approximation frobenius norm besides tightness spectral norm well dependence error epsilon method naturally highly parallelizable new approach enable two extension interest first new method directly compute low rank approximation efficient factor form product two give matrix compute small random set entry product execute weighted alternate minimization sample strategy different cannot access leverage score product matrix instead work input matrix second extension improve algorithm small communication complexity distribute pca set server small set row matrix want compute low rank approximation small amount communication server']",5196
13,69,13_gene_cancer_selection_gene expression,"['gene', 'cancer', 'selection', 'gene expression', 'expression', 'tumour', 'rough', 'microarray', 'breast', 'patient']","['gene expression data number training sample small compare large number gene involve experiment however among large amount gene small fraction effective performing certain task furthermore small subset gene desirable develop gene expression base diagnostic tool deliver reliable understandable result gene selection result cost biological experiment decision greatly reduce analyze marker gene important application gene expression data functional genomics classify sample accord gene expression profile feature selection f process attempt select informative feature one important step knowledge discovery conventional supervise f method evaluate various feature subset use evaluation function metric select feature relate decision class data consideration paper study feature selection method base rough set theory k mean fuzzy c mean fcm algorithm implement reduced feature set without consider class label obtain result compare original class label back propagation network bpn also use classification performance k mean fcm bpn analyze confusion matrix find bpn perform well comparatively', 'extend standard rough set base approach deal huge amount numeric attribute versus small amount available object novel approach cluster along dimensionality reduction hybrid fuzzy c mean quick reduct fcmqr algorithm propose single gene selection gene selection process select gene informative one important step knowledge discovery problem gene important gene expression data gene may redundant others may irrelevant noisy study entire dataset divide proper group similar gene apply fuzzy c mean fcm algorithm high class discriminate gene select base degree dependence apply quick reduct algorithm base rough set theory resultant cluster average correlation value acv calculate high class discriminate gene cluster acv value determine significant cluster whose classification accuracy equal high compare accuracy entire dataset propose algorithm evaluate use weka classifier compare finally experimental result related leukemia cancer data confirm approach quite promising though surely require research', 'prostate cancer among common cancer male heterogeneity well know early detection help make therapeutic decision standard technique procedure yet full proof predict cancer class genomic level change detect gene expression data change may serve standard model random cancer data class prediction various technique imply prostate cancer data set order accurately predict cancer class include machine learn technique huge number attribute number sample microarray data lead poor machine learn therefore challenge part attribute reduction non significant gene reduction work compare several machine learn technique accuracy predict cancer class machine learn effective number attribute gene large number sample rarely possible gene expression data attribute reduction gene filter absolutely require order make data meaningful gene participate tumor development irrelevant cancer prediction apply combination statistical technique inter quartile range test effective filtering significant gene minimize noise data do comprehensive evaluation ten state art machine learn technique accuracy class prediction prostate cancer technique bay network perform accuracy follow navie bayes accuracy cross validate result modify train dataset six different way find average sensitivity specificity precision accuracy bayes network high among technique use']",5196
14,68,14_expert_regret_online_regret bound,"['expert', 'regret', 'online', 'regret bound', 'advice', 'mirror descent', 'mirror', 'prediction expert', 'expert advice', 'online convex']","['learn theory largely focus two main learn scenario first classical statistical setting instance draw fix distribution second scenario online learn completely adversarial scenario adversary every time step pick worst instance provide learner argue real world neither assumption reasonable therefore important study problem range assumption data unfortunately theoretical result area scarce possibly due absence general tool analysis focus regret formulation define minimax value game adversary restrict move framework capture stochastic non stochastic assumption data build sequential symmetrization approach define notion distribution dependent rademacher complexity spectrum problem range bad case bound let u immediately deduce variation type bound consider adversary show equivalence online batch learnability supervise set consider various hybrid assumption way x variable choose finally consider smooth learn problem show half space online learnable smoothed model fact exponentially small noise add adversary decision turn problem infinite littlestone dimension learnable problem', 'paper propose framework solve constrain online convex optimization problem motivation stem observation algorithm propose online convex optimization require projection onto convex set mathcal k decision make simple shape e g euclidean ball projection straightforward arbitrary complex set main computational challenge may inefficient practice paper consider alternative online convex optimization problem instead require decision belong mathcal k round require constraint define set mathcal k satisfy long run show framework utilized solve relax version online learn side constraint address cite dblp conf colt mannort cite dblp conf aaai kvetonytm turn problem online convex concave optimization problem propose efficient algorithm achieves tilde mathcal sqrt regret bound tilde mathcal bound violation constraint modify algorithm order guarantee constraint satisfy long run gain achieve price get tilde mathcal regret bound second algorithm base mirror prox method citep nemirovski prox solve variational inequality achieve tilde mathcal mathcal bound regret violation constraint domain k describe finite number linear constraint finally extend result set partial access convex set mathcal k propose multipoint bandit feedback algorithm bound expectation first algorithm', 'convex optimization approach online regret minimization many method develop guarantee sqrt bound regret subdifferentiable convex loss function bound subgradients use reduction linear loss function suggest linear loss function tend hard one learn regardless underlying decision space investigate question systematic fashion look interplay set possible move decision maker adversarial environment allow u highlight sharp distinctive behavior learnability piecewise linear loss function one hand decision set decision maker polyhedron establish omega sqrt low bound regret large class piecewise linear loss function important application online linear optimization repeat zero sum stackelberg game online prediction side information online two stage optimization hand exhibit sqrt learn rate achieve follow leader algorithm online linear optimization boundary decision maker decision set curve lie convex hull environment decision set hence curvature decision maker decision set determine factor optimal learn rate result hold completely adversarial setting']",5196
15,65,15_svm_support vector_vector machine_support,"['svm', 'support vector', 'vector machine', 'support', 'svms', 'vector', 'machine svm', 'machine', 'nesvm', 'solver']","['train support vector machine svm require solution quadratic programming problem qp whose computational complexity become prohibitively expensive large scale datasets traditional optimization method cannot directly apply case mainly due memory restriction adopt slightly different objective function mild condition kernel use within model efficient algorithms train svms devise name core vector machine cvms framework exploit equivalence result learn problem task building minimal enclose ball meb problem feature space data implicitly embed kernel function paper improve cvm approach propose two novel method build svms base frank wolfe algorithm recently revisit fast method approximate solution meb problem contrast cvms algorithms require compute solution sequence increasingly complex qps define use analytic optimization step experiment large collection datasets show method scale good cvms case sometimes price slightly low accuracy cvms propose method easily extend machine learning problem binary classification however effective classifier also obtain use kernel satisfy condition require cvms thus use wider set problem', 'article propose new support vector machine svm train algorithm base distributed mapreduce technique literature lot research show u svm high generalization property among classification algorithm use machine learn area also svm classifier model affect correlation feature svm use quadratic optimization technique train phase svm algorithm formulate quadratic optimization problem quadratic optimization problem time space complexity training set size computation time svm training quadratic number training instance reason svm suitable classification algorithm large scale dataset classification solve training problem develop new distribute mapreduce method develop accordingly svm algorithm train distributed dataset individually ii merge support vector classifier model every trained node iii iterate two step classifier model converges optimal classifier function implementation phase large scale social medium dataset present tfxidf matrix matrix use sentiment analysis get polarization value two three class model create classification method confusion matrix classification model present table social medium message corpus consist public private university message turkey twitter use source corpus twitter user message collect use twitter stream api result show graphic table', 'support vector machine svms invaluable tool many practical application artificial intelligence e g classification event recognition however popular svm solver sufficiently efficient application great deal sample well large number feature paper thus present nesvm fast gradient svm solver optimize various svm model e g classical svm linear program svm least square svm compare svm perf cite svm perf cite perfml convergence rate solve dual svm upper bound mathcal sqrt k wherein k number iteration pegasos cite pegasos online svm converges rate mathcal k primal svm nesvm achieve optimal convergence rate mathcal k linear time complexity particular nesvm smoothes non differentiable hinge loss ell norm primal svm optimal gradient method without line search adopt solve optimization iteration round current gradient historical gradient combine determine descent direction lipschitz constant determines step size two matrix vector multiplication require iteration round therefore nesvm efficient exist svm solver addition nesvm available linear nonlinear kernel also propose homotopy nesvm accelerate nesvm dynamically decrease smooth parameter use continuation method experiment census income categorization indoor outdoor scene classification event recognition scene recognition suggest efficiency effectiveness nesvm matlab code nesvm available website assessment']",5196
16,65,16_metric_metric learn_distance_distance metric,"['metric', 'metric learn', 'distance', 'distance metric', 'near neighbor', 'neighbor', 'dml', 'mahalanobis', 'similarity', 'near']","['need appropriate way measure distance similarity data ubiquitous machine learn pattern recognition data mining handcraft good metric specific problem generally difficult lead emergence metric learning aim automatically learn metric data attract lot interest machine learn related field past ten year survey paper propose systematic review metric learning literature highlight pro con approach pay particular attention mahalanobis distance metric learn well study successful framework additionally present wide range method recently emerge powerful alternative include nonlinear metric learn similarity learn local metric learn recent trend extension semi supervise metric learn metric learn histogram data derivation generalization guarantee also cover finally survey address metric learn structure data particular edit distance learn attempt give overview remain challenge metric learn year come', 'panoply pattern classification technique enjoy intuitive appeal simplicity near neighbor rule give set sample metric domain space whose value function know estimate function anywhere domain give value near sample per metric generally one may use modal value near sample fix positive integer although know admissible sense large value asymptotically superior term prediction error near neighbor rule nonparametric extremely general require principle domain metric space classic paper technique prove convergence independent identically distribute iid sample due cover hart take sample costly much research recent year selective sample sample select pool candidate rank heuristic heuristic try guess candidate would informative sample lindenbaum et al apply selective sample near neighbor rule approach sacrifice austere generality cover hart furthermore heuristic algorithm complex computationally expensive report recent result enable selective sampling original cover hart set result pose three selection heuristic prove near neighbor rule prediction converge true pattern two algorithm computationally cheap complexity grow linearly number sample believe result constitute important advance art', 'crucial importance metric machine learn algorithm lead increase interest optimize distance similarity function area research know metric learn data consist feature vector large body work focus learn mahalanobis distance less work devote metric learning structured object string tree focus optimize notion edit distance identify two important limitation current metric learning approach first allow improve performance local algorithm k near neighbor metric learn global algorithm linear classifier study far second question generalization ability metric learn method largely ignore thesis propose theoretical algorithmic contribution address limitation first contribution derivation new kernel function build learn edit probability second contribution novel framework learn string tree edit similarity inspire recent theory e g good similarity function use uniform stability argument establish theoretical guarantee learn similarity give bound generalization error linear classifier build similarity third contribution extend idea metric learning feature vector propose bilinear similarity learn method efficiently optimize e g goodness generalization guarantee derive approach highlight method minimizes tighter bound generalization error classifier last contribution framework establish generalization bound large class exist metric learn algorithm base notion algorithmic robustness']",5196
17,60,17_crfs_conditional random_crf_sentence,"['crfs', 'conditional random', 'crf', 'sentence', 'random field', 'sequence label', 'parse', 'field crfs', 'prediction', 'spns']","['consider two model sequence label tag problem first one em pattern base conditional random field pb energy string chain label x x ldots x n n sum term interval j term non zero substring x ldots x j equal prespecified word w lambda second model em weight context free grammar wcfg frequently use natural language processing pb wcfg encode local non local interaction respectively thus view complementary propose em grammatical pattern base crf model gpb combine two natural way argue certain advantage exist approach em hybrid model bened sanchez combine em mbox n gram wcfgs focus paper analyze complexity inference task gpb compute map present polynomial time algorithm general gpbs faster version special case call em interaction grammar', 'conditional random field crfs undirected graphical model special case correspond conditionally train finite state machine key advantage model great flexibility include wide array overlap multi granularity non independent feature input face freedom important question remain feature use paper present feature induction method crfs found principle construct feature conjunction significantly increase log likelihood approach base della pietra et al altered work conditional rather joint probability additional modification provide tractability specifically sequence model comparison traditional approach automate feature induction offer improve accuracy order magnitude reduction feature count enables use rich high order markov model offer freedom liberally guess atomic feature may relevant task induction method applies linear chain crfs well arbitrary crf structure also know relational markov network taskar koller present experimental result name entity extraction task', 'conditional random field crf structural support vector machine structural svm two state art method structure prediction capture interdependency among output variable success method attribute fact discriminative model able account overlap feature whole input observation feature usually generate apply give set template label data improper template may lead degrade performance alleviate issue paper propose novel multiple template learning paradigm learn structure prediction importance template simultaneously hundred arbitrary template could add learn model without caution paradigm formulate special multiple kernel learn problem exponential number constraint introduce efficient cut plane algorithm solve problem primal convergence present also evaluate propose learn paradigm two widely study structure prediction task emph e sequence label dependency parse extensive experimental result show proposed method outperform crfs structural svms due exploit importance template complexity analysis empirical result also show propose method efficient onlinemkl sparse high dimensional data extend paradigm structure prediction use generalize p block norm regularization p experiment show competitive performance p']",5196
18,59,18_channel_radio_user_wireless,"['channel', 'radio', 'user', 'wireless', 'transmission', 'cognitive', 'arm', 'allocation', 'cognitive radio', 'primary']","['problem opportunistic spectrum access cognitive radio network recently formulate non bayesian restless multi arm bandit problem problem n arm correspond channel one player correspond secondary user state arm evolve finite state markov chain unknown parameter time slot player select k n arm play receives state dependent reward correspond throughput obtain give activity primary user objective maximize expect total reward e total throughput obtain multiple play performance algorithm multi arm bandit problem measure term regret define difference expect reward compare model aware genie always play best k arm paper propose new continuous exploration exploitation cee algorithm problem information available dynamic arm cee first algorithm guarantee near logarithmic regret uniformly time bound correspond stationary state distribution state dependent reward know show cee easily modify achieve logarithmic regret time contrast prior algorithm require additional information concern bound second eigenvalue transition matrix order guarantee logarithmic regret finally show numerical simulation cee efficient prior algorithms', 'classic bayesian restless multi arm bandit rmab problem n arm reward arm evolve time markov chain know parameter player seek activate k geq arm time order maximize expect total reward obtain multiple play rmab challenge problem know pspace hard general consider work even hard non bayesian rmab parameter markov chain assume unknown emph priori develop original approach problem applicable correspond bayesian problem structure depend know parameter value optimal solution one prescribe finite set policy setting propose learn optimal policy non bayesian rmab employ suitable meta policy treat policy finite set arm different non bayesian multi arm bandit problem single arm selection policy optimal demonstrate approach develop novel sensing policy opportunistic spectrum access unknown dynamic channel prove policy achieves near logarithmic regret difference expect reward compare model aware genie lead average reward achieve optimal policy know model first result literature non bayesian rmab proof also develop novel generalization chernoff hoeffding bound', 'classic bayesian restless multi arm bandit rmab problem n arm reward arm evolve time markov chain know parameter player seek activate k geq arm time order maximize expect total reward obtain multiple play rmab challenge problem know pspace hard general consider work even hard non bayesian rmab parameter markov chain assume unknown emph priori develop original approach problem applicable correspond bayesian problem structure depend know parameter value optimal solution one prescribe finite set policy setting propose learn optimal policy non bayesian rmab employ suitable meta policy treat policy finite set arm different non bayesian multi arm bandit problem single arm selection policy optimal demonstrate approach develop novel sensing policy opportunistic spectrum access unknown dynamic channel prove policy achieves near logarithmic regret difference expect reward compare model aware genie lead average reward achieve optimal policy know model first result literature non bayesian rmab']",5196
19,56,19_dictionary_sparse cod_cod_sparse,"['dictionary', 'sparse cod', 'cod', 'sparse', 'dictionary learn', 'learn dictionary', 'atom', 'overcomplete', 'sparse code', 'sparse representation']","['sparse recovery give matrix dictionary vector form x x sparse goal recover x central notion signal processing statistic machine learn application sparse cod edge detection compression super resolution dictionary unknown learn random example form ax x drawn appropriate distribution dictionary learning problem setting overcomplete column row paper present polynomial time algorithm learn overcomplete dictionary previously know algorithm provable guarantee recent work spielman wang wright give algorithm full rank case rarely case application algorithm applies incoherent dictionary central object study since introduce seminal work donoho huo particular dictionary mu incoherent pair columns inner product mu sqrt n algorithm make natural stochastic assumption unknown sparse vector x contain k leq c min sqrt n mu log n eta non zero entry eta close best k allowable best sparse recovery algorithms even one know dictionary exactly moreover run time sample complexity depend log epsilon epsilon target accuracy algorithms converge quickly true dictionary algorithm also tolerate substantial amount noise provide incoherent respect dictionary e g gaussian noisy set running time sample complexity depend polynomially epsilon necessary', 'popular approach within signal processing machine learn community consist model signal sparse linear combination atom select learn dictionary paradigm lead numerous empirical success various field range image audio process theoretical argument support evidence particular sparse cod sparse dictionary learning relies non convex procedure whose local minimum fully analyze yet paper consider probabilistic model sparse signal show high probability sparse cod admits local minimum around reference dictionary generating signal study take account case complete dictionary noisy signal thus extend previous work limit noiseless setting complete dictionary analysis conduct non asymptotic make possible understand key quantity problem coherence level noise scale respect dimension signal number atom sparsity number observation', 'popular approach within signal processing machine learn community consist model signal sparse linear combination atom select learn dictionary paradigm lead numerous empirical success various field range image audio process theoretical argument support evidence particular sparse cod sparse dictionary learning relies non convex procedure whose local minimum fully analyze yet paper consider probabilistic model sparse signal show high probability sparse cod admits local minimum around reference dictionary generating signal study take account case complete dictionary noisy signal possible outlier thus extend previous work limit noiseless setting complete dictionary analysis conduct non asymptotic make possible understand key quantity problem coherence level noise scale respect dimension signal number atom sparsity number observation']",5196
20,54,20_nmf_nonnegative_nonnegative matrix_factorization nmf,"['nmf', 'nonnegative', 'nonnegative matrix', 'factorization nmf', 'factorization', 'matrix factorization', 'source separation', 'separation', 'non negative', 'negative matrix']","['present novel graphical framework model non negative sequential data hierarchical structure model correspond network couple non negative matrix factorization nmf module refer positive factor network pfn data model linear subject non negativity constraint observation data consist additive combination individually representable observation also representable network desirable property model problem computational auditory scene analysis since distinct sound source environment often well model combine additively correspond magnitude spectrogram propose inference learn algorithms leverage exist nmf algorithms straightforward implement present target track example provide result synthetic observation data serve illustrate interesting property pfns motivate potential usefulness application music transcription source separation speech recognition show target process characterize hierarchical state transition model represent pfn result illustrate pfn define term single target observation use effectively track state multiple simultaneous target result show quality infer target state degrade gradually observation noise increase also present result example meaningful hierarchical feature extract spectrogram hierarchical representation could useful music transcription source separation application also propose network language modeling', 'non negative matrix factorization nmf approximate non negative matrix x product two non negative low rank factor matrix w h nmf extension minimize either kullback leibler divergence euclidean distance x w h model poisson noise gaussian noise practice noise distribution heavy tail cannot perform well paper present manhattan nmf mahnmf minimize manhattan distance x w h model heavy tail laplacian noise similar sparse low rank matrix decomposition mahnmf robustly estimate low rank part sparse part non negative matrix thus perform effectively data contaminate outlier extend mahnmf various practical application develop box constrain mahnmf manifold regularized mahnmf group sparse mahnmf elastic net induce mahnmf symmetric mahnmf major contribution paper lie two fast optimization algorithm mahnmf extension rank one residual iteration rri method nesterov smooth method particular approximate residual matrix outer product one row w one row h mahnmf develop rri method iteratively update variable w h close form solution although rri efficient small scale mahnmf extension neither scalable large scale matrix flexible enough optimize mahnmf extension since objective function mahnmf extension neither convex smooth apply nesterov smooth method recursively optimize one factor matrix another matrix fix set smooth parameter inversely proportional iteration number improve approximation accuracy iteratively mahnmf extension', 'nonnegative matrix factorization nmf problem give n time nonnegative matrix integer r goal express w w nonnegative matrix size n time r r time respectively application make sense ask instead product aw approximate e approximately minimize norm aw f norm f denote frobenius norm refer approximate nmf problem rich history span quantum mechanic probability theory data analysis polyhedral combinatorics communication complexity demography chemometrics etc past decade nmf become enormously popular machine learn w compute use variety local search heuristic vavasis prove problem np complete initiate study problem solvable polynomial time give polynomial time algorithm exact approximate nmf every constant r indeed nmf interesting application precisely r small complement hardness result exact nmf solve time nm r sit sub exponential time algorithm rule substantial improvement algorithm give algorithm run time polynomial n r separablity condition identify donoho stodden algorithm may practical since simple noise tolerant benign assumption separability believe hold many practical setting best knowledge last result first example polynomial time algorithm provably work non trivial condition input believe interest important direction future work']",5196
21,53,21_active_active learn_label complexity_tsybakov,"['active', 'active learn', 'label complexity', 'tsybakov', 'label', 'passive', 'tsybakov noise', 'noise', 'base active', 'query']","['many classification problem unlabelled data abundant subset choose label defines context active learn al method systematically select subset improve classifier retrain give classification problem classifier train small number label example consider selection single example example label oracle use retrain classifier example selection raise central question give fully specify stochastic description classification problem example optimal selection optimality define term loss definition directly produce expect loss reduction elr central quantity whose maximum yield optimal example selection work present new theoretical approach al example quality define optimal al behaviour term elr optimal al behaviour define mathematically reason abstraction provide insight al theoretical context optimal selection compare exist al method show heuristic make sub optimal selection algorithms construct estimate example quality directly large scale experimental study show algorithms competitive standard al method', 'present simple noise robust margin base active learn algorithm find homogeneous pass origin linear separator analyze error convergence label corrupt noise show imposed noise satisfies tsybakov low noise condition mammen tsybakov others tsybakov algorithm able adapt unknown level noise achieve optimal statistical rate poly logarithmic factor also derive low bound margin base active learn algorithms tsybakov noise condition tnc membership query synthesis scenario angluin result implies low bound stream base selective sampling scenario cohn tnc fairly simple data distribution quite surprisingly show sample complexity cannot improve even underlie data distribution simple uniform distribution unit ball proof involve construction well separated hypothesis set dimensional unit ball along carefully design label distribution tsybakov noise condition analysis might provide insight form low bound well', 'active learn refers learn protocol learner allow choose subset instance label previous study show compare passive learn active learn able reduce label complexity exponentially data linearly separable satisfy tsybakov noise condition parameter kappa paper propose novel active learning algorithm use convex surrogate loss goal broaden case active learn achieves exponential improvement make use convex loss reduces computational cost importantly lead tight bound empirical process e difference empirical estimation expectation current solution close optimal one assumption norm optimal classifier minimize convex risk available analysis show introduction convex surrogate loss yield exponential reduction label complexity even parameter kappa tsybakov noise large best knowledge first work improve minimax rate active learn utilizing certain priori knowledge']",5196
22,52,22_mixture_dirichlet_regression mixture_dirichlet mixture,"['mixture', 'dirichlet', 'regression mixture', 'dirichlet mixture', 'em', 'curve', 'regime change', 'expectation maximization', 'gaussians', 'mixture gaussians']","['regression mixture model widely study statistic machine learn data analysis fit regression mixture challenge usually perform maximum likelihood use expectation maximization em algorithm however well know initialization crucial em initialization inappropriately perform em algorithm may lead unsatisfactory result em algorithm also require number cluster give priori problem select number mixture component require use model selection criterion choose one set pre estimate candidate model propose new fully unsupervised algorithm learn regression mixture model unknown number component develop unsupervised learning approach consist penalized maximum likelihood estimation carry robust expectation maximization em algorithm fit polynomial spline b spline regression mixture propose learn approach fully unsupervised simultaneously infers model parameter optimal number regression mixture component data learn proceeds rather two fold scheme standard model base cluster use afterward model selection criterion require accurate initialization unlike standard em regression mixture develop approach apply curve cluster problem numerical experiment simulate data show propose robust em algorithm performs well provide accurate result term robustness regard initialization retrieve optimal partition actual number cluster application real data framework functional data cluster confirms benefit propose approach practical application', 'paper study model classification functional data present regime change time propose new model base functional mixture discriminant analysis approach base specific hidden process regression model govern regime change time approach particularly adapt handle problem complex shape class curve class potentially compose several sub class deal regime change within homogeneous sub class propose model explicitly integrate heterogeneity class curve via mixture model formulation regime change within sub class hidden logistic process class complex shape curve model finite number homogeneous cluster decompose several regime model parameter class learn maximize observe data log likelihood use dedicated expectation maximization em algorithm comparison perform alternative curve classification approach include functional linear discriminant analysis functional mixture discriminant analysis polynomial regression mixture spline regression mixture result obtain simulated data real data show propose approach outperform alternative approach term discrimination significantly improve curve approximation', 'statistical approach functional data analysis concern paradigm individual function curve rather finite dimensional vector paper particularly focus model classification functional data temporal curve present regime change time specifically propose new mixture model base discriminant analysis approach functional data use specific hidden process regression model approach particularly adapt handle problem complex shape class curve class compose several sub class deal regime change within homogeneous sub class model explicitly integrate heterogeneity class curve via mixture model formulation regime change within sub class hidden logistic process approach allow therefore fitting flexible curve model class complex shape curve present regime change unsupervised learn scheme automatically summarize finite number homogeneous cluster decompose several regime model parameter learn maximize observe data log likelihood class use dedicated expectation maximization em algorithm comparison simulate data real data alternative approach include functional linear discriminant analysis functional mixture discriminant analysis polynomial regression mixture spline regression mixture show proposed approach provide good result regard discrimination result significantly improve curve approximation']",5196
23,51,23_manifold_riemannian_riemannian manifold_manifold learn,"['manifold', 'riemannian', 'riemannian manifold', 'manifold learn', 'geometry', 'geodesic', 'embed', 'distance function', 'topological', 'lle']","['recent advance suggest wide range computer vision problem address appropriately consider non euclidean geometry paper tackle problem sparse cod dictionary learn space symmetric positive definite matrix form riemannian manifold aid recently introduce stein kernel relate symmetric version bregman matrix divergence propose perform sparse cod embed riemannian manifold reproduce kernel hilbert space lead convex kernel version lasso problem solve efficiently furthermore propose algorithm learn riemannian dictionary use sparse cod closely tie stein kernel experiment several classification task face recognition texture classification person identification show propose sparse cod approach achieves notable improvement discrimination accuracy comparison state art method tensor sparse cod riemannian locality preserve projection symmetry drive accumulation local feature', 'sparsity base representation recently lead notable result various visual recognition task separate line research riemannian manifold show useful deal feature model lie euclidean space aim build bridge two realm address problem sparse cod dictionary learn space linear subspace form riemannian structure know grassmann manifold end propose embed grassmann manifold space symmetric matrix isometric map turn enable u extend two sparse cod scheme grassmann manifold furthermore propose closed form solution learn grassmann dictionary atom atom lastly handle non linearity data extend propose grassmann sparse cod dictionary learn algorithms embed hilbert space experiment several classification task gender recognition gesture classification scene analysis face recognition action recognition dynamic texture classification show propose approach achieve considerable improvement discrimination accuracy comparison state art method kernelized affine hull method graph embed grassmann discriminant analysis', 'information geometry apply concepts differential geometry probability statistic especially useful parameter estimation exponential family parameter know lie riemannian manifold connection geometric property induce manifold statistical property estimation problem well establish however develop first order method scale large problem less focus information geometry community best know algorithm incorporate manifold structure second order natural gradient descent algorithm introduce amari hand stochastic approximation method lead development first order method optimize noisy objective function recent generalization robbins monro algorithm know mirror descent develop nemirovski yudin first order method induces non euclidean geometry however current analysis mirror descent precisely characterize induced non euclidean geometry consider performance term statistical relative efficiency paper prove mirror descent induce bregman divergence equivalent natural gradient descent algorithm dual riemannian manifold use equivalence follow mirror descent steepest descent direction along riemannian manifold exponential family mirror descent log likelihood loss apply parameter estimation exponential family asymptotically achieve classical cram er rao low bound natural gradient descent manifold correspond exponential family implement first order method mirror descent']",5196
24,49,24_kernel_mkl_kernel learn_multiple kernel,"['kernel', 'mkl', 'kernel learn', 'multiple kernel', 'operator value', 'value kernel', 'reproduce kernel', 'reproduce', 'learn kernel', 'kernel ridge']","['multiple kernel learn mkl support vector machine svms popular front research recent time due success application problem like object categorization success due fact mkl ability choose variety feature kernel identify optimal kernel combination initial formulation mkl able select best feature miss many informative kernel present overcome lp norm base formulation propose kloft et al formulation capable choose non sparse set kernel control parameter p unfortunately parameter p direct meaning number kernel select observed stricter control number kernel select give u edge technique term accuracy classification also help u fine tune algorithm time requirement hand work propose control sparsity kernel learn cskl formulation strictly control number kernel wish select cskl formulation introduces parameter directly correspond number kernel select important note search space finite fast compare p also provide efficient reduced gradient descent base algorithm solve cskl formulation proven converge experiment caltech object categorization dataset also show one achieve good accuracy previous formulation right choice', 'propose general matrix value multiple kernel learn framework high dimensional nonlinear multivariate regression problem framework allows broad class mixed norm regularizers include induce sparsity impose dictionary vector value reproduce kernel hilbert space develop highly scalable eigendecomposition free algorithm orchestrate two inexact solver simultaneously learn input output component separable matrix value kernel key application enable framework show high dimensional causal inference task naturally cast sparse function estimation problem lead novel nonlinear extension class graphical granger causality technique algorithmic development extensive empirical study complement theoretical analysis term rademacher generalization bound', 'propose general matrix value multiple kernel learn framework high dimensional nonlinear multivariate regression problem framework allows broad class mixed norm regularizers include induce sparsity impose dictionary vector value reproduce kernel hilbert space develop highly scalable eigendecomposition free algorithm orchestrate two inexact solver simultaneously learn input output component separable matrix value kernel key application enable framework show high dimensional causal inference task naturally cast sparse function estimation problem lead novel nonlinear extension class graphical granger causality technique algorithmic development extensive empirical study complement theoretical analysis term rademacher generalization bound']",5196
25,48,25_neuron_deep_neural network_unit,"['neuron', 'deep', 'neural network', 'unit', 'neural', 'network', 'activation', 'stochastic neuron', 'activation function', 'pretraining']","['stochastic neuron useful number reason deep learn model many case pose challenge problem estimate gradient loss function respect input stochastic neuron e back propagate stochastic neuron examine question exist approach present two novel family solution applicable different setting particular demonstrate simple biologically plausible formula give rise unbiased noisy estimator gradient respect binary stochastic neuron fire probability unlike estimator view noise small perturbation order estimate gradient finite difference estimator unbiased even without assume stochastic perturbation small estimator also interest apply general setting allow gradient back propagation include estimation gradient respect future reward require reinforcement learn setup also propose approach approximate unbiased high variance estimator learn predict use bias estimator second approach propose assume estimator gradient back propagate provide unbiased estimator gradient work non linearity unlike hard threshold like rectifier flat range similar traditional sigmoidal unit advantage many input hard decision e g output produce would convenient conditional computation achieve sparse representation sparse gradient', 'despite widespread practical success deep learning method theoretical understand dynamic learn deep neural network remain quite sparse attempt bridge gap theory practice deep learn systematically analyze learn dynamic restrict case deep linear neural network despite linearity input output map network nonlinear gradient descent dynamic weight change addition new hidden layer show deep linear network exhibit nonlinear learn phenomenon similar see simulation nonlinear network include long plateau follow rapid transition low error solution faster convergence greedy unsupervised pretraining initial condition random initial condition provide analytical description phenomenon find new exact solution nonlinear dynamic deep learn theoretical analysis also reveal surprising find depth network approach infinity learn speed nevertheless remain finite special class initial condition weight deep network incur finite depth independent delay learn speed relative shallow network show certain condition train data unsupervised pretraining find special class initial condition scale random gaussian initialization cannot exhibit new class random orthogonal initial condition weight like unsupervised pre training enjoy depth independent learn time show initial condition also lead faithful propagation gradient even deep nonlinear network long operate special regime know edge chaos', 'stochastic neuron hard non linearity useful number reason deep learn model many case pose challenge problem estimate gradient loss function respect input stochastic non smooth neuron e back propagate stochastic neuron examine question exist approach compare four family solution applicable different setting one minimum variance unbiased gradient estimator stochatic binary neuron special case reinforce algorithm second approach introduce decomposes operation binary stochastic neuron stochastic binary part smooth differentiable part approximate expect effect pure stochatic binary neuron first order third approach involve injection additive multiplicative noise computational graph otherwise differentiable fourth approach heuristically copy gradient respect stochastic output directly estimator gradient respect sigmoid argument call straight estimator explore context estimator useful consider small scale version em conditional computation sparse stochastic unit form distribute representation gaters turn combinatorially many way large chunk computation perform rest neural network case important gate unit produce actual time result sparsity potentially exploit greatly reduce computational cost large deep network conditional computation would useful']",5196
26,47,26_ensemble_diversity_classifier_ensemble classifier,"['ensemble', 'diversity', 'classifier', 'ensemble classifier', 'imbalanced', 'diversity measure', 'measure', 'detrimental', 'classifier ensemble', 'confusion']","['study new stack generalization technique call fuzzy stack generalization fsg propose minimize difference n sample large sample classification error near neighbor classifier propose fsg employ new hierarchical distance learn strategy minimize error difference purpose first construct ensemble base layer fuzzy k near neighbor k nn classifier receive different feature set extracted sample set fuzzy membership value compute decision space fuzzy k nn classifier concatenate form feature vector fusion space finally feature vector feed meta layer classifier learn degree accuracy decision base layer classifier meta layer classification rather power individual base layer classifier diversity cooperation classifier become important issue improve overall performance propose fsg weak base layer classifier may boost overall performance strong classifier capable recognize sample recognize rest classifier feature space experiment explore type collaboration among individual classifier require improved performance suggest architecture experiment multiple feature real world datasets show propose fsg performs well state art ensemble learning algorithm adaboost random subspace rotation forest hand compatible performance observe experiment single feature multi attribute datasets', 'ensemble classifier eoc show effective improve performance single classifier combine output one important property involve selection best eoc pool classifier consider classifier diversity general classifier diversity occur randomly generate systematically various ensemble creation method use diverse data subset train classifier method create diverse classifier eoc work propose scheme measure data diversity directly random subspace explore possibility use select best data subset construction eoc scheme first ensemble selection method present literature base concept data diversity main advantage traditional framework ensemble creation selection obviates need classifier train prior ensemble selection single genetic algorithm ga multi objective genetic algorithm moga evaluate search best solution classifier free ensemble selection case objective function base different cluster diversity measure implement test result obtain propose classifier free ensemble selection method compare traditional classifier base ensemble selection use mean classifier error majority vote error mve applicability method test uci machine learn problem nist sd handwritten numeral', 'classifier ensemble generally combine diverse component classifier however difficult give definitive connection diversity measure ensemble accuracy give list available component classifier adaptively diversely ensemble classifier becomes big challenge literature paper argue diversity direct diversity sample adaptive diversity data highly correlate ensemble accuracy propose novel technology classifier ensemble learn diversify learn adaptively combine classifier consider accuracy diversity specifically approach learn diversify via weighted kernel l dwk performs classifier combination optimize direct simple criterion maximize ensemble accuracy adaptive diversity simultaneously minimize convex loss function give measure formulation diversity calculate weighted kernel e diversity measure component classifier output kernelled weighted kernel weight automatically learn minimize loss function estimate kernel weight conjunction classifier weight propose self training algorithm conduct convex optimization procedure iteratively extensive experiment variety uci classification benchmark datasets show propose approach consistently outperform state art ensembles bag adaboost random forest gasen regularize selective ensemble ensemble prune via semi definite programming']",5196
27,47,27_sparse signal_measurement_signal_recovery,"['sparse signal', 'measurement', 'signal', 'recovery', 'compress', 'compress sense', 'sparse', 'sense', 'recover', 'compressive']","['statistical inference information processing high dimensional data often require efficient accurate estimation second order statistic rapidly change data limit process power storage acquisition device desirable extract covariance structure single pas data small number store measurement paper explore quadratic rank one measurement model impose minimal memory requirement low computational complexity sample process show optimal preserve various low dimensional covariance structure specifically four popular structural assumption covariance matrix namely low rank toeplitz low rank sparsity jointly rank one sparse structure investigate recovery achieve via convex relaxation paradigm respective structure propose quadratic sample framework variety potential application include stream data process high frequency wireless communication phase space tomography phase retrieval optic non coherent subspace detection method admit universally accurate covariance estimation absence noise soon number measurement exceed information theoretic limit also demonstrate robustness approach noise imperfect structural assumption analysis establish upon novel notion call mixed norm restrict isometry property rip ell ell well conventional rip ell ell near isotropic bound measurement addition result improve upon best know phase retrieval include dense sparse signal guarantee use phaselift significantly simpler approach', 'paper present linear program solution sign pattern recovery sparse signal noisy random projection signal consider two type noise model input noise noise enters random projection output noise noise enters random projection sign pattern recovery involve estimation sign pattern sparse signal idea pretend noise exists solve noiseless ell problem namely min beta g beta quantize result solution show quantized solution perfectly reconstruct sign pattern sufficiently sparse signal specifically show sign pattern arbitrary k sparse n dimensional signal x recover snr omega log n measurement scale omega k log n k sparsity level k satisfy k leq alpha n alpha sufficiently small positive constant surprisingly bound match optimal emph max likelihood performance bound term snr require number measurement admissible sparsity level order wise sense contrast result previous result base lasso max correlation technique either assume significantly large snr sublinear sparsity level restrictive assumption signal set proof technique base noisy perturbation noiseless ell problem estimate maximum admissible noise level sign pattern recovery fails', 'novel framework compress sense namely statistical compress sense sc aim efficiently sample collection signal follow statistical distribution achieve accurate reconstruction average introduce sc base gaussian model investigate depth signal follow single gaussian model gaussian bernoulli sense matrix k measurement considerably small k log n k require conventional c base sparse model n signal dimension optimal decoder implement via linear filter significantly faster pursuit decoder apply conventional cs error scs show tightly upper bound constant time best k term approximation error overwhelm probability failure probability also significantly small conventional sparsity orient c stronger yet simpler result show sense matrix error gaussian sc upper bound constant time best k term approximation probability one bound constant efficiently calculate gaussian mixture model gmms assume multiple gaussian distribution signal follow one unknown index piecewise linear estimator introduce decode scs accuracy model selection heart piecewise linear decoder analyze term property gaussian distribution number sense measurement maximum posteriori expectation maximization algorithm iteratively estimates gaussian model parameter signal model selection decodes signal present gmm base scs real image sense application gmm base scs show lead improve result compare conventional c considerably low computational cost']",5196
28,47,28_graphical_gaussian graphical_gaussian_inverse covariance,"['graphical', 'gaussian graphical', 'gaussian', 'inverse covariance', 'covariance matrix', 'covariance', 'ggms', 'fvs', 'sparse gaussian', 'likelihood']","['gaussian graphical model ggms gauss markov random field widely use many application trade model capacity efficiency learn inference important research problem paper study family ggms small feedback vertex set fvss fvs set node whose removal break cycle exact inference compute marginal distribution partition function complexity k n use message pass algorithms k size fvs n total number node propose efficient structure learn algorithms two case node observe useful model social flight network fvs node often correspond small number high degree node hubs rest network model tree regardless maximum degree without know full graph structure exactly compute maximum likelihood estimate kn n log n fvs know polynomial time fvs unknown bound size fvs node latent variable structure learn equivalent decompose inverse covariance matrix exactly approximately sum tree structure matrix low rank matrix incorporate efficient inference learn step obtain learn algorithm use alternate low rank correction complexity kn n log n per iteration also perform experiment use synthetic data well real data flight delay demonstrate model capacity fvss various size', 'consider distribute estimation inverse covariance matrix also call concentration precision matrix gaussian graphical model traditional centralized estimation often require global inference covariance matrix computationally intensive large dimension approximate inference base message pass algorithms hand lead unstable biased estimation loopy graphical model paper propose general framework distribute estimation base maximum marginal likelihood mml approach approach compute local parameter estimate maximize marginal likelihood define respect data collect local neighborhood due non convexity mml problem introduce solve convex relaxation local estimate combine global estimate without need iterative message pass neighborhood propose algorithm naturally parallelizable computationally efficient thereby make suitable high dimensional problem classical regime number variable p fix number sample increase infinity propose estimator show asymptotically consistent improve monotonically local neighborhood size increase high dimensional scaling regime p increase infinity convergence rate true parameter derive see comparable centralized maximum likelihood estimation extensive numerical experiment demonstrate improve performance two hop version propose estimator suffices almost close gap centralize maximum likelihood estimator reduce computational cost', 'paper consider task estimate non zero pattern sparse inverse covariance matrix zero mean gaussian random vector set iid sample note also equivalent recover underlying graph structure sparse gaussian markov random field gmrf present two novel greedy approach solve problem first estimate non zero covariates overall inverse covariance matrix use series global forward backward greedy step second estimate neighborhood node graph separately use greedy forward backward step combine intermediate neighborhood form overall estimate principal contribution paper rigorous analysis sparsistency consistency recover sparsity pattern inverse covariance matrix surprisingly show local global greedy method learn full structure model high probability give log p sample emph significant improvement state art ell regularize gaussian mle graphical lasso require log p sample moreover restrict eigenvalue smoothness condition impose greedy method much weak strong irrepresentable condition require ell regularization base method corroborate result extensive simulation example compare local global greedy method ell regularize gaussian mle well neighborhood greedy method nodewise ell regularize linear regression neighborhood lasso']",5196
29,46,29_bethe_free energy_bethe free_belief propagation,"['bethe', 'free energy', 'bethe free', 'belief propagation', 'bp', 'partition function', 'energy', 'belief', 'propagation', 'marginals']","['context inference expectation constraint propose approach base loopy belief propagation algorithm lbp surrogate exact markov random field mrf model prior information compose correlation among large set n variable encode graphical model encode optimized respect approximate decode procedure lbp use infer hidden variable observe subset focus situation underlie data many different statistical component represent variety independent pattern consider single parameter family model show lbp may use encode decode efficiently information without solve np hard inverse problem yield optimal mrf contrary usual practice work non convex bethe free energy minimization framework manage associate belief propagation fix point component underlie probabilistic mixture mean field limit consider yield exact connection hopfield model finite temperature steady state number mixture component proportional number variable addition provide enhance learning procedure base straightforward multi parameter extension model conjunction effective continuous optimization procedure perform use stochastic search heuristic cmaes yield significant improvement respect single parameter basic model', 'investigate different way generate approximate solution pairwise markov random field mrf selection problem focus mainly inverse ising problem discus also somewhat related inverse gaussian problem type mrf suitable inference task belief propagation algorithm bp certain condition approach consists take bethe mean field solution obtain maximum spanning tree mst pairwise mutual information refer emph bethe reference point perturbation procedure consider three different way follow idea first one select calibrate iteratively optimal link add start bethe reference point second one base observation natural gradient compute analytically bethe point third one assume local field use low temperature expansion develop dual loop joint model base well choose fundamental cycle basis indeed identify subclass planar model refer emph bethe dual graph model possibly many loop characterize singly connect dual factor graph partition function linear response compute exactly respectively n n operation thanks dual weight propagation dwp message passing procedure set restricted subclass model inverse ising problem convex become tractable temperature experimental test various datasets refine l l regularization procedure indicate approach may competitive useful alternative exist one', 'consider computation permanent positive n time n non negative matrix p p j j cdots n equivalently problem weight count perfect matchings complete bipartite graph k n n problem know likely exponential complexity state partition function z graphical model problem allow exact loop calculus representation chertkov chernyak term interior minimum bethe free energy functional non integer doubly stochastic matrix marginal belief beta beta j j cdots n also correspondent fix point iterative message pass algorithm belief propagation bp type main result explicit expression exact partition function permanent term matrix bp marginals beta z mbox perm p z bp mbox perm beta j beta j prod j beta j z bp bp expression permanent state explicitly term beta give two derivation formula direct one base bethe free energy alternative one combine ihara graph zeta function loop calculus approach assume matrix beta belief propagation marginals calculate provide two low bound one upper bound estimate multiplicative term two complementary low bound base gurvits van der waerden theorem relation modify permanent determinant respectively']",5196
30,45,30_ml_graphlab_mapreduce_distribute,"['ml', 'graphlab', 'mapreduce', 'distribute', 'parallel', 'ml algorithms', 'library', 'cpu usage', 'clock cycle', 'usage clock']","['exception field machine learn ml research largely ignore browser computational engine beyond educational resource ml browser vast potential improve state art ml research also inexpensively massive scale bring sophisticated ml learn prediction public large paper introduces mlitb prototype ml framework write entirely javascript capable perform large scale distribute compute heterogeneous class device development mlitb driven several underlie objective whose aim make ml learning usage ubiquitous use ubiquitous compute device cheap effortlessly distribute collaborative achieve allow every internet capable device run train algorithms predictive model software installation save model universally readable format prototype library capable training deep neural network synchronize distribute stochastic gradient descent mlitb offer several important opportunity novel ml research include development distribute learn algorithms advancement web gpu algorithms novel field mobile application privacy preserve compute green grid compute mlitb available open source software', 'design implement efficient provably correct parallel machine learn ml algorithm challenge exist high level parallel abstraction like mapreduce insufficiently expressive low level tool like mpi pthreads leave ml expert repeatedly solve design challenge target common pattern ml develop graphlab improves upon abstraction like mapreduce compactly express asynchronous iterative algorithm sparse computational dependency ensure data consistency achieve high degree parallel performance demonstrate expressiveness graphlab framework design implement parallel version belief propagation gibbs sample co em lasso compress sense show use graphlab achieve excellent parallel performance large scale real world problem', 'design implement efficient provably correct parallel machine learn ml algorithm challenge exist high level parallel abstraction like mapreduce insufficiently expressive low level tool like mpi pthreads leave ml expert repeatedly solve design challenge target common pattern ml develop graphlab improves upon abstraction like mapreduce compactly express asynchronous iterative algorithm sparse computational dependency ensure data consistency achieve high degree parallel performance demonstrate expressiveness graphlab framework design implement parallel version belief propagation gibbs sample co em lasso compress sense show use graphlab achieve excellent parallel performance large scale real world problem']",5196
31,45,31_causal_cause_causal inference_causal discovery,"['causal', 'cause', 'causal inference', 'causal discovery', 'variable', 'latent variable', 'common cause', 'cointegration', 'structural equation', 'rfci']","['variety discipline social science psychology medicine economics record data consider noisy measurement latent variable connect causal structure correspond family graphical model know structural equation model latent variable linear non gaussian variant well study inference nonparametric structural equation model still underdevelop introduce sparse gaussian process parameterization defines non linear structure connect latent variable unlike common formulation gaussian process latent variable model sparse parameterization give full bayesian treatment without compromise markov chain monte carlo efficiency compare stability sample procedure predictive ability model current practice', 'discovery causal relationship purely observational data fundamental problem science elementary form causal discovery problem decide whether x cause alternatively cause x give joint observation two variable x example decide whether altitude cause temperature vice versa give joint measurement variable even simplify assumption confound feedback loop selection bias bivariate causal discovery problem challenge nevertheless several approach address problem propose recent year review two family method additive noise method anm information geometric causal inference igci present benchmark causeeffectpairs consist data different cause effect pair select datasets various domain e g meteorology biology medicine engineering economy etc motivate decision regard ground truth causal direction pair evaluate performance several bivariate causal discovery method real world benchmark data addition artificially simulate data empirical result real world data indicate certain method indeed able distinguish cause effect use purely observational data although benchmark data would need obtain statistically significant conclusion one best perform method overall additive noise method originally propose hoyer et al obtains accuracy auc real world benchmark main theoretical contribution work prove consistency method', 'correlation measure use discern statistical relationship observe variable almost branch data driven scientific inquiry really interested existence causal dependence design efficient causality test may carry absence restrictive pre supposition underlie dynamical structure data hand non trivial nevertheless ability computationally infer statistical prima facie evidence causal dependence may yield far discriminative tool data analysis compare calculation simple correlation present work present new non parametric test granger causality quantize symbolic data stream generate ergodic stationary source contrast state art binary test approach make precise computes degree causal dependence data stream without make restrictive assumption linearity otherwise additionally without priori imposition specific dynamical structure infer explicit generative model causal cross dependence may use prediction explicit model represent generalized probabilistic automaton refer cross automata show sufficient capture fairly general class causal dependence propose algorithms computationally efficient pac sense e find good model cross dependence high probability polynomial run time sample complexity theoretical result apply weekly search frequency data google trend api choose set socially charge keywords causality network infer dataset reveals quite expectedly causal importance certain keywords also illustrate correlation analysis fail gather insight']",5196
32,44,32_ranking_rank_ndcg_learn rank,"['ranking', 'rank', 'ndcg', 'learn rank', 'rank aggregation', 'pairwise comparison', 'riffle', 'list', 'skill', 'preference']","['question aggregate pair wise comparison obtain global ranking collection object interest long time rank online gamers e g msr trueskill system chess player aggregate social opinion decide product sell base transaction setting addition obtain rank find score object e g player rating interest understand intensity preference paper propose rank centrality iterative rank aggregation algorithm discover score object item pair wise comparison algorithm natural random walk interpretation graph object edge present pair object compare score call rank centrality object turn stationary probability random walk study efficacy algorithm consider popular bradley terry luce btl model equivalent multinomial logit mnl pair wise comparison object associate score determines probabilistic outcome pair wise comparison object term pair wise marginal probability main subject paper mnl model btl model identical bound finite sample error rate score assume btl model estimate algorithm particular number sample require learn score well high probability depend structure comparison graph laplacian comparison graph strictly positive spectral gap e g item compare subset randomly choose item lead dependence number sample nearly order optimal', 'extend recently introduce theory lovasz bregman lb divergence iyer bilmes several way show represent distortion score order thus provide new view rank aggregation order base cluster interesting connection web rank show lb divergence number property akin many permutation base metric fact special case form similar kendall tau metric also show lb divergence subsume number commonly use ranking measure information retrieval like ndcg auc unlike traditional permutation base metric however lb divergence naturally capture notion confidence ordering thus provide new representation application involve aggregate score oppose ordering show number recently use web rank model form lovasz bregman rank aggregation also observe natural form mallow model use lb divergence use conditional ranking model learn rank problem', 'extend recently introduce theory lovasz bregman lb divergence iyer bilmes several way show represent distortion score order thus provide new view rank aggregation order base cluster interesting connection web rank show lb divergence number property akin many permutation base metric fact special case form similar kendall tau metric also show lb divergence subsume number commonly use ranking measure information retrieval like ndcg auc unlike traditional permutation base metric however lb divergence naturally capture notion confidence ordering thus provide new representation application involve aggregate score oppose ordering show number recently use web rank model form lovasz bregman rank aggregation also observe natural form mallow model use lb divergence use conditional ranking model learn rank problem']",5196
33,41,33_hmm_hmms_hidden markov_hidden,"['hmm', 'hmms', 'hidden markov', 'hidden', 'viterbi', 'markov', 'markov hmms', 'markov hmm', 'viterbi alignment', 'sequence']","['motivate unceasing interest hidden markov model hmms paper examines hidden path inference model use primarily risk base framework common maximum posteriori map viterbi path estimator minimum error posterior decoder pd long around path estimator decoder either hint apply recently dedicate application generally unfamiliar statistical learn community decade ago however family algorithmically define decoder aim hybridize two standard one propose brushe et al present paper give careful analysis hybridization approach identify several problem issue previously propose approach propose practical resolution furthermore simple modification classical criterion hidden path recognition show lead new class decoder dynamic program algorithms compute decoder usual forward backward manner present particularly interesting subclass estimator also view hybrid map pd estimator similar previously propose map pd hybrid new class parameterized small number tunable parameter unlike algorithmic predecessor new risk base decoder clearly interpretable importantly work box practice demonstrate real bioinformatics task data generalization application discuss conclusion', 'introduce reduce rank hidden markov model rr hmm generalization hmms model smooth state evolution linear dynamical system ldss well non log concave predictive distribution continuous observation hmms rr hmms assume dimensional latent state n discrete observation transition matrix rank k implies dynamic evolve k dimensional subspace shape set predictive distribution determine latent state belief represent k dimensional state vector inference carry entirely r k make rr hmms computationally efficient k state hmms yet expressive learn rr hmms relax assumption recently propose spectral learn algorithm hmms hsu kakade zhang apply learn k dimensional observable representation rank k rr hmms algorithm consistent free local optimum extend performance guarantee cover rr hmm case show algorithm use conjunction kernel density estimator efficiently model high dimensional multivariate continuous data also relax assumption single observation sufficient disambiguate state extend algorithm accordingly experiment synthetic data toy video well difficult robot vision model problem yield accurate model compare favorably standard alternative simulation quality prediction capability', 'background hide markov model widely employ numerous bioinformatics program use today application range widely comparative gene prediction time series analyse micro array data parameter underlie model need adjust specific data set example genome particular specie order maximize prediction accuracy computationally efficient algorithms parameter training thus key maximize usability wide range bioinformatics application result introduce two computationally efficient train algorithms one viterbi train one stochastic expectation maximization em train render memory requirement independent sequence length unlike exist algorithm viterbi stochastic em train require two step procedure two new algorithm require one step scan input sequence one direction also implement two new algorithm already publish linear memory algorithm em training hidden markov model compiler hmm converter examine respective practical merit three small example model conclusion bioinformatics application employ hidden markov model use two algorithms order make viterbi training stochastic em training computationally efficient use algorithms parameter training thus attempt complex model longer train sequence two new algorithm add advantage easier implement correspond default algorithms viterbi training stochastic em training']",5196
34,37,34_forecast_electricity_grid_weather,"['forecast', 'electricity', 'grid', 'weather', 'household', 'green', 'green energy', 'uk', 'energy', 'wind']","['objective greenpad project use green energy wind solar biomass power data center use run hpc job part important predict renewable wind energy efficient schedule execute job require high energy green energy available vice versa predict wind energy first analyze historical data find statistical model give relation wind energy weather attribute use model base weather forecast data predict green energy availability future use green energy prediction obtain statistical model able precompute job schedule maximize green energy utilization future propose model use live weather data addition machine learn technique predict future deviation weather condition base current deviation forecast make fly change precomputed schedule base green energy prediction first analyze data use histograms simple statistical tool correlation addition build correlation regression model find relation wind energy availability weather attribute temperature cloud cover air pressure wind speed direction precipitation sunshine also analyze different algorithm machine learn technique optimize job schedule maximize green energy utilization', 'robust control maintenance grid relies accurate data pmus state estimator prone false data injection attack thus crucial mechanism fast accurate detection agent maliciously tamper data prevent attack may lead blackout routine monitoring control tasks current future grid propose decentralize false data injection detection scheme base markov graph bus phase angle utilize conditional covariance test cct learn structure grid use dc power flow model show normal circumstance walk summability grid graph markov graph voltage angle determine power grid graph therefore discrepancy calculate markov graph learn structure trigger alarm local grid topology available online protection system exploit check mismatch mismatch detect use correlation anomaly score detect set attack node method detect recent stealthy deception attack power grid assumes knowledge bus branch model system capable deceive state estimator damage power network observatory control monitor demand response pricing scheme specifically stealthy deception attack markov graph phase angle change addition detect state attack method detect set attack nodes best knowledge remedy first comprehensively detect sophisticated attack need additional hardware moreover detection scheme successful matter size attack subset simulation various power network confirm claim', 'increase use renewable energy source variable output solar photovoltaic wind power generation call smart grid effectively manage flexible load energy storage ability forecast consumption different location distribution system key capability smart grid goal paper benchmark state art method forecast electricity demand household level across different granularity time scale explorative way thereby reveal potential shortcoming find promising direction future research area apply number forecast method include arima neural network exponential smoothen use several strategy train data selection particular day type slide window base strategy consider forecast horizon range minute hour evaluation base two data set contain power usage individual appliance second time granularity collect course several month result indicate forecast accuracy varies significantly depend choice forecast method strategy parameter configuration measure mean absolute percentage error mape consider state art forecast method rarely beat correspond persistence forecast overall observed mapes range average mape first data set data set result show big room improvement base identify trend experience experiment contribute detailed discussion promising future research']",5196
35,37,35_protein_amino acid_amino_acid,"['protein', 'amino acid', 'amino', 'acid', 'contact', 'sequence', 'rna', 'residue', 'enzyme', 'descriptor']","['motivation protein contact map describe pairwise spatial functional relationship residue protein contain key information protein structure prediction although study extensively remain challenge predict contact map use sequence information exist method predict contact map matrix element element ignore correlation among contact physical feasibility whole contact map couple recent method predict contact map base upon residue co evolution take consideration contact correlation enforce sparsity restraint method require large number sequence homologs protein consideration resultant contact map may still physically unfavorable result paper present novel method phycmap contact map prediction integrate evolutionary physical restraint machine learn integer linear program ilp evolutionary restraint include sequence profile residue co evolution context specific statistical potential physical restraint specify concrete relationship among contact sparsity restraint method greatly reduce solution space contact map matrix thus significantly improve prediction accuracy experimental result confirm phycmap outperforms currently popular method matter many sequence homologs available protein consideration phycmap predict contact within minute psiblast search sequence homologs do much faster two recent method psicov evfold see http raptorx uchicago edu web server', 'sequence base protein homology detection extensively study far sensitive method base upon comparison protein sequence profile derive multiple sequence alignment msa sequence homologs protein family sequence profile usually represent position specific score matrix pssm hmm hidden markov model accordingly pssm pssm hmm hmm comparison use homolog detection paper present new homology detection method mrfalign consist three key component markov random field mrf representation protein family score function measure similarity two mrfs efficient admm alternate direction method multiplier algorithm align two mrfs compare hmm model short range residue correlation mrfs model long range residue interaction pattern thus encode information global structure protein family consequently mrf mrf comparison remote homology detection shall much sensitive hmm hmm pssm pssm comparison experiment confirm mrfalign outperforms several popular hmm pssm base method term alignment accuracy remote homology detection mrfalign work particularly well mainly beta protein example test benchmark scop proteins homology detection pssm pssm hmm hmm succeed protein respectively superfamily level protein respectively fold level contrast mrfalign succeed protein superfamily fold level respectively study implies long range residue interaction pattern helpful sequence base homology detection software available download http raptorx uchicago edu download', 'accord cobanoglu et al murphy widely acknowledge single target paradigm one protein target one disease one drug dominant premise drug development recent past untenable often drug like compound ligand promiscuous interact one target protein recent year silico target prediction method promiscuity issue approach computationally different way study confine attention call ligand base target prediction machine learn approach commonly refer target fishing exception target fish approach currently ubiquitous cheminformatics literature essentially view single label multi classification scheme approach inherently bank single target paradigm assumption ligand home one specific target order address ligand promiscuity issue one might able cast target fish multi label multi class classification problem illustrative comparison purpose single label multi label naive bayes classification model denote smm mmm respectively target fishing implemented model construct tested compound target retrieve chembl database smm mmm perform differently test compound mmm model return recall precision value respectively correspond recall precision value yield smm model respectively however significance level one degree freedom mcnemar test perform target prediction result return smm mmm test ligand give chi square value favour mmm approach']",5196
36,36,36_gp_covariance function_gps_gaussian,"['gp', 'covariance function', 'gps', 'gaussian', 'gp regression', 'covariance', 'gaussian gp', 'sparse gp', 'eigenfunctions', 'gaussian regression']","['gaussian process gp bayesian non parametric model widely use probabilistic regression unfortunately cannot scale well large data perform real time prediction due cubic time cost data size paper present two parallel gp regression method exploit low rank covariance matrix approximation distribute computational load among parallel machine achieve time efficiency scalability theoretically guarantee predictive performance propose parallel gps equivalent centralize approximate gp regression method computation centralize counterpart distribute among parallel machine hence achieve great time efficiency scalability analytically compare property parallel gps time space communication complexity empirical evaluation two real world datasets cluster compute node show parallel gps significantly time efficient scalable centralize counterpart exact full gp achieve predictive performance comparable full gp', 'gaussian process gps provide probabilistic nonparametric representation function regression classification problem unfortunately exact learn gps intractable large datasets variety approximate gp method propose essentially map large dataset small set basis point among two state art method sparse pseudo input gaussian process spgp snelson ghahramani variablesigma gp vsgp walder et al generalize spgp allows basis point length scale however vsgp derive regression paper propose new sparse gp framework use expectation propagation directly approximate general gp likelihood use sparse smooth basis include spgp vsgp regression special case plus ep algorithm inherits ability process data online particular choice approximate family blur basis point gaussian distribution full covariance matrix represent data distribution around basis point result summarize local data manifold information small set basis point experiment demonstrate framework outperforms previous gp classification method benchmark datasets term minimize divergence non sparse gp solution well low misclassification rate', 'gaussian process gp bayesian non parametric model widely use probabilistic regression unfortunately cannot scale well large data perform real time prediction due cubic time cost data size paper present two parallel gp regression method exploit low rank covariance matrix approximation distribute computational load among parallel machine achieve time efficiency scalability theoretically guarantee predictive performance propose parallel gps equivalent centralize approximate gp regression method computation centralize counterpart distribute among parallel machine hence achieve great time efficiency scalability analytically compare property parallel gps time space communication complexity empirical evaluation two real world datasets cluster compute node show parallel gps significantly time efficient scalable centralize counterpart exact full gp achieve predictive performance comparable full gp']",5196
37,36,37_boost_adaboost_abc_logitboost,"['boost', 'adaboost', 'abc', 'logitboost', 'multi class', 'mart', 'class boost', 'margin', 'weak learner', 'abc logitboost']","['abc boost new line boost algorithms multi class classification utilize commonly use sum zero constraint implement abc boost base class must identify boost step prior study use expensive procedure base exhaustive search determine base class boost step good testing performance abc boost implement abc mart abc logitboost variety datasets report large datasets however exhaustive search strategy adopt prior abc boost algorithms prohibitive overcome serious limitation paper suggest heuristic introducing gap compute base class training update choice base class every g boost step e g prior study test idea large datasets covertype poker well datasets moderate size preliminary result encourage large datasets even g large essentially loss test accuracy moderate datasets obvious loss test accuracy observe g therefore aid heuristic promising abc boost practical tool accurate multi class classification', 'boost method combine set moderately accurate weaklearners form highly accurate predictor despite practical importance multi class boost receive far less attention binary counterpart work propose fully corrective multi class boost formulation directly solve multi class problem without divide multiple binary classification problem contrast previous multi class boost algorithm decompose multi boost problem multiple binary boosting problem explicitly derive lagrange dual primal optimization problem able construct column generation base fully corrective approach boost directly optimize multi class classification performance new approach update weak learner coefficient every iteration manner flexible enough accommodate various loss function regularization example enable u introduce structural sparsity mixed norm regularization promote group sparsity feature share boost shared feature particularly beneficial complex prediction problem feature expensive compute experiment various data set demonstrate direct multi class boosting generalize well good range compete multi class boost method end result highly effective compact ensemble classifier train distributed fashion', 'margin theory provide one popular explanation success texttt adaboost central point lie recognition textit margin key characterize performance texttt adaboost theory influential e g use argue texttt adaboost usually overfit since tends enlarge margin even train error reach zero previously textit minimum margin bound establish texttt adaboost however cite breiman point maximize minimum margin necessarily lead good generalization later cite reyzin schapire emphasize margin distribution rather minimum margin crucial performance texttt adaboost paper first present textit k th margin bound study relationship previous work minimum margin bound emargin bound improve previous empirical bernstein bound citep maurer pontil audibert munos szepesvari base finding defend margin base explanation breiman doubt prove new generalization error bound considers exactly factor cite schapire freund bartlett lee sharp cite breiman minimum margin bound incorporate factor average margin variance present generalization error bound heavily related whole margin distribution also provide margin distribution bound generalization error vote classifier finite vc dimension space']",5196
38,36,38_game_player_equilibrium_nash,"['game', 'player', 'equilibrium', 'nash', 'agent', 'nash equilibrium', 'fictitious', 'fictitious play', 'play', 'ne']","['consider problem distribute convergence efficient outcome coordination game dynamic base aspiration learn aspiration learn player continue play action long reward receive exceed specify aspiration level aspiration level fade memory average past reward level also subject occasional random perturbation player become dissatisfied whenever receive reward less aspiration level case player experiment probability proportional degree dissatisfaction first contribution characterization asymptotic behavior induce markov chain iterate process term equivalent finite state markov chain characterize explicitly behavior propose aspiration learn generalize version coordination game examples include network formation common pool game particular show generic coordination game frequency efficient action profile play make arbitrarily large although convergence efficient outcomes desirable several coordination game common pool game attainability fair outcome e sequence play player experience highly reward return frequency might also special interest end demonstrate analysis simulation aspiration learn also establish fair outcome symmetric coordination game include common pool game', 'consider problem find stationary nash equilibrium ne finite discount general sum stochastic game first generalize non linear optimization problem filar vrieze n player set break problem simpler sub problem ensure bellman error give state agent provide characterization solution point sub problem correspond nash equilibrium underlying game purpose derive set necessary sufficient sg sp stochastic game sub problem condition use condition develop two actor critic algorithm sgsp model base sgsp model free algorithm use critic estimate value function fix policy actor performs descent policy space use descent direction avoids local minimum establish algorithms converge self play equilibria certain ordinary differential equation ode whose stable limit point coincide stationary ne underlie general sum stochastic game single state non generic game see hart ma colell well synthetic two player game setup state establish sgsp consistently outperform nashq hu wellman ffq littman algorithm', 'several multiagent reinforcement learn marl algorithm propose optimize agent decision due complexity problem majority previously develop marl algorithm assume agent either knowledge underlying game nash equilibrium observe agent action reward receive introduce new marl algorithm call weighted policy learner wpl allow agent reach nash equilibrium ne benchmark player action game minimum knowledge use wpl feedback agent need local reward agent observe agent action reward furthermore wpl assume agent know underlying game correspond nash equilibrium priori experimentally show algorithm converges benchmark two player two action game also show algorithm converges challenge shapley game previous marl algorithms fail converge without know underlying game ne furthermore show wpl outperforms state art algorithm realistic setting agent interact learn concurrently important aspect understand behavior marl algorithm analyze dynamic algorithm policy multiple learn agent evolve time agent interact one another analysis verify whether agent use give marl algorithm eventually converge also reveal behavior marl algorithm prior convergence analyze algorithm two player two action game show symbolically prove wpls convergence difficult non linear nature wpls dynamic unlike previous marl algorithm either linear piece wise linear dynamic instead numerically solve wpls dynamic differential equation compare solution dynamic previous marl algorithms']",5196
39,36,39_hash_minwise_bit_minwise hash,"['hash', 'minwise', 'bit', 'minwise hash', 'hashing', 'hash function', 'bit minwise', 'lsh', 'minhash', 'neighbor search']","['minhash simhash two widely adopt locality sensitive hashing lsh algorithms large scale data processing application decide lsh use particular problem hand important question clear answer exist literature study provide theoretical answer validate experiment minhash virtually always outperform simhash data binary common practice search collision probability minhash function resemblance similarity mathcal r collision probability simhash function cosine similarity mathcal provide common basis comparison evaluate retrieval result term mathcal minhash simhash evaluation valid prove minhash valid lsh respect mathcal use general inequality mathcal leq mathcal r leq frac mathcal mathcal bad case analysis show minhash significantly outperform simhash high similarity region interestingly intensive experiment reveal minhash also substantially good simhash even datasets data point similar partly practical data often mathcal r geq frac mathcal z mathcal hold z slightly large e g z leq restrict bad case analysis assume frac mathcal z mathcal leq mathcal r leq frac mathcal mathcal show minhash indeed significantly outperform simhash even low similarity region believe result paper provide valuable guideline search practice especially data sparse', 'recently method b bit minwise hash applied large scale linear learn sublinear time near neighbor search major drawback minwise hash expensive preprocessing cost method require apply e g k permutation data test time also expensive new data point e g new document image process might significant issue user face application develop simple solution base one permutation hash conceptually give massive binary data matrix permute columns divide permute column evenly k bin simply store data vector small nonzero location bin interesting probability analysis validate experiment reveal one permutation scheme perform similarly original k permutation minwise hash fact one permutation scheme even slightly accurate due sample without replacement effect experiment train linear svm logistic regression webspam dataset demonstrate one permutation hash scheme achieve even slightly good accuracy compare original k permutation scheme test robustness method also experiment small news dataset sparse merely average nonzeros data vector interestingly one permutation scheme noticeably outperform k permutation scheme k small news dataset summary method achieve least accuracy original k permutation scheme merely k original preprocessing cost', 'embed image feature binary ham space improve speed accuracy large scale query example image retrieval system supervise hash aim map original feature compact binary code manner preserve label base similarity original data exist approach apply single form hash function optimization process typically deeply couple specific form tight couple restricts flexibility method result complex optimization problem difficult solve work proffer flexible yet simple framework able accommodate different type loss function hash function propose framework allow number exist approach hash place context simplifies development new problem specific hash method framework decompose two step binary code hash bit learn hash function learn first step typically formulate binary quadratic problem second step accomplish train standard binary classifier solve large scale binary code inference show ensure binary quadratic problem submodular efficient graph cut approach use achieve efficiency well efficacy large scale high dimensional data propose use boost decision tree hash function nonlinear highly descriptive fast train evaluate experiment demonstrate propose method significantly outperform state art method especially high dimensional data']",5196
40,35,40_brain_eeg_bci_subject,"['brain', 'eeg', 'bci', 'subject', 'fmri', 'decode', 'hrf', 'bmi', 'session', 'neuroimaging']","['brain signal variability measurement obtain different subject different session significantly deteriorate accuracy brain computer interface bci system moreover variability also know inter subject inter session variability require lengthy calibration session bci system use furthermore calibration session repeat subject independently use bci due inter session variability study present algorithm order minimize mention variability overcome time consume usually error prone calibration time algorithm base linear program support vector machine extension multiple kernel learn framework tackle inter subject session variability feature space classifier do incorporate subject session specific feature space much rich feature space set optimal decision boundary decision boundary represent subject session specific spatio temporal variability neural signal consequently single classifier multiple feature space generalize well new unseen test pattern even without calibration step demonstrate classifier maintain good performance even presence large degree bci variability present study analyze bci variability relate oxy hemoglobin neural signal measure use functional near infrared spectroscopy', 'performance neural decoder degrade time due nonstationarities relationship neuronal activity behavior case brain machine interface bmi require adaptation decoder maintain high performance across time one way achieve use periodical calibration phase bmi system external human demonstrator instructs user perform certain movement behavior approach two disadvantage calibration phase interrupt autonomous operation bmi ii two calibration phase bmi performance might stable continuously decrease well alternative would bmi decoder able continuously adapt unsupervised manner autonomous bmi operation e without know movement intention user present article present efficient method unsupervised train bmi system continuous movement control propose method utilize cost function derive neuronal recording guide learn algorithm evaluate decode parameter verify performance adaptive method simulate bmi user optimal feedback control model interaction adaptive bmi decoder simulation result show cost function algorithm yield fast precise trajectory towards target random orientation dimensional computer screen initially unknown non stationary tune parameter unsupervised method still able generate precise trajectory keep performance stable long term algorithm optionally work also neuronal error signal instead conjunction propose unsupervised adaptation', 'localize neuronal activity brain time space central challenge advance understand brain function inability single neuroimaging technique cover aspect grow interest combine signal multiple modality order benefit advantage acquisition method due complexity unknown parameterization suggest complete model bold response functional magnetic resonance image fmri development reliable ultimate fusion approach remain difficult besides primary goal superior temporal spatial resolution conjoint analysis data multiple image modality alternatively use segregate neural information physiological acquisition noise paper suggest novel methodology relies construct quantifiable mapping data one modality electroencephalography eeg another fmri call transmodal analysis neural signal transfusion transfusion attempt map neural data embed within eeg signal reflection fmri data assess mapping performance unseen data allows localize brain area significant portion signal could reliably reconstruct hence area neural activity reflect eeg fmri data consecutive analysis learnt model allow localize area associate specific frequency band eeg area functionally relate connected coherent give eeg sensor demonstrate performance transfusion artificial real data auditory experiment speculate possible alternative us cross modal data filter eeg drive interpolation fmri signal obtain arbitrarily high temporal sampling bold']",5196
41,34,41_encoder_auto_auto encoder_denoising,"['encoder', 'auto', 'auto encoder', 'denoising', 'autoencoders', 'autoencoder', 'contractive', 'auto encoders', 'layer', 'encoders']","['present discriminative recurrent sparse auto encoder model comprise recurrent encoder rectify linear unit unroll fixed number iteration connect two linear decoder reconstruct input predict supervise classification training via backpropagation time initially minimize unsupervised sparse reconstruction error loss function augment discriminative term supervise classification depth implicit temporally unrolled form allow system exhibit power deep network substantially reduce number trainable parameter initially unstructured network hidden unit differentiate categorical unit represent input prototype well define class part unit represent deformation prototype learn organization recurrent encoder hierarchical part unit drive directly input whereas activity categorical unit build time interaction part unit even use small number hide unit per layer discriminative recurrent sparse auto encoders achieve excellent performance mnist', 'auto encoders learn underlie data generate distribution recent work suggest auto encoder variant good job capture local manifold structure data paper clarify previous observation show minimize particular form regularize reconstruction error yield reconstruction function locally characterize shape data generate density show auto encoder capture score derivative log density respect input contradict previous interpretation reconstruction error energy function unlike previous result theorem provide completely generic depend parametrization auto encoder show auto encoder would tend give enough capacity examples result contractive train criterion show similar denoising auto encoder train criterion small corruption noise contraction apply whole reconstruction function rather encoder similarly score match one consider propose training criterion convenient alternative maximum likelihood involve partition function finally show approximate metropolis hastings mcmc setup recover sample estimate distribution confirm sample experiment', 'propose exploit em reconstruction layer local train signal deep learning reconstruction propagate form target propagation play role similar back propagation help reduce reliance derivative order perform credit assignment across many level possibly strong non linearity difficult back propagation regularize auto encoder tend produce reconstruction likely version input e small move direction high likelihood generalize gradient target propagation may also allow train deep network discrete hidden unit auto encoder take representation input target side information input reconstruction input representation provide target towards representation likely condition side information deep auto encoder decode path generalizes gradient propagation learn way could thus handle infinitesimal change large discrete change hopefully allow credit assignment long chain non linear operation addition layer good auto encoder encoder also learn please upper layer transform data space easy model flatten manifold disentangle factor motivation theoretical justification approach lay paper along conjecture verify either mathematically experimentally include hypothesis state auto encoder mediate target propagation could play brain role credit assignment many non linear noisy discrete transformation']",5196
42,34,42_privacy_private_differential privacy_differentially,"['privacy', 'private', 'differential privacy', 'differentially', 'differentially private', 'differential', 'release', 'privacy preserve', 'privately', 'sample complexity']","['consider power linear reconstruction attack statistical data privacy show applied much wider range setting previously understand linear attack study dinur nissim pod dwork mcsherry talwar stoc kasiviswanathan rudelson smith ullman stoc de tcc muthukrishnan nikolov stoc far applied setting release obviously linear consider database curator manage database sensitive information want release statistic sensitive attribute say disease database relate nonsensitive attribute e g postal code age gender etc show one mount linear reconstruction attack base release give fraction record satisfy give non degenerate boolean function release include contingency table previously study kasiviswanathan et al stoc well complex output like error rate classifier decision tree b one large class estimator output empirical risk minimization algorithm include standard estimator linear logistic regression make two contribution first show type release transform linear format make amenable exist polynomial time reconstruction algorithm already perhaps surprising since many release like estimator obtain solve highly nonlinear formulation second show analyze result attack various distributional assumption data specifically consider set statistic either b release sensitive attribute relate subset size k total nonsensitive boolean attribute', 'work considers computationally efficient privacy preserve data release study task analyze database contain sensitive information individual participant give set statistical query data want release approximate answer query also guarantee differential privacy protect participant sensitive data focus computationally efficient data release algorithm seek algorithm whose running time polynomial least sub exponential data dimensionality primary contribution computationally efficient reduction differentially private data release class count query learn thresholded sum predicate related class instantiate general reduction variety algorithm learn threshold instantiation yield several new result differentially private data release two example take data domain dimension obtain differentially private algorithm release k way conjunction give k result data release algorithm bound error long database size least sqrt k log k log run time polynomial database size release gamma fraction parity query gamma geq poly algorithm bound error long database size least poly running time polynomial database size several instantiation yield result privacy preserve data release two result highlight first learn algorithm us technique represent thresholded sum predicate low degree polynomial threshold function second learn algorithm base jackson harmonic sieve algorithm jackson', 'work analyze sample complexity classification differentially private algorithms differential privacy strong well study notion privacy introduce dwork et al ensure output algorithm leak little information data point provide participate individual sample complexity private pac agnostic learning study number prior work start kasiviswanathan et al number basic question still remain open notably whether learn privacy require sample learn without privacy show sample complexity learn pure differential privacy arbitrarily high sample complexity learn without privacy constraint sample complexity learn approximate differential privacy second contribution main tool equivalence sample complexity pure differentially private learning concept class c scdp c randomize one way communication complexity evaluation problem concept c use equivalence prove follow bound scdp c omega ldim c ldim c littlestone dimension characterize number mistake online mistake bound learn model know bound ldim c imply scdp c much high vc dimension c exist class c ldim c scdp c geq exist class c sample complexity pure alpha differentially private pac learn omega alpha sample complexity relax alpha beta differentially private pac learn log beta alpha resolve open problem beimel et al b']",5196
43,33,43_bayesian optimization_acquisition function_mco_pl,"['bayesian optimization', 'acquisition function', 'mco', 'pl', 'acquisition', 'optimization', 'expect improvement', 'gp', 'global optimization', 'bo']","['machine learn algorithm frequently require careful tune model hyperparameters regularization term optimization parameter unfortunately tune often black art require expert experience unwritten rule thumb sometimes brute force search much appeal idea develop automatic approach optimize performance give learn algorithm task hand work consider automatic tuning problem within framework bayesian optimization learn algorithm generalization performance model sample gaussian process gp tractable posterior distribution induce gp lead efficient use information gather previous experiment enable optimal choice parameter try next show effect gaussian process prior associate inference procedure large impact success failure bayesian optimization show thoughtful choice lead result exceed expert level performance tune machine learn algorithm also describe new algorithm take account variable cost duration learn experiment leverage presence multiple core parallel experimentation show propose algorithms improve previous automatic procedure reach surpass human expert level optimization diverse set contemporary algorithm include latent dirichlet allocation structure svms convolutional neural network', 'consider problem maximize real value continuous function f use bayesian approach since early work jonas mockus antanas v z ilinskas problem optimization usually formulate consider loss function max f n n denotes best function value observe n evaluation f loss function put emphasis value maximum expense location maximizer special case one step bayes optimal strategy lead classical expect improvement ei sample criterion special case stepwise uncertainty reduction sur strategy risk associate certain uncertainty measure expect loss quantity interest minimize step algorithm article assume f define measure space mathbb x lambda propose consider instead integral loss function int mathbb x f n lambda show lead case gaussian process prior new numerically tractable sample criterion call rm ei expect integrated expect improvement numerical experiment illustrate sur strategy base new sample criterion reduces error value location maximizer faster ei base strategy', 'paper uncovers explore close relationship monte carlo optimization parametrized integral mco parametric machine learn pl blackbox oracle base optimization bo make four contribution first prove mco mathematically identical broad class pl problem identity potentially provide new application domain broadly applicable pl technique mco second introduce immediate sample new version probability collectives pc algorithm blackbox optimization immediate sampling transforms original bo problem mco problem accordingly combine first two contribution apply pl technique bo third contribution validate way improve bo demonstrate cross validation bag improve immediate sample finally conventional mc mco procedure ignore relationship sample point location associate value integrand value integrand location consider demonstrate one exploit sample location information use pl technique example form fit sample location associate value integrand provide additional way apply pl technique improve mco']",5196
44,32,44_tensor_tensor decomposition_decomposition_cpd,"['tensor', 'tensor decomposition', 'decomposition', 'cpd', 'cp', 'order tensor', 'tensor power', 'parafac', 'tensor rank', 'cp rank']","['provide guarantee learn latent variable model emphasize overcomplete regime dimensionality latent space exceed observe dimensionality particular consider multiview mixture spherical gaussian mixture ica sparse coding model provide tight concentration bound empirical moment novel cover argument analyze parameter recovery simple tensor power update algorithm semi supervise set exploit label prior information get rough estimate model parameter refine use tensor method unlabeled sample establish learn possible number component scale k p observe dimension p order observe moment employ tensor method concentration bound analysis also lead minimax sample complexity semi supervise learn spherical gaussian mixture unsupervised set use simple initialization algorithm base svd tensor slice provide guarantee strict condition k le beta constant beta large tensor method recovers components polynomial running time exponential beta analysis establishes wide range overcomplete latent variable model learn efficiently low computational sample complexity tensor decomposition method', 'low rank tensor decomposition powerful tool learn generative model uniqueness result give significant advantage matrix decomposition method however tensor pose significant algorithmic challenge tensor analogs much matrix algebra toolkit unlikely exist hardness result efficient decomposition overcomplete case rank exceeds dimension particularly challenging introduce smooth analysis model study question develop efficient algorithm tensor decomposition highly overcomplete case rank polynomial dimension set show algorithm robust inverse polynomial error crucial property application learn since allow polynomial number sample algorithms know exact tensor decomposition overcomplete setting main contribution analyze stability framework smooth analysis main technical contribution show tensor product perturb vector linearly independent robust sense e associate matrix singular value least inverse polynomial key result pave way apply tensor method learn problem smooth set particular use obtain result learn multi view model mixtures axis align gaussians many component dimension assumption model adversarially choose formalize perturbation model parameter believe appeal way analyze realistic instance learn problem since framework allow u overcome many usual limitation use tensor method', 'candecomp parafac cp tensor factorization incomplete data powerful technique tensor completion explicitly capture multilinear latent factor exist cp algorithm require tensor rank manually specify however determination tensor rank remain challenge problem especially cp rank addition exist approach take account uncertainty information latent factor well miss entry address issue formulate cp factorization use hierarchical probabilistic model employ fully bayesian treatment incorporate sparsity induce prior multiple latent factor appropriate hyperpriors hyperparameters result automatic rank determination learn model develop efficient deterministic bayesian inference algorithm scale linearly data size method characterize tune parameter free approach effectively infer underlying multilinear factor low rank constraint also provide predictive distribution miss entry extensive simulation synthetic data illustrate intrinsic capability method recover ground truth cp rank prevent overfitting problem even large amount entry miss moreover result real world application include image inpainting facial image synthesis demonstrate method outperforms state art approach tensor factorization tensor completion term predictive performance']",5196
45,30,45_domain_domain adaptation_adaptation_target domain,"['domain', 'domain adaptation', 'adaptation', 'target domain', 'source domain', 'target', 'ssvm', 'source', 'source target', 'ha']","['machine learn domain adaptation da arise distribution gen erating test target data differs one generate learn source data well know da hard task even strong assumption among covariate shift source target distribution diverge marginals e label function another popular approach consider hypothesis class move closer two distribution imply low error task vc dim approach restrict complexity hypothesis class order get good generalization instead propose pac bayesian approach seek suitable weight give hypothesis order build majority vote prove new da bound pac bayesian context lead u design first da pac bayesian algorithm base minimization propose bound seek rho weight majority vote take account trade three quantity first two quantity usual pac bayesian approach complexity majority vote measure kullback leibler divergence b empirical risk measure rho average error source sample third quantity c capacity majority vote distinguish structural difference source target sample', 'key topic classification accuracy loss produce data distribution training source domain differs test target domain recognize relevant problem many computer vision task image classification object detection object category recognition paper present novel domain adaptation method leverage multiple target domain sub domains hierarchical adaptation tree core idea exploit commonality differences jointly consider target domain give relevance structural svm ssvm classifier apply idea adaptive ssvm ssvm require target domain sample together exist source domain classifier perform desire adaptation altogether term proposal hierarchical ssvm ha ssvm proof concept use ha ssvm pedestrian detection object category recognition former apply ha ssvm deformable part base model dpm latter ha ssvm apply multi category classifier case show ha ssvm effective increase detection recognition accuracy respect adaptation strategy ignore structure target data since sub domain target data always know priori show ha ssvm incorporate sub domain structure discovery object category recognition', 'machine learn domain adaptation problem arrive test target train source data generate different distribution key applied issue thus design algorithm able generalize new distribution label information focus learn classification model define weighted majority vote set real val ued function context germain et al show measure disagreement function crucial control core measure theoretical bound c bound lacasse et al involve disagreement lead well perform majority vote learn algorithm usual non adaptative supervise set mincq work propose framework extend mincq domain adaptation scenario procedure take advantage recent perturb variation divergence distribution propose harel mannor justify theoretical bound target risk vote provide mincq target sample label thanks perturb variation base self label focused region source target marginals appear similar also study influence self label deduce original process tune hyperparameters finally framework call pv mincq show promise result rotation translation synthetic problem']",5196
46,28,46_pca_principal_principal component_sparse pca,"['pca', 'principal', 'principal component', 'sparse pca', 'component', 'spca', 'dpca', 'sparse principal', 'wise distance', 'spcart']","['component singular value decomposition signal plus noise data matrix informative inferential task detect estimate embed low rank signal matrix principal component analysis ascribes great importance component capture great variation e singular vector associate large singular value choice often justify invoke eckart young theorem even though work address problem best represent signal plus noise matrix use low rank approximation best infer underlie low rank signal component take first principle approach start signal plus noise data matrix show spectrum noise component govern whether principal middle component singular value decomposition data matrix informative component inference simply put noise spectrum support connected interval sense make precise use principal component justified noise spectrum support multiple interval middle component might informative principal component end result proper justification use principal component set noise matrix gaussian identification scenario generically involve heterogeneous noise model mixture gaussians middle component might informative principal component may exploit extract additional processing gain result show blind use principal component lead suboptimal even faulty inference phase transition separate regime principal component informative regime uninformative', 'sparse principal component analysis pca involve nonconvex optimization global solution hard obtain address issue one popular approach convex relaxation however approach may produce suboptimal estimator due relaxation effect optimally estimate sparse principal subspace propose two stage computational framework name tighten relax within relax stage approximately solve convex relaxation sparse pca early stopping obtain desired initial estimator tighten stage propose novel algorithm call sparse orthogonal iteration pursuit soap iteratively refine initial estimator directly solve underlie nonconvex problem key concept two stage framework basin attraction represent local region within tighten stage desire computational statistical guarantee prove initial estimator obtain relax stage fall region hence soap geometrically converge principal subspace estimator minimax optimal within certain model class unlike exist sparse pca estimator approach applies non spike covariance model adapt non gaussianity well dependent data setting moreover analyze computational complexity two stage illustrate interest phenomenon large sample size reduce total iteration complexity framework motivate general paradigm solve many complex statistical problem involve nonconvex optimization provable guarantee', 'principal component analysis pca widely use technique data analysis dimension reduction numerous application science engineering however standard pca suffers fact principal component pcs usually linear combination original variable thus often difficult interpret pc alleviate drawback various sparse pca approach propose literature despite success achieve sparsity important property enjoy standard pca lose method uncorrelation pc orthogonality load vector also total explained variance attempt maximize optimistic paper propose new formulation sparse pca aim find sparse nearly uncorrelated pcs orthogonal loading vector explain much total variance possible also develop novel augment lagrangian method solve class nonsmooth constrain optimization problem well suit formulation sparse pca show converge feasible point moreover regularity assumption converge stationary point additionally propose two nonmonotone gradient method solve augmented lagrangian subproblems establish global local convergence finally compare sparse pca approach several exist method synthetic random real data respectively computational result demonstrate sparse pc produce approach substantially outperform method term total explain variance correlation pc orthogonality load vector']",5196
47,28,47_multi label_label_multilabel_label classification,"['multi label', 'label', 'multilabel', 'label classification', 'miml', 'multi', 'label learn', 'label correlation', 'multi target', 'output cod']","['many real world task particularly involve data object complicate semantics image texts one object represent multiple instance simultaneously associate multiple label task formulate multi instance multi label learn miml problem extensively study past year exist miml approach find useful many application however handle moderate size data efficiently handle large data set paper propose mimlfast approach first construct low dimensional subspace share label train label specific linear model optimize approximated ranking loss via stochastic gradient descent although miml problem complicate mimlfast able achieve excellent performance exploit label relation share space discover sub concept complicate label experiment show performance mimlfast highly competitive state art technique whereas time cost much less particularly data set k bag k instance mimlfast time faster exist miml approach large data set none exist approach return result hour mimlfast take minute moreover approach able identify representative instance label thus provide chance understand relation input pattern output label semantics', 'ensemble method show effective tool solve multi label classification task random k labelsets rakel algorithm member ensemble associate small randomly select subset k label single label classifier train accord combination element subset paper adopt similar approach however instead randomly choose subset select minimum require subset k label cover label meet additional constraint coverage inter label correlation construction cover achieve formulating subset selection minimum set cover problem scp solve use approximation algorithm every cover need prepared offline algorithm prepare cover may apply classification give multi label dataset whose property conform cover contribution paper two fold first introduce scp general framework construct label cover allow user incorporate cover construction constraint demonstrate effectiveness framework propose two construction constraint whose enforcement produce cover improve prediction performance random selection second provide theoretical bound quantify probability random selection produce cover meet propose construction criterion experimental result indicate propose method improve multi label classification accuracy stability compare rakel algorithm state art algorithm', 'many practical application supervise learn task involve prediction multiple target variable common set input variable prediction target binary task call multi label classification target continuous task call multi target regression task target variable often exhibit statistical dependency exploit order improve predictive accuracy core challenge family multi label classification method address challenge building separate model target expand input space target treat additional input variable despite success method multi label classification domain applicability effectiveness multi target regression study paper introduce two new method multi target regression call stack single target ensemble regressor chain adapt two popular multi label classification method family furthermore highlight inherent problem method discrepancy value additional input variable train prediction develop extension use sample estimate target variable train order tackle problem result extensive experimental evaluation carry large diverse collection datasets show discrepancy appropriately mitigate propose method attain consistent improvement independent regression baseline moreover two version ensemble regression chain perform significantly well four state art method include regularization base multi task learn method multi objective random forest approach']",5196
48,26,48_series_association rule_association_rule,"['series', 'association rule', 'association', 'rule', 'interestingness measure', 'interestingness', 'dtw', 'series classification', 'itemsets', 'shapelets']","['data mining way extract data uncover hidden pattern information database need prevent inference rule disclose secure data set cannot identify non sensitive attribute do remove add certain item set transaction sanitization purpose hide inference rule user may able discover valuable information non sensitive data organisation release sample data without fear knowledge discovery databases achieve investigate frequently occur item set rule mine objective hiding another way release limit sample new database information loss also satisfy legitimate need user major problem uncover hidden pattern cause threat database security sensitive data infer non sensitive data base semantics application user commonly know inference problem two fundamental approach protect sensitive rule disclosure prevent rule generate hide frequent set data item reduce importance rule set confidence user specify threshold', 'frequent itemsets fis mine fundamental primitive data mining require identify itemsets appear least fraction theta transactional dataset mathcal often though ultimate goal mining mathcal analysis dataset emph per se understand underlie process generate specifically many application mathcal collection sample obtain unknown probability distribution pi transaction extract fis mathcal one attempt infer itemsets frequently e probability least theta generate pi call true frequent itemsets tfis due inherently stochastic nature generative process set fis rough approximation set tfis often contain huge number emph false positive e spurious itemsets among tfis work design analyze algorithm identify threshold hat theta collection itemsets frequency least hat theta mathcal contains tfis probability least delta user specify delta method use result statistical learn theory involve empirical vc dimension problem hand allow u identify almost tfis without include false positive also experimentally compare method direct mining mathcal frequency theta technique base widely use standard bound e chernoff bound binomial distribution show algorithm outperforms method achieves even good result guarantee theoretical analysis', 'classify time series near neighbor approach widely used practice performance often competitive good elaborate method neural network decision tree support vector machine develop theoretical justification effectiveness near neighbor like classification time series guide hypothesis many application forecast topic become trend twitter actually many prototypical time series begin relative number time series access e g topic become trend twitter distinct manner whereas collect massive amount twitter data operationalize hypothesis propose latent source model time series naturally lead weighted majority vote classification rule approximate near neighbor classifier establish nonasymptotic performance guarantee weight majority voting near neighbor classification model account much time series observe model complexity experimental result synthetic data show weighted majority vote achieve misclassification rate near neighbor classification observe less time series use weighted majority forecast news topic twitter become trend able detect trend topic advance twitter time mean early advantage hour minute true positive rate false positive rate']",5196
49,26,49_mean square_rkhss_lm_impulse,"['mean square', 'rkhss', 'lm', 'impulse', 'calculus', 'complex', 'cdma', 'cklms', 'stable spline', 'signal']","['although real reproducing kernel use increase number machine learn problem complex kernel yet use spite potential interest application communication work focus attention complex gaussian kernel possible application complex kernel lm algorithm order derive gradient need develop complex kernel lm cklms employ powerful tool wirtinger calculus recently attract much attention signal processing community writinger calculus simplifies computation offer elegant tool treat complex signal end notion writinger calculus extend include complex rkhss experiment verify cklms offer significant performance improvement traditional complex lm widely linear complex lm wl lm algorithms deal nonlinearities', 'last decade kernel method nonlinear process successfully use machine learn community primary mathematical tool employ method notion reproduce kernel hilbert space however far emphasis batch technique recently online technique consider context adaptive signal processing task moreover effort focussed real value data sequence best knowledge adaptive kernel base strategy develop far complex value signal furthermore although real reproducing kernel use increase number machine learn problem complex kernel yet use spite potential interest application deal complex signal communication typical example paper present general framework attack problem adaptive filtering complex signal use either real reproducing kernel take advantage technique call textit complexification real rkhss complex reproducing kernel highlight use complex gaussian kernel order derive gradient operator need define associate complex rkhss employ powerful tool wirtinger calculus recently attract attention signal processing community end paper notion wirtinger calculus extend first time include complex rkhss use derive several realization complex kernel least mean square cklms algorithm experiment verify cklms offer significant performance improvement several linear nonlinear algorithm deal nonlinearities', 'last decade kernel method nonlinear process successfully use machine learn community however far emphasis batch technique recently online adaptive technique consider context signal processing task best knowledge kernel base strategy develop far able deal complex value signal paper take advantage technique call complexification real rkhss attack problem order derive gradient subgradients operator need define associate complex rkhss employ powerful tool ofwirtinger calculus recently attract much attention signal processing community writinger calculus simplifies computation offer elegant tool treat complex signal end paper notion writinger calculus extend first time include complex rkhss use derive complex kernel least mean square cklms algorithm experiment verify cklms use derive nonlinear stable algorithm offer significant performance improvement traditional complex lm orwidely linear complex lm wl lm algorithms deal nonlinearities']",5196
50,25,50_boltzmann_boltzmann machine_rbms_rbm,"['boltzmann', 'boltzmann machine', 'rbms', 'rbm', 'restrict boltzmann', 'dbms', 'grbms', 'cd', 'restrict', 'rbms dbms']","['introduce novel training principle probabilistic model alternative maximum likelihood propose generative stochastic network gsn framework base learn transition operator markov chain whose stationary distribution estimate data distribution transition distribution markov chain conditional previous state generally involve small move conditional distribution few dominant mode unimodal limit small move thus easy learn easy approximate partition function like learn perform supervise function approximation gradient obtain backprop provide theorems generalize recent work probabilistic interpretation denoising autoencoders obtain along way interesting justification dependency network generalize pseudolikelihood along definition appropriate joint distribution sample mechanism even conditionals consistent gsns use miss input use sample subset variable give rest validate theoretical result experiment two image datasets use architecture mimic deep boltzmann machine gibbs sampler allow train proceed simple backprop without need layerwise pretraining', 'restrict boltzmann machine rbms generative model learn useful representation sample dataset unsupervised fashion widely employ unsupervised pre training method machine learn rbms modify model time series two main way temporal rbm stack number rbms laterally introduces temporal dependency hide layer unit conditional rbm hand considers past sample dataset conditional bias learn representation take account propose new train method trbm crbm enforces dynamic structure temporal datasets treat temporal model denoising autoencoders consider past frame dataset corrupt version present frame minimize reconstruction error present data model call approach temporal autoencoding lead significant improvement performance model fill frame task across number datasets error reduction motion capture data crbm trbm take posterior mean prediction instead single sample improve model estimate decrease error much crbm motion capture data also train model perform forecast large number datasets find ta pretraining consistently improve performance forecast furthermore look prediction error across time see improvement reflect good representation dynamic data oppose bias towards reconstruct observe data short time scale', 'work analyzes center binary restricted boltzmann machine rbms binary deep boltzmann machine dbms center do subtract offset value visible hidden variable show analytically center result different equivalent parameterization artificial neural network general ii expect performance center binary rbms dbms invariant simultaneous flip data offset offset value range zero one iii center reformulate different update rule normal binary rbms dbms iv use enhanced gradient equivalent set offset value average model data mean furthermore numerical simulation suggest optimal generative performance achieve subtract mean value visible well hidden variable ii center rbms dbms reach significantly high log likelihood value normal binary rbms dbms iii center variant whose offset depend model mean like enhanced gradient suffer severe divergence problem iv learn stabilize exponentially move average batch mean use offset value instead current batch mean also prevent enhanced gradient diverge v center rbms dbms reach high value normal rbms dbms small norm weight matrix vi center lead update direction closer natural gradient natural gradient extremly efficient train rbms vii center dispense need greedy layer wise pre training dbms viii furthermore show pre training often even worsen result independently whether center use ix center also beneficial auto encoders']",5196
51,25,51_inequality_concentration inequality_concentration_fast rate,"['inequality', 'concentration inequality', 'concentration', 'fast rate', 'oracle inequality', 'erm', 'aggregation', 'sharp oracle', 'generalization bound', 'deviation']","['generalization bound learn theory base measure complexity hypothesis class use independently algorithm contrast notion algorithmic stability use derive tight generalization bound tailor specific learn algorithms exploit particular property however much learn theory exist stability analysis bound apply scenario sample independently identically distribute many machine learn application however assumption hold observation receive learn algorithm often inherent temporal dependence paper study scenario observation draw stationary phi mix beta mix sequence widely adopt assumption study non process implies dependence observation weaken time prove novel distinct stability base generalization bound stationary phi mix beta mix sequence bound strictly generalize bound give case apply stable learn algorithms thereby extend use stability bound non scenario also illustrate application phi mix generalization bound general class learn algorithm include support vector regression kernel ridge regression support vector machine many kernel regularization base relative entropy base regularization algorithm novel bound thus view first theoretical basis use algorithm non scenario', 'consider random design regression model square loss propose method aggregate empirical minimizers erm appropriately choose random subset reduce erm extreme case establish sharp oracle inequality risk show varepsilon p growth empirical varepsilon entropy excess risk propose method attains rate n p p n p p n sample size furthermore p excess risk rate match behavior minimax risk function estimation regression problem well specify model yield conclusion rate statistical estimation well specify model minimax risk misspecified model minimax regret equivalent regime p word p problem statistical learning enjoy minimax rate problem statistical estimation contrary p show rate minimax regret general slow minimax risk oracle inequality also imply v log n v n rate vapnik chervonenkis type class dimension v without usual convexity assumption class show rate optimal finally slightly modify method derive bound excess risk sparse convex aggregation improve lounici math method statist provide optimal rate', 'empirical risk minimization erm fundamental learning rule statistical learning problem data generate accord unknown distribution mathsf p return hypothesis f choose fixed class mathcal f small loss ell parametric set depend upon ell mathcal f mathsf p erm slow sqrt n fast n rate convergence excess risk function sample size n exist several result give sufficient condition fast rate term joint property ell mathcal f mathsf p margin condition bernstein condition non statistical prediction expert advice set analogous slow fast rate phenomenon entirely characterize term mixability loss ell role mathcal f mathsf p notion stochastic mixability build bridge two model learn reduce classical mixability special case present paper present direct proof fast rate erm term stochastic mixability ell mathcal f mathsf p provide new insight fast rate phenomenon proof exploit old result kemperman solution general moment problem also show partial converse suggest characterization fast rate erm term stochastic mixability possible']",5196
52,24,52_intrusion_detection_intrusion detection_anomaly,"['intrusion', 'detection', 'intrusion detection', 'anomaly', 'anomaly detection', 'attack', 'traffic', 'file', 'detection rate', 'network traffic']","['paper novel system detect meaningful deviation mobile application network behavior propose main goal propose system protect mobile device user cellular infrastructure company malicious application new system capable identify malicious attack masquerade application instal mobile device identify republish popular application inject malicious code detection perform base application network traffic pattern application two type model learn first model local represent personal traffic pattern user use application learn device second model collaborative represent traffic pattern numerous user use application learn system server machine learn method use learn detection purpose paper focus method utilized local e mobile device learn detection deviation normal application behavior method implement evaluated android device evaluation experiment demonstrate various application specific network traffic pattern certain application category distinguishable network pattern different level deviation normal behavior detect accurately local learn feasible low performance overhead mobile device', 'malicious software abundant world innumerable computer user constantly face threat various source like internet local network portable drive malware potentially low high risk cause system function incorrectly steal data even crash malware may executable system library file form virus worm trojan aim breach security system compromise user privacy typically anti virus software base signature definition system keep updating internet thus keep track know virus may sufficient home user security risk new virus could threaten entire enterprise network paper propose new sophisticated antivirus engine scan file also build knowledge detect file potential virus do extract system api call make various normal harmful executable use machine learn algorithms classify hence rank file scale security risk system processor heavy effective use centrally protect enterprise network maybe prone threat', 'mobile ad hoc network manet become excite important technology recent year rapid proliferation wireless device manet highly vulnerable attack due open medium dynamically change network topology lack centralize monitoring point important search new architecture mechanism protect wireless network mobile compute application id analyze network activity mean audit data use pattern well know attack normal profile detect potential attack two method analyze misuse detection anomaly detection misuse detection effective unknown attack therefore anomaly detection method use approach audit data collect mobile node simulate attack compare normal behavior system deviation normal behavior event consider attack feature collect audit data may redundant contribute little detection process essential select important feature increase detection rate paper focus implement two feature selection method namely markov blanket discovery genetic algorithm genetic algorithm bayesian network construct collected feature fitness function calculate base fitness value feature select markov blanket discovery also use bayesian network feature select depend minimum description length evaluation phase performances approach compare base detection rate false alarm rate']",5196
53,24,53_diffusion_agent_adaptive network_mean square,"['diffusion', 'agent', 'adaptive network', 'mean square', 'asynchronous', 'distribute', 'topology', 'diffusion strategy', 'sensor', 'link failure']","['part cite zhao tspasync introduce fairly general model asynchronous event adaptive network include random topology random link failure random data arrival time agent turn randomly perform stability analysis establish notable fact network still able converge mean square error sense desire solution stable behavior guarantee becomes important evaluate fast iterates converge close get optimal solution demand task due various asynchronous event due fact agent influence part ii carry detail analysis mean square error performance asynchronous strategy solve distributed optimization adaptation problem network derive analytical expression mean square convergence rate steady state mean square deviation expression reveal various parameter asynchronous behavior influence network performance process establish interesting conclusion even influence asynchronous event agent adaptive network still reach nu gamma near agreement gamma approach desired solution within nu accuracy nu proportional small step size parameter adaptation', 'work support part ii iii provide rather detailed analysis stability performance asynchronous strategy solve distributed optimization adaptation problem network examine asynchronous network subject fairly general source uncertainty change topology random link failure random data arrival time agent turn randomly model agent network may stop update solution may stop send receive information random manner without coordination agent establish part condition first second order moment relevant parameter distribution ensure mean square stable behavior derive part ii expression reveal various parameter asynchronous behavior influence network performance compare part iii performance asynchronous network performance centralize solution synchronous network one notable conclusion mean square error performance asynchronous network show degradation order nu nu small step size parameter convergence rate remain largely unaltered result provide solid justification remarkable resilience cooperative network face random failure multiple level agent link data arrival topology', 'part ii carry detailed mean square error analysis performance asynchronous adaptation learn network fairly general model asynchronous event include random topology random link failure random data arrival time agent turn randomly part iii compare performance synchronous asynchronous network also compare performance decentralize adaptation centralize stochastic gradient batch solution two interesting conclusion stand first result establish performance adaptive network largely immune effect asynchronous event mean mean square convergence rate asymptotic bias value degrade relative synchronous centralize implementation steady state mean square deviation suffers degradation order nu represent small step size parameter use adaptation second result show adaptive distribute network match performance centralize solution conclusion highlight another critical benefit cooperation network agent cooperation enhance performance comparison stand alone single agent processing also endow network remarkable resilience various form random failure event able deliver performance powerful batch solution']",5196
54,23,54_tweet_social medium_event_medium,"['tweet', 'social medium', 'event', 'medium', 'social', 'twitter', 'influence', 'message', 'user', 'diffusion']","['social medium channel twitter emerge popular platform crowd respond public event speech sport debate promise tremendous opportunity understand make sense reception event social medium promise come entwine significant technical challenge particular give event associate large scale collection tweet need approach effectively align tweet part event refer turn raise question segment event small yet meaningful part figure whether tweet general one entire event specific one aim particular segment event work present et lda effective method align event tweet joint statistical model topical influence event associated tweet model enable automatic segmentation event characterization tweet two category episodic tweet respond specifically content segment event steady tweet respond generally event present efficient inference method model comprehensive evaluation effectiveness exist method particular user study demonstrate user find topics segment alignment episodic tweet discover et lda high quality interest compare state art improvement range', 'problem cluster content social medium pervasive application include identification discussion topic event detection content recommendation describe stream framework online detection cluster meme social medium specifically twitter pre clustering procedure namely protomeme detection first isolate atomic token information carry tweet protomemes thereafter aggregate base multiple similarity measure obtain meme cohesive group tweet reflect actual concept topic discussion cluster algorithm take account various dimension data metadata include natural language social network pattern information diffusion result system build cluster semantically structurally topically related tweet cluster process base variant online k mean incorporate memory mechanism use forget old meme replace time new one evaluation framework carry use dataset twitter trend topic one week period systematically determine whether algorithm able recover trend hashtags show propose method outperform baseline algorithm use content feature well state art event detection method assume full knowledge underlie follower network finally show online learn framework flexible due independence adopt cluster algorithm best suit work stream scenario', 'anonymous message platform secret whisper emerge important social medium share one thought without fear judge friend family public anonymous platform crucial nation authoritarian government right free expression sometimes personal safety author message depend anonymity whether fear judgment personal endangerment crucial keep anonymous identity user initially post sensitive message paper consider adversary observes snapshot spread message certain time recent advance rumor source detection show exist message protocol vulnerable adversary introduce novel message protocol call adaptive diffusion show spread message fast achieves perfect obfuscation source underlie contact network infinite regular tree user message nearly equally likely origin message experiment sample facebook network show effectively hide location source even graph finite irregular cycle consider strong adversarial model subset collude user track reception message show adaptive diffusion provide strong protection anonymity source even scenario']",5196
55,23,55_mcmc_dpvi_variational_metropolis,"['mcmc', 'dpvi', 'variational', 'metropolis', 'hmc', 'posterior', 'monte', 'monte carlo', 'carlo', 'variational inference']","['propose new class learning algorithms combine variational approximation markov chain monte carlo mcmc simulation naive algorithm use variational approximation proposal distribution perform poorly approximation tend underestimate true variance feature data solve problem introducing sophisticated mcmc algorithm one algorithms mixture two mcmc kernel random walk metropolis kernel blockmetropolis hastings mh kernel variational approximation proposaldistribution mh kernel allow one locate region high probability efficiently metropolis kernel allow u explore vicinity region algorithm outperforms variationalapproximations yield slightly well estimate mean considerably well estimate high moment covariance also outperform standard mcmc algorithm locate theregions high probability quickly thus speed convergence demonstrate algorithm problem bayesian parameter estimation logistic sigmoid belief network', 'approximate inference high dimensional discrete probabilistic model central problem computational statistic machine learn paper describe discrete particle variational inference dpvi new approach combine key strength monte carlo variational search base technique dpvi base novel family particle base variational approximation fit use simple fast deterministic search technique like monte carlo dpvi handle multiple mode yield exact result well defined limit like unstructured mean field dpvi base optimize low bound partition function quantity intrinsic interest facilitates convergence assessment debug like monte carlo combinatorial search dpvi take advantage factorization sequential structure custom search operator paper define dpvi particle base approximation family partition function low bound along sequential dpvi local dpvi algorithm templates optimize dpvi illustrate evaluated via experiment lattice markov random field nonparametric bayesian mixture block model parametric well non parametric hidden markov model result include application real world spike sort relational modeling problem show dpvi offer appeal time accuracy trade offs compare multiple alternative', 'hamiltonian monte carlo hmc markov chain monte carlo mcmc algorithm avoids random walk behavior sensitivity correlate parameter plague many mcmc method take series step inform first order gradient information feature allow converge high dimensional target distribution much quickly simpler method random walk metropolis gibbs sample however hmc performance highly sensitive two user specify parameter step size epsilon desire number step l particular l small algorithm exhibit undesirable random walk behavior l large algorithm waste computation introduce u turn sampler nut extension hmc eliminates need set number step l nuts us recursive algorithm build set likely candidate point span wide swath target distribution stop automatically start double back retrace step empirically nut perform least efficiently sometimes efficiently well tuned standard hmc method without require user intervention costly tune run also derive method adapt step size parameter epsilon fly base primal dual averaging nut thus use hand tune nut also suitable application bug style automatic inference engine require efficient turnkey sample algorithm']",5196
56,22,56_worker_crowdsourcing_crowd_map rule,"['worker', 'crowdsourcing', 'crowd', 'map rule', 'ordinal measurement', 'error rate', 'ordinal', 'majority', 'requester', 'reliability']","['paper considers challenge evaluate set classifier do share task evaluation like kdd cup nist trec without expert label expert label provide traditional cornerstone evaluate statistical learner limit expensive access expert represent practical bottleneck instead seek methodology estimate performance classifier scalable expert labeling yet preserve high correlation evaluation base expert label consider use label automatically generate classifier blind evaluation use label obtain via crowdsourcing crowdsourcing method laud scalability use data evaluation raise serious concern give prevalence label noise regard blind evaluation two broad strategy investigate combine score score combine method infer single pseudo gold label set aggregate classifier label classifier evaluate base single pseudo gold label set hand score combine method sample multiple label set classifier output evaluate classifier label set average classifier performance across label set additional crowd label also collect investigate two alternative avenue exploit direct evaluation classifier supervision combine score method assess generality technique classifier performance measure use four common classification metric statistical significance test finally measure score rank correlation estimate classifier performance v actual performance accord expert judgment rigorous evaluation classifier trec crowdsourcing track show reliable evaluation achieve without reliance expert label', 'crowdsourcing system numerous task electronically distribute numerous information piece worker emerge effective paradigm human power solve large scale problem domains image classification data entry optical character recognition recommendation proofread low pay worker unreliable nearly system must devise schemes increase confidence answer typically assign task multiple time combine answer appropriate manner e g majority vote paper consider general model crowdsourcing task pose problem minimizing total price e number task assignment must pay achieve target overall reliability give new algorithm decide task assign worker infer correct answer worker answer show algorithm inspired belief propagation low rank matrix approximation significantly outperform majority vote fact optimal comparison oracle know reliability every worker compare approach general class algorithm dynamically assign task adaptively decide question ask next arriving worker one might hope reduce uncertainty efficiently show perhaps surprisingly minimum price necessary achieve target reliability scale manner adaptive non adaptive scenario hence non adaptive approach order optimal scenario strongly rely fact worker fleet exploit therefore architecturally result suggest build reliable worker reputation system essential fully harness potential adaptive design', 'consider requester wish crowdsource series identical binary labeling task pool worker achieve assure accuracy task cost optimal way worker heterogeneous unknown fixed quality cost private problem select task optimal subset worker outcome obtain selected worker guarantee target accuracy level problem challenge one even non strategic set since accuracy aggregate label depends unknown quality develop novel multi arm bandit mab mechanism solve problem first propose framework assure accuracy bandit aab lead mab algorithm constrain confidence bound non strategic set ccb ns derive upper bound number time step algorithm chooses sub optimal set depend target accuracy level true quality challenge situation arise requester learn qualities worker also elicit true cost modify ccb ns algorithm obtain adaptive exploration separate algorithm call em constrain confidence bound strategic set ccb ccb algorithm produce ex post monotone allocation rule thus transform ex post incentive compatible ex post individually rational mechanism learn quality worker guarantee give target accuracy level cost optimal way provide low bound number time algorithm select sub optimal set see low bound match upper bound upto constant factor provide insight practical implementation framework illustrative example show efficacy algorithms simulation']",5196
57,21,57_subspace_ssc_subspace cluster_lrr,"['subspace', 'ssc', 'subspace cluster', 'lrr', 'number subspace', 'cluster ssc', 'sparse subspace', 'subspace segmentation', 'cluster', 'subspace dimension']","['paper develop method unsupervised cluster two way matrix data combine two recent innovation different field sparse subspace cluster ssc algorithm group point come union subspace respective subspace product introduce provide matrix like multiplication third order tensor algorithm analogous ssc affinity different data point build use sparse self representation data unlike ssc employ product self representation allow u flexibility model infact ssc special case method use product three way array treat matrix whose element scalars n tuples tubes convolution take place scalar multiplication framework allow u embed data vector space like structure call free module commutative ring free module retain many property complex inner product space leverage provide theoretical guarantee algorithm show compare vector space counterpart ssmc achieve high accuracy well able cluster data less preprocessing image cluster problem particular show performance propose method weizmann face database extend yale b face database mnist handwritten digit database', 'many real world problem deal collection high dimensional data image videos text web document dna microarray data often high dimensional data lie close low dimensional structure correspond several class category data belongs paper propose study algorithm call sparse subspace cluster ssc cluster data point lie union low dimensional subspace key idea among infinitely many possible representation data point term point sparse representation corresponds select point subspace motivate solve sparse optimization program whose solution use spectral cluster framework infer cluster data subspace since solve sparse optimization program general np hard consider convex relaxation show appropriate condition arrangement subspace distribution data propose minimization program succeed recover desired sparse representation propose algorithm solve efficiently handle data point near intersection subspace another key advantage propose algorithm respect state art deal data nuisance noise sparse outlying entry miss entry directly incorporate model data sparse optimization program demonstrate effectiveness propose algorithm experiment synthetic data well two real world problem motion segmentation face cluster', 'recently line research work propose employ spectral cluster sc segment group throughout paper use segmentation cluster group verb form interchangeably high dimensional structural data approximately lie subspace follow liu robust use term subspace denote linear subspace affine subspace trivial conversion linear subspace affine subspace mention therein low dimensional manifold learn affinity matrix form sparse reconstruction technique propose vein often considerably boost performance subspace setting traditional sc fail despite success fundamental problem leave unsolved spectrum property learn affinity matrix cannot gauge advance often one ugly symmetrization step post process affinity sc input hence advocate enforce symmetric positive semidefinite constraint explicitly learn low rank representation positive semidefinite constraint lrr psd show factually solve exquisite scheme efficiently instead general purpose sdp solver usually scale poorly provide rigorous mathematical derivation show canonical form lrr psd equivalent recently propose low rank representation lrr scheme liu robust hence offer theoretic practical insight lrr psd lrr invite future research per computational cost proposal comparable lrr less validate theoretic analysis optimization scheme experiment synthetic real data set']",5196
