Topic,Count,Name,Representation,Representative_Docs,Total
-1,1937,-1_agent_knowledge_learn_base,"['agent', 'knowledge', 'learn', 'base', 'logic', 'reason', 'application', 'uncertainty', 'decision', 'probability']","['notion class ubiquitous computer science central many formalism representation structure knowledge use knowledge representation databases paper study basic issue underlie representation formalism single common characteristic distinguish feature investigation lead u propose unifying framework able capture fundamental aspect several representation language use different context propose formalism express style description logic introduce knowledge representation mean provide semantically well founded basis structural aspect knowledge representation system description logic consider paper subset first order logic nice computational characteristic quite expressive feature novel combination construct study distinguish construct number restriction generalize existence functional dependency inverse role allow one refer inverse relationship possibly cyclic assertion necessary capture real world domains able show precisely combination construct make logic powerful enough model essential set feature define class structure common frame system object oriented database languages semantic data model consequence establish correspondence several significant extension formalisms become available high expressiveness logic propose need capture reason different context force u distinguish unrestricted finite model reason notable feature proposal reason case decidable argue virtue high expressive power associate reason capability unrestricted finite model logic provide common core class base representation formalism', 'traditional ai reason technique use successfully many domain include logistics scheduling game play paper part project aim investigate technique extend coordinate team unman aerial vehicle uavs dynamic environment specifically challenge real world environment uavs network enable device must communicate coordinate communication action neither reliable free network centric environment common military public safety commercial application yet research even multi agent plan usually take communication among distributed agent give address challenge develop agent architecture reason algorithm base answer set program asp asp choose task enables high flexibility representation knowledge reason task although asp use successfully number application asp base architecture study decade best knowledge first practical application complete asp base agent architecture also first practical application asp involve combination centralize reason decentralize reason execution monitoring reason network communication work empirically validate use distributed network centric software evaluation testbed result provide guidance designer understand control intelligent system operate environment', 'diagrammatic reason dr pervasive human problem solve powerful adjunct symbolic reason base language like representation research report paper contribution build general purpose dr system extension soar like problem solve architecture work framework dr model process subtasks solve appropriate either inference symbolic representation interaction diagram e perceive specify information diagram modifying create object diagram specify way accord problem solve need perception action dr system build far hand cod specific application even rest system build use general architecture absence general framework execute perception action pose major hindrance use opportunistically essence open end search problem solve goal develop framework execute wide variety specify perception action across task domain without human intervention observe domain task specific visual perception action transform domain task independent spatial problem specify spatial problem quantify constraint satisfaction problem real domain use open end vocabulary property relation action involve three kind diagrammatic object point curve region solve spatial problem specification require compute equivalent simplify quantifier free expression complexity inherently doubly exponential represent object configuration simple element facilitate decomposition complex problem simpler similar subproblems show symbolic solution subproblem express concisely quantifier eliminate spatial problem low order polynomial time use similar previously solve subproblems require determine similarity two problem existence map computable polynomial time design memory store previously solve problem facilitate search efficacy idea show time complexity analysis demonstrate propose approach execute perception action involve dr task two army application']",5563
0,377,0_image_brain_intelligence_recognition,"['image', 'brain', 'intelligence', 'recognition', 'human', 'neuron', 'cognitive', 'face', 'neural', 'object']","['paper summarize effort computationally model two transition evolution human creativity origins two million year ago big bang creativity year ago use computational model cultural evolution neural network base agent evolve idea action invention imitation test hypothesis human creativity begin onset capacity recursive recall compare run agent limited single step action run used recursive recall chain simple action complex one chain result high diversity open end novelty ceiling mean fitness action great ability make use learning use computational model portrait paint test hypothesis explosion creativity middle upper paleolithic due onset con textual focus capacity shift associative analytic thought result faster convergence portrait resemble sitter employ painterly technique rat preferable conclude recursive recall contextual focus provide computationally plausible explanation human evolve mean transform planet', 'gesture recognition mainly apprehensive analyze functionality human wits main goal gesture recognition create system recognize specific human gesture use convey information device control hand gesture provide separate complementary modality speech express one idea information associate hand gesture conversation degree discourse structure spatial temporal structure approach present mainly divide data glove base vision base approach important face feature point nose tip since nose high protrude point face besides affected facial expression another important function nose able indicate head pose knowledge nose location enable u align unknown face face database eye detection divide eye position detection eye contour detection exist work eye detection classify two major category traditional image base passive approach active ir base approach former us intensity shape eye detection latter work assumption eye reflection near ir illumination produce bright dark pupil effect traditional method broadly classify three category template base method appearance base method feature base method purpose paper compare various human gesture recognition system interfacing machine directly human wit without corporeal medium ambient environment', 'sp theory intelligence aim simplify integrate concept compute cognition information compression unify theme article discusses may apply understand natural vision development computer vision theory describe quite fully elsewhere describe outline enough detail ensure rest article make sense low level perceptual feature edge corner may identify extraction redundancy uniform area manner comparable run length encode technique information compression concept multiple alignment sp theory may apply recognition object scene analysis hierarchy part sub part multiple level abstraction theory potential unsupervised learn visual object class object suggest coherent concept may derive fragment natural vision recognition learn sp system robust face error omission commission substitution theory suggest via vision may piece together knowledge three dimensional structure object environment provide account may see thing objectively present image recognise something despite variation size retinal image thing say phenomena lightness constancy colour constancy role context recognition ambiguity visual perception strength sp theory provide integration vision sensory modality aspects intelligence']",5563
1,362,1_constraint_sit_solver_sat,"['constraint', 'sit', 'solver', 'sat', 'symmetry', 'clause', 'constraint satisfaction', 'consistency', 'instance', 'csp']","['verification optimal ai plan successful method formulate application boolean satisfiability sit solve state art dpll base procedure lack understand work well focussing plan context identify form problem structure concern symmetrical asymmetrical nature cost achieve individual planning goal quantify sort structure simple numeric parameter call asymratio range run experiment benchmark domains international planning competition since show asymratio good indicator sit solver performance domain examine carefully craft synthetic planning domain allow control amount structure clean enough rigorous analysis combinatorial search space domains parameterized size amount structure cnfs examine unsatisfiable encode one plan step less length optimal plan prove upper low bound size best possible dpll refutation different setting amount structure function size also identify best possible set branch variable backdoor minimum asymratio prove exponential low bound identify minimal backdoor size linear number variable maximum asymratio identify logarithmic dpll refutation backdoor show doubly exponential gap two structural extreme case reason behavior proof argument illuminate prototypical pattern structure cause empirical behavior observe competition benchmark', 'many combinatorial problem deal preference violation goal find solution minimum cost weight constraint satisfaction framework model problem consist set cost function measure degree violation preference different combination variable assignment typical solution method weight constraint satisfaction problem wcsps base branch bound search make practical use powerful consistency technique ac fdac edac deduce hide cost information value prune search technique however design efficient binary ternary cost function represent table form tackle many real life problem high arity global cost function require investigate efficient representation scheme algorithm bring benefit consistency technique also high arity cost function often derive hard global constraint classical constraint satisfaction literature suggest global cost function represent flow network minimum cost flow algorithm use compute minimum cost networks polynomial time show naive adoption flow base algorithmic method global cost function result strong form null inverse consistency show method modify handle cost projection extension maintain generalized version ac fdac cost function two variable similar generalization strong edac less straightforward reveal oscillation problem enforce edac cost function share one variable avoid oscillation propose weak version edac generalize weak edgac non binary cost function use various benchmark involve soft variant hard global constraint alldifferent gcc regular empirical result demonstrate proposal give improvement order magnitude compare traditional constraint optimization approach term time prune', 'code optimization high level synthesis pose constraint satisfaction optimization problem graph color use register allocation graph coloring also use model traditional csps relevant ai plan time table schedule provably optimal solution may desirable commercial defense application additionally application register allocation code optimization naturally occur instance graph color often small solve optimally recent wave improvement algorithms boolean satisfiability sit integer linear programming ilp suggest generic problem reduction method rather problem specific heuristic heuristic may upset new constraint heuristic tend ignore structure many relevant problem provably inapproximable problem reduction often lead highly symmetric sat instance symmetry know slow sat solver work compare several avenue symmetry break particular certain kind symmetry present generated instance focus reduce csps sit allow u leverage recent dramatic improvement sit solver automatically benefit future progress use variety black box sit solver without modify source code symmetry break technique static e detect symmetry add symmetry break predicate sbps pre processing important result work among type instance independent sbps study combination simple least complete construction effective experiment also clearly indicate instance independent symmetry mostly process together instance specific symmetry rather specification level contrary suggest literature']",5563
2,263,2_ontology_web_semantic_semantic web,"['ontology', 'web', 'semantic', 'semantic web', 'owl', 'rdf', 'service', 'query', 'description logic', 'description']","['datalog one best know rule base language extension use wide context application important datalog extension disjunctive datalog significantly increase expressivity basic language disjunctive datalog useful wide range application range database e g data integration artificial intelligence e g diagnosis plan incomplete knowledge however recent year important shortcoming datalog base language become evident e g context data integration consistent query answer ontology base data access semantic web application language permit generation reason unnamed individual obvious way general weak support many case existential quantification overcome problem datalogex recently propose extends traditional datalog existential quantification rule head work propose natural extension disjunctive datalog datalogex call datalogexor allow disjunction existential quantification rule head therefore attractive language knowledge representation reason especially domains ontology base reason need formally define syntax semantics language datalogexor provide notion instantiation prove adequate datalogexor main issue datalogex hence also datalogexor decidability longer guarantee typical reasoning task order address issue identify many decidable fragment language extend natural way analog class define non disjunctive case moreover carry depth complexity analysis derive interesting result range logarithmic space exponential time', 'hybrid mknf knowledge base one prominent tightly integrated combination open world ontology language close world non monotonic rule paradigm definition hybrid mknf parametric description logic dl underlie ontology language sense non monotonic rule extend decidable dl language two related semantics define hybrid mknf one base stable model semantics logic program one well founded semantics wfs wfs definition hybrid mknf relies bottom computation polynomial data complexity whenever dl language tractable define general query driven procedure hybrid mknf sound respect stable model base semantics sound complete respect wfs variant procedure able answer slightly restrict form conjunctive query base tabled rule evaluation extend external oracle capture reason within ontology abstract oracle receive input query along knowledge already derive reply possibly empty set atom define rule whose truth would suffice prove initial query appropriate assumption complexity abstract oracle general procedure maintain data complexity wfs hybrid mknf knowledge base illustrate approach provide concrete oracle el fragment light weight dl el oracle practical use el language underlie owl el part w c recommendation semantic web tractable reason task subsumption show query drive hybrid mknf preserve polynomial data complexity use el oracle wfs', 'one key challenge electronic government e government development system easily integrate interoperated provide seamless service delivery citizens recent year semantic web technology base ontology emerged promising solution engineering problem however current research practice semantic development e government focus application available methodology platform develop government domain ontology furthermore research provide detailed guideline develop semantic ontology model government service domain research present case study combine ontology build methodology two state art semantic web platform namely protege java jena ontology api semantic ontology development e government firstly framework adopt uschold king ontology build methodology employ build domain ontology describe semantic content government service domain thereafter uml use semi formally represent domain ontology finally protege jena api employ create web ontology language owl resource description framework rdf representation domain ontology respectively enable computer processing study aim provide e government developer particularly develop world detail guideline practice semantic content development e government project strengthen adoption semantic technology e government study would also interest novice semantic web developer might use start point investigation']",5563
3,255,3_bayesian network_network_belief network_bayesian,"['bayesian network', 'network', 'belief network', 'bayesian', 'cutset', 'belief', 'bn', 'inference', 'exact', 'sample']","['map problem find probable instantiation set nvariables bayesian network give evidence map appear significantly hard problem relate problem compute probability evidence pr mpe special case map complexity map lack viable algorithm approximate map computation generally avoid practitioner paper investigate complexity map show map complete np also provide negative complexity result elimination base algorithm turn map remain hard even mpe pr easy show map npcomplete network restrict polytrees even effectively approximate approximation algorithm guarantee result investigate best effort approximation introduce generic map approximation framework one instantiation implement local search couple belief propagation bp approximate map show extract approximate evidence retraction information belief propagation allow u perform efficient local search allow map approximation even network complex even exactly solve easy problem compute pr mpe experimental result indicate use bp local search provide accurate map estimate many case', 'map problem find probable instantiation set variable give evidence map always perceive significantly hard related problem compute probability variable instantiation pr problem compute probable explanation mpe paper investigate complexity map bayesian network specifically show map complete np pp provide negative complexity result algorithms base variable elimination also show map remain hard even mpe pr become easy example show map np complete network restrict polytrees even effectively approximate give difficulty compute map exactly difficulty approximate map provide useful guarantee result approximation investigate best effort approximation introduce generic map approximation framework provide two instantiation framework one network amenable exact inference pr one network even exact inference hard allow map approximation network complex even exactly solve easy problem pr mpe experimental result indicate use approximation algorithm provide much good solution standard technique provide accurate map estimate many case', 'stochastic sample algorithms attractive alternative exact algorithms large bayesian network model observe perform poorly evidential reason extremely unlikely evidence address problem propose adaptive importance sample algorithm ai bn show promise convergence rate even extreme condition seem outperform exist sample algorithm consistently three source performance improvement two heuristic initialization importance function base theoretical property importance sample finite dimensional integral structural advantage bayesian network smooth learn method importance function dynamic weighting function combine sample different stage algorithm test performance ai bn algorithm along two state art general purpose sample algorithms likelihood weight fung chang shachter peot self importance sample shachter peot use test three large real bayesian network model available scientific community cpcs network pradhan et al pathfinder network heckerman horvitz nathwani andes network conati gertner vanlehn druzdzel evidence unlikely ais bn algorithm always perform well two algorithms majority test case achieve order magnitude improvement precision result improvement speed give desire precision even dramatic although unable report numerical result algorithms almost never achieve precision reach even first iteration ais bn algorithm']",5563
4,162,4_policy_mdps_markov decision_pomdps,"['policy', 'mdps', 'markov decision', 'pomdps', 'iteration', 'value function', 'value iteration', 'markov', 'mdp', 'pomdp']","['give markov decision process mdp n state totalnumber action study number iteration need bypolicy iteration pi algorithm converge optimal gamma discount policy consider two variation pi howard spi change action state positive advantage simplex pi change action state maximaladvantage show howard pi terminate leave frac gamma log leave frac gamma right right iteration improve factor log n result hansen etal simplex pi terminates leave frac nm gamma log leave frac gamma right right iteration improve factor log n result ye undersome structural property mdp consider bound thatare independent discount factor gamma quantity ofinterest bound tau tau r uniform state andpolicies respectively emph expected time spend transientstates emph inverse frequency visit recurrentstates give process start uniform distribution indeed show simplex pi terminates tilde leave n tau tau r right iteration extend arecent result deterministic mdps post ye tau le tau r le n particular show simplex pi isstrongly polynomial much large class mdps explain whysimilar result seem hard derive howard pi finally underthe additional restrictive assumption state space ispartitioned two set respectively state transient andrecurrent policy show howard pi andsimplex pi terminate tilde n tau n tau r iteration', 'paper address problem planning uncertainty large markov decision process mdps factor mdps represent complex state space use state variable transition model use dynamic bayesian network representation often allow exponential reduction representation size structure mdps complexity exact solution algorithm mdps grow exponentially representation size paper present two approximate solution algorithm exploit structure factor mdps use approximate value function represent linear combination basis function basis function involve small subset domain variable key contribution paper show basic operation algorithms perform efficiently close form exploit additive context specific structure factor mdp central element algorithm novel linear program decomposition technique analogous variable elimination bayesian network reduce exponentially large lp provably equivalent polynomial size one one algorithm use approximate linear program second approximate dynamic program dynamic programming algorithm novel use approximation base max norm technique directly minimize term appear error bound approximate mdp algorithms provide experimental result problem state demonstrate promising indication scalability approach compare algorithm exist state art approach show problem exponential gain computation time', 'consider infinite horizon discount optimal control problem formalize markov decision process focus several approximate variation policy iteration algorithm approximate policy iteration conservative policy iteration cpi natural adaptation policy search dynamic programming algorithm infinite horizon case psdp infty recently propose non stationary policy iteration nspi algorithms describe performance bound make comparison pay particular attention concentrability constant involve number iteration memory require analysis highlight follow point performance guarantee cpi arbitrarily well api api alpha come cost relative exponential frac epsilon increase number iteration psdp infty enjoy best world performance guarantee similar cpi within number iteration similar api contrary api require constant memory memory need cpi psdp infty proportional number iteration may problematic discount factor gamma close approximation error epsilon close show nspi algorithm allows make overall trade memory performance simulation scheme confirm analysis']",5563
5,154,5_causal_pearl_independence_variable,"['causal', 'pearl', 'independence', 'variable', 'effect', 'causality', 'causal effect', 'observational', 'cause', 'causation']","['direct acyclic graph use fruitfully represent causal strucures pearl however social science elsewhere model often use correspond causally statistically direct graph direct cycle spirtes pearl discuss predict effect intervention model kind call linear non recursive structural equation model raise question whether possible make inference causal structure cycle form sample data particular exist general informative feasible reliable precedures infer causal structure conditional independence relation among variable sample generate unknown causal structure paper present discovery algorithm correct large sample limit give commonly often implicitly make plausible assumption provide information existence non existence causal pathways one variable another algorithm polynomial sparse graph', 'assume cause effect relationship variable describe direct acyclic graph correspond linear structural equation model consider identification problem total effect presence latent variable selection bias treatment variable response variable pearl colleague provide back door criterion front door criterion pearl conditional instrumental variable method brito pearl identifiability criterion total effect presence latent variable presence selection bias order solve problem propose new graphical identifiability criterion total effect base identifiable factor model result paper useful identify total effect observational study provide new viewpoint identification condition factor model', 'causal inference algorithms literature e g pearl spirt et al heckerman et al exploit assumption usually refer causal faithfulness stability condition paper highlight two component condition use constraint base algorithm call adjacency faithfulness orientation faithfulness point assume adjacency faithfulness true principle possible test validity orientation faithfulness base observation explore consequence make adjacency faithfulness assumption show familiar pc algorithm modify asymptotically correct weak adjacency faithfulness assumption roughly modify algorithm call conservative pc cpc check whether orientation faithfulness hold orientation phase avoids draw certain causal conclusion pc algorithm would draw however strong standard causal faithfulness condition actually obtain cpc algorithm show output pattern pc algorithm large sample limit also present simulation study show cpc algorithm run almost fast pc algorithm output significantly few false causal arrowhead pc algorithm realistic sample size end paper discuss score base algorithms ge perform adjacency faithfulness standard causal faithfulness condition hold extend work fci algorithm allow possibility latent variable']",5563
6,105,6_probability_belief_plausibility_possibility,"['probability', 'belief', 'plausibility', 'possibility', 'uncertainty', 'reason', 'logic', 'proposition', 'probability logic', 'probabilistic']","['l enough evidence render sentence probable la relative know rational believe evidence may longer probable relative know rational believe seem perfectly ordinary common sense pair situation generally vaguely take embody shall call probabilistic inference form inference clearly non monotonic relatively people take form inference base high probability serve foundation non monotonic logic logical defeasible inference exception jane nutter think sometimes probability something non monotonic reason judea pearl recently explore possibility number people one might call probability enthusiast feel probability provide answer need help logic cheeseman henrion others think useful look distribution probability whole algebra statement update distribution light new evidence use late updated distribution probability algebra basis planning decision make slightly weak form approach capture nilsson one assume certain probability certain statement infers probability constraint probability statement none correspond call probabilistic inference inference take place either bayesian updating probabilistic logic strictly deductive deductive inference particularly concerned distribution classical probability chance great importance say important role earlier logician call ampliative inductive scientific inference conclusion go beyond premise assert premise depend david israel call real rule inference characteristic logic inference procedure go wrong statement accept one point may reject later point research underlie result report partially support signal warfare center united state army', 'probability theory epistemically interpret provide excellent best available account inductive reason general definite rule change subjective probability information experience induction belief change one topic basic rule simply conditionalize respect information receive similar general rule hence fundamental reason epistemological success probability theory exist well behave concept conditional probability still people reason various concern probability theory one start point intuitively notion plain belief believe proposition true false neither probability theory however offer formal counterpart notion believe probability probability incorrigible plain belief clearly corrigible believe give probability large c believe believe b usually take equivalent believing b thus seem formal representation plain belief take non probabilistic route indeed represent plain belief seem easy enough simply represent epistemic state set proposition believe true since make common assumption plain belief deductively close conjunction proposition believe true yet provide theory induction e answer question epistemic state represent change tbrough information experience convince partial answer new information compatible old epistemic state new epistemic state simply represent conjunction new information old belief answer partial cover quite common case new information incompatible old belief however important complete answer cover case otherwise would represent plain belief conigible crucial problem good completion epistemic state represent simply conjunction proposition believe true answer cannot complete though lot fruitful work representation epistemic state propose far know provide complete solution problem paper want suggest solution fully argue solution certain plausible desideratum satisfy section content formally define intuitively explain proposal compare proposal probability theory section turn theory propose structurally homomorphic probability theory important respect thus equally easily implementable moreover computationally simple section contains brief comparison various kind logic particular conditional logic shackle function potential surprise related theory dempster shafer theory belief function', 'nilsson propose probabilistic logic truth value logical proposition probability value applicable logical system consistency finite set proposition establish probabilistic inference scheme reduces ordinary logical inference probability proposition either logic limitation probabilistic reason system bayesian approach common sense reason consistency natural assumption well know example dick quaker quaker pacifist republicans pacifist dick republican tweety bird bird fly tweety penguin paper shall propose extension probabilistic logic second section shall consider space interpretation consistent term frame discernment basic probability assignment bpa belief function define dempster combination rule applicable extension probabilistic logic call evidential logic proposition belief function represent interval spt pls interval collapse single point evidential logic reduces probabilistic logic generalize version necessarily consistent interpretation certainly get nilsson probabilistic logic restrict consistent interpretation third section shall give probabilistic interpretation probabilistic logic term multi dimensional random variable interpretation brings probabilistic logic framework probability theory let u consider finite set sl sn logical proposition proposition may true false value may consider random variable probability distribution proposition e dimensional random variable sl sn may take value space interpretation n binary vector may compute absolute marginal conditional joint probability distribution turn permissible probabilistic interpretation vector nilsson consist joint probability inconsistent interpretation appear set joint probability zero sum appropriate joint probability get probability individual proposition subset proposition since bayes formula technique valid e dimensional random variable probabilistic logic actually close bayesian inference scheme last section shall consider relaxation scheme probabilistic logic system new evidence update belief measure collection proposition also constraint satisfaction among proposition relational network revise measure mechanism similar human reason evaluative process converge satisfactory result main idea arises consistent label problem computer vision method originally apply scene analysis line drawing later apply match constraint satisfaction multi sensor fusion several author see reference cite recently method use knowledge aggregation landy hummel']",5563
7,103,7_immune_attack_detection_intrusion,"['immune', 'attack', 'detection', 'intrusion', 'artificial immune', 'cell', 'dca', 'security', 'intrusion detection', 'dendritic cell']","['penetration test methodology assess network security generate execute possible attack automatically allow regular systematic test key question automatically generate attack natural way address issue attack planning problem thesis concern specific context regular automate pentesting use term attack plan sense follow three research direction investigate first introduce conceptual model computer network attack base analysis penetration test practice study attack model represent pddl language describe implementation integrate classical planner penetration test tool allow u automatically generate attack path real world pentesting scenario validate attack execute secondly present efficient probabilistic planning algorithm specifically design problem achieve industrial scale runtime performance able solve scenario several hundred host exploit algorithm take account probability success action expect cost example term execution time network traffic generate finally take different direction instead try improve efficiency solution develop focus improve model attacker model attack planning problem term partially observable markov decision process pomdp ground penetration test well research formalism pomdps allow model information gather integral part problem thus provide first time mean intelligently mix scan action actual exploit', 'biological immune system robust complex adaptive system defend body foreign pathogen able categorize cell molecule within body self cell non self cell help distribute task force intelligence take action local also global perspective use network chemical messenger communication two major branch immune system innate immune system unchanging mechanism detects destroy certain invade organisms whilst adaptive immune system respond previously unknown foreign cell build response remain body long period time remarkable information process biological system catch attention computer science recent year novel computational intelligence technique inspire immunology emerge call artificial immune system several concept immune extract applied solution real world science engineering problem tutorial briefly describe immune system metaphor relevant exist artificial immune system method show illustrative real world problem suitable artificial immune system give step step algorithm walkthrough one problem comparison artificial immune system well know algorithms area future work tip trick list resource round tutorial noted artificial immune system still young evolve field yet fix algorithm template hence actual implementation might differ somewhat time time example give', 'biological immune system robust complex adaptive system defend body foreign pathogen able categorize cell molecule within body self cell non self cell help distribute task force intelligence take action local also global perspective use network chemical messenger communication two major branch immune system innate immune system unchanging mechanism detects destroy certain invade organisms whilst adaptive immune system respond previously unknown foreign cell build response remain body long period time remarkable information process biological system catch attention computer science recent year novel computational intelligence technique inspire immunology emerge call artificial immune system several concept immune extract applied solution real world science engineering problem tutorial briefly describe immune system metaphor relevant exist artificial immune system method show illustrative real world problem suitable artificial immune system give step step algorithm walkthrough one problem comparison artificial immune system well know algorithms area future work tip trick list resource round tutorial noted artificial immune system still young evolve field yet fix algorithm template hence actual implementation might differ somewhat time time example give']",5563
8,92,8_dempster_belief function_dempster shafer_shafer,"['dempster', 'belief function', 'dempster shafer', 'shafer', 'evidence', 'belief', 'dempster rule', 'evidential', 'combination', 'shafer evidence']","['expert find information retrieval task concern search knowledgeable people topic basis document describe people activity task involve take user query input return list people sort level expertise regard user query paper introduces novel approach combine multiple estimator expertise base multisensor data fusion framework together dempster shafer theory evidence shannon entropy specifically define three sensor detect heterogeneous information derive textual content graph structure citation pattern community expert profile information academic expert give evidence collect sensor may define different candidate expert consequently agree final ranking decision deal conflict apply dempster shafer theory evidence combine shannon entropy formula fuse information come accurate reliable final ranking list experiment make two datasets academic publication computer science domain attest adequacy propose approach traditional state art approach also make experiment representative supervise state art algorithm result reveal proposed method achieve similar performance compare supervise technique confirm capability propose framework', 'inappropriate use dempster rule combination lead author reject dempster shafer model argue lead supposedly unacceptable conclusion default involve classic example penguin tweety paper successively present origin miss management tweety example two type default correct solution type base transferable belief model interpretation dempster shafer model shafer smets except explicitly state belief function use paper simple support function e belief function one proposition focus frame discernment receives positive basic belief mass remain mass give tautology belief function describe focus weight focus e g computation basic belief mass always perform vacuously extend belief function product space build variable involve combine space dempster rule combination project result space correspond individual variable', 'evidential reason expert system often use ad hoc uncertainty calculus although generally accept probability theory provide firm theoretical foundation researcher find problem use workable uncertainty calculus among problem representation ignorance consistency probabilistic judgement adjustment priori judgement experience application metaprobability theory evidential reason new approach solve problem metaprobability theory view way provide soft hard constraint beliefs much manner dempster shafer theory provide constraint probability mass subset state space thus use dempster shafer theory alternative theory evidential reason illuminate metaprobability theory theory evidential reason goal paper compare metaprobability theory dempster shafer theory handle adjustment belief evidence respect particular thought experiment section give brief description metaprobability dempster shafer theory metaprobability theory deal high order probability apply evidential reasoning dempster shafer theory generalization probability theory evolve theory upper low probability section describes think experiment metaprobability dempstershafer analysis experiment think experiment focus form beliefs population type member type uniquely define value three feature b c three feature one member population know type could ascertain three feature two possible value e g either al belief form evidence accrue two sensor sensor sensor b sensor sense correspond define feature sensor report half observation half observation al sensor b report half observation b half bl base two piece evidence belief distribution type population note third feature observe sensor']",5563
9,87,9_landscape_schedule_local search_local optimum,"['landscape', 'schedule', 'local search', 'local optimum', 'bin', 'local', 'tabu', 'fitness', 'search', 'objective']","['paper describe proposition application local search metaheuristic multi objective optimization problem base two main principle heuristic search intensification variable neighborhood diversification perturbation successive iteration favorable region search space concept successfully test permutation flow shop schedule problem multiple objective obtain result encourage term quality another positive attribute approach simplicity require set parameter implementation pareto iterated local search metaheuristic base moopps computer system local search heuristic multi objective scheduling award european academic software award ronneby sweden http www easa award net http www bth se llab easa nsf', 'tabu search one effective heuristic locate high quality solution diverse array np hard combinatorial optimization problem despite widespread success tabu search researcher poor understand many key theoretical aspect algorithm include model high level run time dynamic identification search space feature influence problem difficulty consider question context job shop schedule problem jsp domain tabu search algorithms show remarkably effective previously demonstrate mean distance random local optimum near optimal solution highly correlate problem difficulty well know tabu search algorithm jsp introduce taillard paper discuss various shortcoming measure develop new model problem difficulty correct deficiency show taillards algorithm model high fidelity simple variant straightforward random walk random walk model account nearly variability cost require locate optimal sub optimal solution random jsps provide explanation difference difficulty random versus structure jsps finally discuss empirically substantiate two novel prediction regard tabu search algorithm behavior first method construct initial solution highly unlikely impact performance tabu search second tabu tenure select small possible simultaneously avoid search stagnation value large necessary lead significant degradation performance', 'recent year genetic algorithms emerge useful tool heuristic solution complex discrete optimisation problem particular considerable interest use tackle problem arise area schedule timetabling however classical genetic algorithm paradigm well equip handle constraint successful implementation usually require sort modification enable search exploit problem specific knowledge order overcome shortcoming paper concern development family genetic algorithm solution nurse rostering problem major uk hospital hospital make ward nurse ward group nurse whose shift schedule weekly basis addition fulfil minimum demand staff three daily shift nurse wish qualification take account schedule must also see fair unpopular shift spread evenly amongst nurse restriction team nurse special condition senior staff satisfied basis family genetic algorithms classical genetic algorithm consist n point crossover single bit mutation rank base selection solution space consist schedule nurse work require number shift remain constraint hard soft relaxed penalise fitness function talk start detail description problem initial implementation go highlight shortcoming approach term key element balance feasibility e cover demand work regulation quality measure nurse preference series experiment involve parameter adaptation niching intelligent weight delta cod local hill climb migration special selection rule outline show series enhancement able eradicate difficulty result base several month real data use measure impact modification show final algorithm able compete tabu search approach currently employ hospital talk conclude observation overall quality approach similar problem']",5563
10,84,10_planner_plan_planning_heuristic,"['planner', 'plan', 'planning', 'heuristic', 'competition', 'planning competition', 'ipc', 'international planning', 'domain', 'pddl']","['model check integrate planning system mips temporal least commitment heuristic search planner base flexible object orient workbench architecture design clearly separate explicit symbolic direct exploration algorithm set line line compute estimate associate data structure mips show distinguished performance last two international planning competition last event description language extend pure propositional planning include numerical state variable action duration plan quality objective function plan longer sequence action time stamp schedule participant fully automate track competition mips proven general system track every benchmark domain efficiently compute plan remarkable quality article introduces analyze important algorithmic novelty necessary tackle new layer expressiveness benchmark problem achieve high level performance extension include critical path analysis sequentially generate plan generate correspond optimal parallel plan linear time algorithm compute parallel plan bypass know np hardness result partial order schedule plan respect set action impose precedence relation efficiency algorithm also allow u improve exploration guidance encounter plan state correspond approximate sequential plan schedule one major strength mips static analysis phase ground simplifies parameterized predicate function operator infers knowledge minimize state description length detect domain object symmetry latter aspect analyze detail mips develop serve complete optimal state space planner admissible estimate exploration engine branch cut competition version however certain performance compromise make include float point arithmetic weight heuristic search exploration accord inadmissible estimate parameterized optimization', 'plan community see vast progress term size benchmark example domain independent planner tackle successfully key technique behind progress use heuristic function base relax plan task hand relaxation assume delete list empty unprecedented success method many commonly use benchmark example call understanding class domains method well suit investigation hand derive formal background understand perform case study cover range commonly use strip adl benchmark domain include example use first four international planning competition prove connection domain structure local search topology heuristic cost surface property idealize version heuristic function use modern planner idealize heuristic function call h differs practically use function return length optimal relaxed plan np hard compute identify several key characteristic topology h concern existence non existence unrecognized dead end well existence non existence constant upper bound difficulty escape local minimum bench distinction divide set planning domain taxonomy class vary h topology turn many investigated domain lie class relatively easy topology particularly domains lie class ffs search algorithm provide h polynomial solve mechanism also present result relate h approximation implement ff behavior regard dead end provably summarize result empirical investigation show many domain topological quality h largely inherited approximation overall investigation give rare example successful analysis connection typical case problem structure search performance theoretical investigation also give hint topological phenomenon might automatically recognizable domain analysis technique outline preliminary step make direction', 'fast downward classical planning system base heuristic search deal general deterministic planning problem encode propositional fragment pddl include advanced feature like adl condition effect derive predicate axiom like well know planner hsp ff fast downward progression planner search space world state plan task forward direction however unlike pddl plan system fast downward use propositional pddl representation planning task directly instead input first translate alternative representation call multi value plan task make many implicit constraint propositional planning task explicit exploit alternative representation fast downward us hierarchical decomposition plan task compute heuristic function call causal graph heuristic different traditional hsp like heuristic base ignore negative interaction operator article give full account fast downwards approach solve multi value plan task extend early discussion causal graph heuristic task involve axiom conditional effect present novel technique search control use within fast downwards best first search algorithm prefer operator transfer idea helpful action local search global best first search defer evaluation heuristic function mitigates negative effect large branch factor search performance multi heuristic best first search combine several heuristic evaluation function within single search algorithm orthogonal way also describe efficient data structure fast state expansion successor generator axiom evaluator present new non heuristic search algorithm call focus iterative broadening search utilizes information encode causal graph novel way fast downward proven remarkably successful classical e propositional non optimise track th international planning competition icaps follow footstep planner ff lpg experiment show also performs well benchmarks earlier plan competition provide insight usefulness new search enhancement']",5563
11,82,11_outlier_dimensional_classifier_dimensional space,"['outlier', 'dimensional', 'classifier', 'dimensional space', 'matrix', 'pca', 'tensor', 'boost', 'roc', 'classification']","['many performance metric introduce evaluation classification performance different origin niche application accuracy macro accuracy area roc curve roc convex hull absolute error brier score decomposition refinement calibration one way understanding relation among metric use variable operating condition either form misclassification cost class proportion thus metric may correspond expected loss range operate condition one dimension analysis precisely distribution take range operate condition lead important connection area proper score rule however show another dimension receive attention analysis performance metric new dimension give decision rule typically implement threshold choice method use score model paper explore many old new threshold choice method fix score uniform score driven rate drive optimal among others calculate loss method uniform range operate condition get loss absolute error brier score mean square error auc refinement loss respectively provide comprehensive view performance metric well systematic approach loss minimisation namely take model apply several threshold choice method consistent information available operating condition compare expect loss order assist procedure also derive several connection aforementioned performance metric highlight role calibration choose threshold choice method', 'non linear dimensionality reduction technique manifold learn algorithm become common way process analyze high dimensional pattern often attach target corresponds value unknown function application new point consist two step first embed new data point low dimensional space estimate function value test point neighbor embed space however find low dimension representation test point easy simple often powerful enough procedure pca much complicate method rely kind eigenanalysis spectral cluster sc diffusion map dm similarly target function evaluate average method like near neighbor may give unstable result function noisy thus smooth target function respect intrinsic low dimensional representation describe geometric structure examine data challenge task paper propose auto adaptive laplacian pyramid alp extension standard laplacian pyramid model incorporate modify loocv procedure avoids large cost standard one offer follow advantage selects automatically optimal function resolution stop time adapt data noise ii easy apply require parameterization iii overfit training set iv add extra cost compare classical interpolation method illustrate numerically alp behavior synthetic problem apply computation dm projection new pattern extension target function value radiation forecast problem high dimensional pattern', 'general problem minimize convex function compact convex domain investigate simple iterative approximation algorithm base method frank wolfe need projection step order stay inside optimization domain instead projection step linearize problem define current subgradient solve give step direction naturally stay domain framework generalizes sparse greedy algorithm frank wolfe primal dual analysis clarkson low rank sdp approach hazan arbitrary convex domain give convergence proof guarantee epsilon small duality gap epsilon iteration method allow u understand sparsity approximate solution l regularize convex optimization problem optimization simplex express function approximation quality obtain matching upper low bound theta epsilon sparsity l problem bound apply low rank semidefinite optimization bound trace show rank epsilon best possible well another application obtain sparse matrix epsilon non zero entry epsilon approximate solution optimize convex function class diagonally dominant symmetric matrix show propose first order method also apply nuclear norm max norm matrix optimization problem nuclear norm regularize optimization matrix completion low rank recovery demonstrate practical efficiency scalability algorithm large matrix problem e g netflix dataset general convex optimization bound matrix max norm algorithm first convergence guarantee best knowledge']",5563
12,80,12_bp_belief propagation_message pass_relaxation,"['bp', 'belief propagation', 'message pass', 'relaxation', 'lp', 'bethe', 'max product', 'pass', 'message', 'propagation']","['loopy belief propagation lbp perform reasonably well inference gaussian graphical model cycle performance unsatisfactory many others particular model lbp converge general converge compute variance incorrect except cycle free graph belief propagation bp non iterative exact paper propose em feedback message pass fmp message pass algorithm make use special set vertex call em feedback vertex set em fvs whose removal result cycle free graph fmp standard bp employ several time cycle free subgraph exclude fvs special message pass scheme use node fvs computational complexity exact inference k n k number feedback node n total number node size fvs large fmp intractable hence propose em approximate fmp pseudo fvs use instead fvs inference non cycle free graph obtain remove pseudo fvs carry approximately use lbp show approximate fmp converges yield exact mean variance pseudo fvs exact mean throughout remainder graph also provide theoretical result convergence accuracy approximate fmp particular prove error bound variance computation base theoretical result design efficient algorithm select pseudo fvs bound size choice pseudo fvs allow u explicitly trade efficiency accuracy experimental result show use pseudo fvs size large log n procedure converges much often quickly provide accurate result lbp entire graph', 'well know arbitrary graphical model statistical inference define tree e graph without loop solve exactly efficiently iterative belief propagation bp algorithm convergent unique minimum call bethe free energy functional general graphical model loopy graph functional may show multiple minimum iterative bp algorithm may converge one minimum may converge global minimum bethe free energy functional guarantee correspond optimal maximum likelihood ml solution zero temperature limit however exceptions general rule discuss cite kw cite bs two different context zero temperature version bp algorithm find ml solution special model graph loops two model share key feature ml solution find efficient linear program lp algorithm totally uni modular tum matrix constraint generalize two model consider class graphical model reducible zero temperature limit lp tum constraint assume gedanken algorithm g bp funding global minimum bethe free energy available show limit zero temperature g bp output ml solution consideration base equivalence establish gapless linear program lp relaxation graphical model limit respective lp version bethe free energy minimization', 'paper treat form probabilistic inference estimate marginal probability joint distribution find probable assignment unified message pass algorithm architecture generalize belief propagation bp algorithm sum product max product tree rewaighted trw sum max product algorithms trbp introduce new set convergent algorithm base convex free energy linear program lp relaxation zero temprature convex free energy main idea work arise take general perspective exist bp trbp algorithm observe reduction basic optimization formula f sum h function f extend value strictly convex non smooth function h extend value function necessarily convex use tool convex duality present primal dual ascent algorithm extension bregman successive projection scheme design handle optimization general type f sum h map fractional free energy variational principle framework introduces norm product message pass special case include sum product max product bp algorithms trbp algorithm fractional free energy set convex convex free energy norm product globally convergent estimate marginal probability approximate lp relaxation also introduce another branch norm product convex max product convex max product convergent unlike max product aim solve lp relaxation']",5563
13,77,13_lift_lift inference_probabilistic_inference,"['lift', 'lift inference', 'probabilistic', 'inference', 'prism', 'program', 'probabilistic logic', 'logic program', 'relational', 'plp']","['one important challenge probabilistic logic reason large knowledge base kbs imperfect information produce modern web scale information extraction system one scalability problem share many probabilistic logic answer query involve ground query e map propositional representation size ground grows database size address bottleneck present first order probabilistic language call proppr approximate local grounding construct time independent database size technically proppr extension stochastic logic program slps bias towards short derivation also closely relate earlier relational learning algorithm call path rank algorithm pra show problem construct proof logic related computation personalize pagerank ppr linearize version proof space use connection develop proveably correct approximate ground scheme base pagerank nibble algorithm building develop fast easily parallelize weight learn algorithm proppr experiment show learn proppr order magnitude faster learn markov logic network allow mutual recursion joint learn kb inference lead improvement performance proppr learn weight mutually recursive program hundred clauses define score interrelate predicate kb contain one million entity', 'describe venture interactive virtual machine probabilistic programming aim sufficiently expressive extensible efficient general purpose use like church probabilistic model inference problem venture specify via turing complete high order probabilistic language descend lisp unlike church venture also provide compositional language custom inference strategy build scalable exact approximate technique also describe four key aspect venture implementation build idea probabilistic graphical model first describe stochastic procedure interface spi specifies encapsulate primitive random variable spi support custom control flow high order probabilistic procedure partially exchangeable sequence likelihood free stochastic simulator also support external model inference latent variable hidden venture second describe probabilistic execution trace pet represent execution history venture program pet capture conditional dependency existential dependency exchangeable couple third describe partition execution history call scaffold factor global inference problem coherent sub problem finally describe family stochastic regeneration algorithms efficiently modify pet fragment contain within scaffold stochastic regeneration linear runtime scale case many previous approach scale quadratically show use stochastic regeneration spi implement general purpose inference strategy metropolis hastings gibbs sample block proposal base particle markov chain monte carlo mean field variational inference technique', 'probabilistic logic program plp exemplify sato kameya prism poole icl raedt et al problog vennekens et al lpad aim combine statistical logical knowledge representation inference key characteristic plp framework conservative extension non probabilistic logic program widely use knowledge representation plp framework extend traditional logic program semantics distribution semantics semantics probabilistic logic program give term distribution possible model program however inference technique use work rely enumerate set explanation query answer consequently languages permit limited use random variable continuous distribution paper present symbolic inference procedure use constraint represent set explanation without enumeration permit u reason plps gaussian gamma distribute random variable addition discrete value random variable linear equality constraint real develop inference procedure context prism however procedure core idea easily apply plp language well interest aspect inference procedure prism query evaluation process become special case absence continuous random variable program symbolic inference procedure enable u reason complex probabilistic model kalman filter large subclass hybrid bayesian network hitherto possible plp framework appear theory practice logic program']",5563
14,76,14_fuzzy_neutrosophic_soft_grey,"['fuzzy', 'neutrosophic', 'soft', 'grey', 'linguistic', 'topsis', 'membership', 'fuzzy soft', 'decision make', 'membership function']","['fuzzy system include fuzzy decision support fuzzy control system provide puts form fuzzy set represent inferred conclusion linguistic interpretation output often involve use linguistic approximation assigns linguistic label fuzzy set base predefined primary term linguistic modifier linguistic connective generally linguistic approximation formalize term translation rule correspond translation rule ex plicitation e g simple modifier composite quantification qualification rule com put word zadeh however exist method linguistic approximation use simple modifier composite translation rule although method provide sufficient approximation simple fuzzy set approximation complex one typical many practical application fuzzy system may less satisfactory therefore question arise use linguistic ap proximation also translation rule corre sponding translation rule explicitation advantage particular linguistic quantifica tion may desirable situation conclusion interpret quantified linguistic proposition informative natu ral paper present aspects linguis tic approximation context translation rule propose approach linguistic approximation use quantifi cation rule e quantify linguistic approxima tion two method quantify linguistic approximation consider use lin guistic quantifier base concept non fuzzy fuzzy cardinality fuzzy set number example provide illustrate propose approach', 'process multiple criterion decision make mcdm determine best choice among probable alternative problem supplier selection decision maker usually vague imprecise knowledge typical example multi criterion group decision make problem conventional crisp technique much effective solve mcdm problem imprecise fuzziness nature linguistic assessment find exact value mcdm problem difficult impossible case real world reasonable consider value alternative accord criterion single value neutrosophic set svns paper deal technique order preference similarity ideal solution topsis approach extend topsis method mcdm problem single value neutrosophic information value alternative weight criterion characterize single value neutrosophic number importance criterion alternative identify aggregate individual opinion decision maker dms via single value neutrosophic weight average ifwa operator propose method easy use precise practical solve mcdm problem single value neutrosophic data finally show applicability develop method numerical experiment supplier choice give application single value neutrosophic topsis method end paper', 'terrorism lead many problem thai society property damage also civilian casualty predict terrorism activity advance help prepare manage risk sabotage activity paper propose framework focus event classification terrorism domain use fuzzy inference system fiss fis decision make model combine fuzzy logic approximate reasoning generate five main part input interface fuzzification interface knowledge base unit decision make unit output defuzzification interface adaptive neuro fuzzy inference system anfis fis model adapt combine fuzzy logic neural network anfis utilize automatic identification fuzzy logic rule adjustment membership function mf moreover neural network directly learn data set construct fuzzy logic rule mf implement various application fis setting evaluate base two comparison first evaluation comparison unstructured structured event use fis set second comparison model setting fis anfis classifying structured event data set consist news article related terrorism event three southern province thailand experimental result show classification performance fis result structured event achieve satisfactory accuracy well unstructured event addition classification structure event use anfis give high performance event use fis prediction terrorism event']",5563
15,73,15_game_player_play_chess,"['game', 'player', 'play', 'chess', 'opponent', 'minimax', 'game play', 'alpha beta', 'board', 'rts']","['quality general game play ggp match suffers slow state switch weak knowledge module instantiation propositional network offer great performance gain prolog base reason scale well publication mgdl variant gdl strip function constant define basis simple reason machine mgdl allow easily map rule c function test gdl rule sheet conform mgdl without modification rest require minor change revise gdl c translation scheme reevaluate brought gain range yap prolog manage compile even demand rule sheet second strengthening game knowledge spatial feature inspire similar successful technique computer go propose required euclidean metric small board extension gdl define set ground atomic sentence sga base genetic algorithm design tweaking game parameter conduct self play feature could mine meaningful game record approach test small cluster give performance gain win baseline uct player implementation propose idea constitute core ggp spatium small c python ggp framework create develop compact ggp player problem solver', 'knuth moore present theoretical low bound number leaf fix depth minimax tree search algorithm traverse uniform tree must explore call minimal tree since real life minimax tree uniform exact size tree know application game transposition imply exists minimal graph small minimal tree three game chess othello checker compute size minimal tree minimal graph empirical evidence show three game enhance alpha beta search capable building tree close size minimal graph hence appear game play program build nearly optimal search tree however conventional definition minimal graph wrong way size minimal graph reduce maximize number transposition search generate cutoff use branch lead small search tree conventional definition minimal graph leave approximation calculate size real minimal graph computationally intensive however upper bound approximation show significantly small leave minimal graph hence appear game play program search efficiently widely believe understanding leave real minimal search graph lead new idea enhance alpha beta search one enhance transposition cutoff show significantly reduce search tree size', 'e valuate game arithmetic expression player contrast role maximize minimize give expression maximizer propose value minimizer substitute variable choice expression fully instantiate value compare certain minimax value would result player play optimal strategy winner declare base comparison use game tree represent state game show minimax value compute efficiently use backward induction alpha beta prune efficacy alpha beta prune depends order node evaluate improvement obtain use transposition table prevent reevaluation node propose heuristic node order show use heuristic transposition table lead improve performance compare number node prune method describe domain specific variant game first graph theoretic formulation wherein two player share set element graph color related set player look maximize share set share could either set vertex edge face planar graph application share region enclose planar graph player aim maximize area share another variant tile game player alternately place domino times checkerboard construct maximal partial tile show size tile x satisfies le x le prove maximal partial tiling require least domino']",5563
16,66,16_program_atom_logic program_stable,"['program', 'atom', 'logic program', 'stable', 'semantics', 'logic', 'stable semantics', 'equivalence', 'theorem', 'normal logic']","['answer set program asp logic program stable model answer set semantics last decade paradigm see several extension generalize notion atom use program among aggregate atom hex atom generalize quantifier abstract constraint paper refer construct collectively generalize atom idea common construct satisfaction depend truth value set non generalize atom rather truth value single non generalize atom motivate several example argue intricate generalize atom previously suggest semantics provide unintuitive result provide alternative semantics call supportedly stable sflp answer set show equivalent major previously propose semantics program convex generalize atom general admits intend model semantics presence non convex generalize atom show complexity supportedly stable model second level polynomial hierarchy similar previous proposal stable model disjunctive logic program give complexity result provide compilation method compactly transform program generalize atoms disjunctive normal form program without generalize atom variant give new supportedly stable exist flp semantics similar compilation technique know far', 'logic program aggregate lpa one major linguistic extension logic program lp work propose generalization notion unfounded set well founded semantics program monotone antimonotone aggregate lpama program particular present new notion unfounded set lpama program sound generalization original definition standard aggregate free lp basis define well found operator lpama program fixpoint call well found model well found semantics lpama program important property unfounded set well found semantics standard lp retain generalization notably existence uniqueness well found model together strong relationship answer set semantics lpama program show one well founded semantics define pelov denecker bruynooghe broad class aggregate use approximate operator coincides well found model define work lpama program also discuss complexity issue importantly give formal proof tractable computation well found model lpa program moreover prove general lpa program may contain aggregate neither monotone antimonotone decide satisfaction aggregate expression respect partial interpretation conp complete consequence well found semantics general lpa program allow tractable computation unlikely exist justifies restriction lpama program finally present prototype system extend dlv support well found semantics lpama program time write implemented system experiment prototype show significant computational advantage aggregate construct equivalent aggregate free encoding', 'paper present two alternative approach define answer set logic program arbitrary type abstract constraint atom c atom approach generalize fixpoint base level map base answer set semantics normal logic program case logic program arbitrary type c atom result four different answer set definition equivalent apply normal logic program standard fixpoint base semantics logic program generalize two direction call answer set reduct answer set complement definition differ treatment negation failure naf atom make use immediate consequence operator perform answer set check whose definition rely notion conditional satisfaction c atom w r pair interpretation two definition call strongly weakly well support model generalization notion well support model normal logic program case program c atom case fixpoint base semantics difference two definition root treatment naf atom prove answer set reduct resp complement equivalent weakly resp strongly well supported model program thus generalize theorem correspondence stable model well support model normal logic program class program c atom show newly define semantics coincide previously introduce semantics logic program monotone c atom extend original answer set semantics normal logic program also study property answer set program c atom relate definition several semantics logic program aggregate present literature']",5563
17,63,17_temporal_rcc_calculus_action,"['temporal', 'rcc', 'calculus', 'action', 'temporal logic', 'spatial', 'logic', 'qualitative spatial', 'epistemic', 'situation calculus']","['event drive automation reactive functionality complex event processing urgent need today distribute service orient architectures web base event drive environment important problem address correctly efficiently capture process event base behavioral reactive logic embody reaction rule combine conditional decision logic embody e g derivation rule paper elaborate homogeneous integration approach combine derivation rule reaction rule rule type integrity constraint general framework logic program industrial strength version declarative programming describe syntax semantics language implement distribute web base middleware use enterprise service technology illustrate adequacy term expressiveness efficiency scalability example extract industrial use case develop reaction rule language provide expressive feature modular id base update support external import self update intensional extensional knowledge base transaction include integrity test roll back update transition path also support distribute complex event processing event message event query via efficient scalable enterprise middleware technology event action reason base event action algebra implement interval base event calculus variant logic inference formalism', 'region connection calculus rcc well know calculus represent part whole topological relation play important role qualitative spatial reason geographical information science ontology computational complexity reason rcc rcc two fragment rcc well qualitative spatial temporal calculus investigate depth literature work focus consistency qualitative constraint network paper consider important problem redundant qualitative constraint set gamma qualitative constraint say constraint x r gamma redundant entail rest gamma prime subnetwork gamma subset gamma contains redundant constraint solution set gamma natural ask compute prime subnetwork unique paper show problem general intractable becomes tractable gamma tractable subalgebra mathcal qualitative calculus furthermore mathcal subalgebra rcc rcc weak composition distribute nonempty intersection gamma unique prime subnetwork obtain cubic time remove redundant constraint simultaneously gamma byproduct show path consistent network distributive subalgebra weakly globally consistent minimal thorough empirical analysis prime subnetwork upon real geographical data set demonstrate approach able identify significantly redundant constraint previously propose algorithm especially constraint network large proportion partial overlap relation', 'present dcl pc logic reason ability agent coalition agent alter transfer control one agent another logical foundation dcl pc cl pc logic reason cooperation ability agent coalition agent stem distribution atomic boolean variable individual agent choice available coalition correspond assignment variables coalition control basic modal construct dcl pc form coalition c cooperate bring phi dcl pc extend cl pc dynamic logic modality atomic program form agent give control variable p agent j usual dynamic logic atomic program may combine use sequence iteration choice test operator form complex program combine dynamic transfer program cooperation modality become possible reason power agent coalition affect transfer control give two alternative semantics logic direct semantics capture distribution boolean variable agent conventional kripke semantics prove semantics equivalent present axiomatization logic investigate computational complexity model check satisfiability dcl pc show problem pspace complete hence worse underlying logic cl pc finally investigate characterisation control dcl pc distinguish first order control ability agent coalition control state affair assignment value variable control agent coalition second order control ability agent exert control control agent transfer variable agent give logical characterisation second order control']",5563
18,53,18_influence diagram_diagram_influence_decision,"['influence diagram', 'diagram', 'influence', 'decision', 'decision circuit', 'decision node', 'sensitivity', 'limid', 'solve influence', 'value evidence']","['previous work fertig breese fertig breese define mechanism perform probabilistic reason influence diagram use interval rather point value probability paper extend procedure incorporate decision node interval value value function diagram derive procedure chance node removal calculate expect value decision node removal optimization influence diagram low bound probability store chance node interval bound store value function associate diagram value node output algorithm set admissible alternative decision variable set bound expect value base imprecision input procedure view approximation full e dimensional sensitivity analysis n number imprecise probability distribution input show transformation optimal sound performance algorithm influence diagram investigate compare exact algorithm', 'influence diagram serve powerful tool model symmetric decision problem solve influence diagram determine set strategy decision involve strategy decision variable principle function past however past may irrelevant decision computational reason important deal redundant variable strategy show current method e g decision bayes ball algorithm shachter uai determine relevant past present complete algorithm actually paper take general outset formulate decision scenario influence diagram linear temporal ordering decision variable require constraint ensure decision scenario welldefined however structure decision scenario often yield certain decision conditionally independent therefore unnecessary impose linear temporal ordering decision paper deal partial influence diagram e influence diagram partial temporal order specified present set condition necessary sufficient ensure partial influence diagram welldefined condition use basis construction algorithm determine whether partial influence diagram welldefined', 'analysis practical probabilistic model computer demand convenient representation available knowledge efficient algorithm perform inference appeal representation influence diagram network make explicit random variable model probabilistic dependency recent advance develop solution procedure base influence diagram paper examine fundamental property underlie technique information probabilistic structure available influence diagram representation influence diagram convenient representation computer processing also clear non mathematical display probabilistic dependence precisely way intuitive decision maker expert understand communicate result influence diagram use build assess analyze model facilitate change formulation feedback sensitivity analysis goal paper determine arbitrary conditional probability distribution give probabilistic model give qualitative information dependence random variable model specific conditional expression specify precisely quantitative information need able determine desire conditional probability distribution also show find probability distribution perform operation locally subspace joint distribution way exploit conditional independence present model avoid construct manipulate full joint distribution result extend include maximal processing information available incomplete optimal decision make uncertain environment influence diagram computer aid model tool develop miller merkofer howard extend howard matheson good description use model owen howard matheson notion solve decision problem influence diagram examine olmsted algorithm develop shachter latter paper also show influence diagram use perform variety sensitivity analyse paper extend result develop theory property diagram use algorithm information need solve arbitrary probability inference problem section develop notation framework paper relationship influence diagram joint probability distribution general probabilistic inference problem pose section section transformation diagram develop put together solution procedure section section procedure use calculate information requirement solve inference problem maximal processing perform incomplete information section contain summary result']",5563
19,53,19_market_auction_price_prediction market,"['market', 'auction', 'price', 'prediction market', 'trader', 'reputation', 'seller', 'mechanism', 'market maker', 'portfolio']","['crowdsourcing website e g yahoo answer amazon mechanical turk etc emerge recent year allow requester around world post task seek help equally global pool worker however intrinsic incentive problem reside crowdsourcing application worker requester selfish aim strategically maximize benefit paper propose provide incentives worker exert effort use novel game theoretic model base repeat game always gap social welfare non cooperative equilibrium emerge worker pursue self interest desirable pareto efficient outcome propose novel class incentive protocol base social norm integrate reputation mechanism exist pricing scheme currently implement crowdsourcing website order improve performance non cooperative equilibrium emerge application first formulate exchange crowdsourcing website two side market requester worker match play gift give game repeatedly subsequently study protocol designer problem find optimal sustainable equilibrium protocol achieve high social welfare website prove propose incentive protocol make website operate close pareto efficiency moreover also examine alternative scenario protocol designer aim maximize revenue website evaluate performance optimal protocol', 'score rule elicit expert prediction random variable usually develop assume expert derive utility quality prediction e g score award rule payoff prediction market study realistic setting principal decision maker take decision base expert prediction b expert inherent interest decision example corporate decision market expert may derive different level utility action take manager consequence expert usually incentive misreport forecast influence choice decision maker typical scoring rule use develop general model set introduce concept compensation rule combine expert inherent utility decision compensation rule induces net score rule behaves like normal score rule assume full knowledge expert utility provide complete characterization strictly proper compensation rule analyze situation expert utility function fully know decision maker show bound expert incentive misreport b degree expert misreport c decision maker loss utility due uncertainty bound depend natural way degree uncertainty local degree convexity net score function natural property decision maker utility function also suggest optimization procedure design compensation rule finally briefly discus use compensation rule market score rule self interested expert prediction market', 'evaluate prediction market crowd prediction mechanism investigator repeatedly observe call wisdom crowd effect roughly say average participant perform much good average participant market price average least aggregate trader beliefs offer well estimate individual trader opinion paper ask strong question market price compare best trader belief average trader measure market bad case log regret notion common machine learn theory arrive meaningful answer need assume something trader behave suppose every trader optimize accord kelly criterion strategy provably maximize compound growth wealth infinite sequence market interaction show several consequence first market prediction wealth weight average individual participant beliefs second market learn optimal rate market price reacts exactly update accord bayes law market prediction low bad case log regret best individual participant simulate sequence market underlie true probability exist show market converges true objective frequency update beta distribution theory predict agent adopt fractional kelly criteria common practical variant show agent behave like full kelly agent beliefs weight market market price converges time discount frequency analysis provide new justification fractional kelly bet strategy widely use practice ad hoc reason finally propose method agent learn optimal kelly fraction']",5563
20,51,20_asp_answer program_program asp_answer,"['asp', 'answer program', 'program asp', 'answer', 'program', 'declarative', 'hex program', 'solver', 'hex', 'asp competition']","['answer set program asp truly declarative program paradigm propose area non monotonic reason logic programming recently employ many application development efficient asp system thus crucial mind task improve solve method asp two usual way reach goal extend state art technique asp solver ii design new asp solver scratch alternative trend build top state art solver apply machine learn technique choose automatically best available solver per instance basis paper pursue latter direction first define set cheap compute syntactic feature characterize several aspect asp program apply classification method give feature instance sl train set solver performance instance inductively learn algorithm selection strategy apply sl test set report result number experiment consider solver different train test set instance take one submit system track rd asp competition analysis show apply machine learn technique asp solve possible obtain robust performance approach solve instance compare solver enter rd asp competition appear theory practice logic program tplp', 'answer set program asp well establish paradigm declarative program close relationship declarative formalism sit modulo theory constraint handle rule fo pddl many others since first informal edition asp system compare well establish asp competition third open asp competition sequel asp competition series hold university potsdam germany university leuven belgium take place university calabria italy first half participant compete pre select collection benchmark problem take variety domains well real world application competition run two track model solve track base open problem encode open language open kind system base declarative specification paradigm system track run basis fix public problem encoding write standard asp language paper discuss format competition rationale behind report result track comparison second asp competition state art solution benchmark domains eventually discuss appear theory practice logic program tplp', 'answer set program asp well establish paradigm declarative programming develop field logic program nonmonotonic reasoning advance asp solve technology customarily assess competition event happen closely relate problem solve technology like sat smt qbf plan schedule asp competition usually biennial event however fifth asp competition departs tradition order join floc olympic game vienna summer logic expect large event history logic edition asp competition series jointly organize university calabria italy aalto university finland university genova italy affiliate th international conference logic program iclp feature completely design setup novelty involve design track score schema adherence fix modeling language order push adoption asp core standard benchmark domains take past edition best system package submit compare new version solver appear theory practice logic program tplp']",5563
21,50,21_protein_sequence_gene_hidden markov,"['protein', 'sequence', 'gene', 'hidden markov', 'alignment', 'dna', 'hidden', 'hmm', 'transcript', 'hmms']","['computational challenge validate candidate disease gene identify high throughput genomic study elucidate association set candidate gene disease phenotype conventional gene set enrichment analysis often fail reveal association disease phenotypes gene set short list poorly annotate gene exist annotation disease causative gene incomplete propose network base computational approach call rcnet discover association gene set disease phenotype assume coherent association gene rank relevance query gene set disease phenotype rank relevance hidden target disease phenotypes query gene set formulate learning framework maximize rank coherence respect know disease phenotype gene association efficient algorithm couple ridge regression label propagation two variant introduce find optimal solution framework evaluate rcnet algorithm exist baseline method leave one cross validation task predict recently discover disease gene association omim experiment demonstrate rcnet algorithm achieve best overall ranking compare baseline validate reproducibility performance apply algorithms identify target diseases novel candidate disease gene obtain recent study gwas dna copy number variation analysis gene expression profile algorithm rank target disease candidate gene top rank list many case across three case study rcnet algorithms available webtool disease gene set association analysis http compbio c umn edu dgsa rcnet', 'high throughput mrna sequence rna seq widely use transcript quantification gene isoforms since rna seq data alone often sufficient accurately identify read origin isoforms quantification propose explore protein domain domain interaction prior knowledge integrative analysis rna seq data introduce network base method rna seq base transcript quantification net rstq integrate protein domain domain interaction network short read alignment transcript abundance estimation base observation abundance neighbor isoforms domain domain interaction network positively correlate net rstq model expression neighbor transcript dirichlet prior likelihood observe read alignment transcripts one gene transcript abundance gene jointly estimate alternate optimization multiple em problem simulation net rstq effectively improve isoform transcript quantification isoform co expression correlate interaction qrt pcr result multi isoform gene stem cell line ovarian cancer cell line breast cancer cell line also show net rstq estimate consistent isoform proportion rna seq data experiment rna seq data cancer genome atlas tcga transcript abundance estimate net rstq informative patient sample classification ovarian cancer breast cancer lung cancer experimental result collectively support net rstq promise approach isoform quantification', 'multiple sequence alignment msa ubiquitous problem computational biology although np hard find optimal solution arbitrary number sequence due importance problem researcher try push limit exact algorithms since msa cast classical path find problem attract grow number ai researcher interested heuristic search algorithm challenge actual practical relevance paper first review two previous complementary line research base hirschbergs algorithm dynamic programming need kn k space store search frontier node need reconstruct solution path k sequence length n best first search hand advantage bounding search space explore use heuristic however necessary maintain explore node final solution order prevent search expand high cost earlier approach reduce closed list either incompatible pruning method open list must retain least boundary close list article present algorithm attempt combine respective advantage like us heuristic prune search space reduces maximum open close size kn k dynamic program underlying idea conduct series search successively increase upper bound use dp order key open priority queue suitable choice threshold practice run time four time expect experiment show algorithm outperforms one currently successful algorithm optimal multiple sequence alignment partial expansion time memory moreover apply refine heuristic base optimal alignment pair sequence large subset idea new however make practically relevant show equally important bound heuristic computation appropriately overhead obliterate possible gain furthermore discuss number improvement time space efficiency regard practical implementation algorithm use conjunction higher dimensional heuristic able calculate first time optimal alignment almost problem reference benchmark database balibase']",5563
22,50,22_rough_matroids_cover_matroid,"['rough', 'matroids', 'cover', 'matroid', 'base rough', 'cover base', 'approximation operator', 'upper approximation', 'lattice', 'neighborhood']","['rough set mainly concerned approximation object equivalence relation universe matroid combinatorial generalization linear independence vector space paper define parametric set family subset universe parameter connect rough set matroids one hand universe equivalence relation universe parametric set family define low approximation operator parametric set family prove satisfy independent set axiom matroids therefore generate matroid call parametric matroid rough set three equivalent representation parametric set family obtain moreover parametric matroid rough set prove direct sum partition circuit matroid free matroid hand since partition circuit matroids well study low approximation number use investigate parametric matroid rough set several characteristic parametric matroid rough set independent set base circuit rank function closure operator express low approximation number', 'theory rough set concern low upper approximation object binary relation universe apply machine learn knowledge discovery data mining theory matroids generalization linear independence vector space use combinatorial optimization algorithm design order take advantage rough set matroids paper propose matroidal structure rough set base serial transitive relation universe define family minimal neighborhood relation universe prove satisfy circuit axiom matroids relation serial transitive order study matroidal structure investigate inverse construction induce relation matroid relationship upper approximation operator rough set base relation closure operator matroids two construction study moreover investigate connection two construction', 'cover base rough set theory useful tool deal inexact uncertain vague knowledge information system geometric lattice widely use diverse field especially search algorithm design play important role cover reduction paper construct four geometric lattice structure cover base rough set matroids compare relationship first geometric lattice structure cover base rough set establish transversal matroid induced cover characteristic include atom modular element modular pair study also construct one one correspondence type geometric lattice transversal matroids context cover base rough set second sufficient necessary condition three type cover upper approximation operator closure operator matroids present exhibit three type matroids closure axiom obtain three geometric lattice structure cover base rough set third four geometric lattice structure compare core concept reducible element cover base rough set investigate geometric lattice word work point interest view namely geometric lattice study cover base rough set']",5563
23,48,23_patient_clinical_treatment_diagnostic,"['patient', 'clinical', 'treatment', 'diagnostic', 'health', 'pharmacist', 'disease', 'symptom', 'diagnosis', 'alert']","['objective main objective study assess diagnostic performance alert system integrate cpoe emr system renally clear drug dose control generate alert compare daily routine practice pharmacist part analysis medication order material method pharmacist perform analysis medication order usual aware alert system intervention display purpose study neither physician pharmacist keep associate recommendation log file senior pharmacist analyze result medication order analysis without alert system unit analysis drug prescription line primary study endpoint detection drug dose prescription error inter rater reliability alert system pharmacists detection drug dose error result alert system fire alert case exceeds max daily dose alert dose alert alert system pharmacists show relatively poor concordance ci accord senior pharmacist review alert system fire appropriate alert pharmacist make few error pharmacist analyze drug dose prescription alert system pharmacist unlike alert system diagnostic error make pharmacist false negative pharmacist able analyze significant number drug prescription line understaffing conclusion study strongly suggest alert system would complementary pharmacist activity contribute drug prescription safety', 'objective electronic health record ehrs first step capture utilize health relate data challenge turn data useful information furthermore ehrs increasingly likely include data relate patient outcome functionality clinical decision support genetic information well see repository increasingly valuable information patient health condition responses treatment time method describe case study patient treat centerstone within tennessee indiana utilized electronic health record data generate predictive algorithms individual patient treatment response multiple model construct use predictor variable derive clinical financial geographic data result patient deteriorate improved change clinical condition base model various clinical indicator baseline high accuracy predict individual patient response range within model test term individual predictor centerstone assessment recovery level adult carla baseline score significant predict outcome time odds ratio variable consistently significant impact outcome include payer diagnostic category location provision case management service conclusion approach represent promising avenue toward reduce current gap research practice across healthcare develop data driven clinical decision support base real world population serve component embed clinical artificial intelligence learn time', 'modern healthcare system rapidly expand cost complexity grow myriad treatment option explode information stream often effectively reach front line hinder ability choose optimal treatment decision time goal paper develop general purpose non disease specific computational artificial intelligence ai framework address challenge serve two potential function simulation environment explore various healthcare policy payment methodology etc basis clinical artificial intelligence ai think like doctor approach combine markov decision process dynamic decision network learn clinical data develop complex plan via simulation alternative sequential decision path capture sometimes conflict sometimes synergistic interaction various component healthcare system operate partially observable environment case miss observation data maintain belief state patient health status function online agent plan plan framework evaluate use real patient data electronic health record ai framework easily outperforms current treatment usual tau case rate fee service model healthcare cost per unit change v obtain increase patient outcomes tweak certain model parameter enhance advantage obtain roughly improvement roughly half cost give careful design problem formulation ai simulation framework approximate optimal decision even complex uncertain environment future work describe outline potential line research integration machine learn algorithms personalize medicine']",5563
24,47,24_vote_voting_manipulation_election,"['vote', 'voting', 'manipulation', 'election', 'voting rule', 'marriage', 'stable marriage', 'manipulate', 'voter', 'condorcet']","['stable marriage problem wide variety practical application range match resident doctor hospital match student school generally two side market consider useful variation stable marriage problem men woman express preference use preference list tie subset member sex matchings permit people appear preference list set study problem find stable match marries many people possible stability envy free notion man woman marry would prefer partner single problem np hard tackle problem use local search exploit property problem reduce size neighborhood make local move efficiently experimental result show approach able solve large problem quickly return stable matchings large often optimal size', 'vote simple mechanism combine together preference multiple agent agent may try manipulate result vote mi reporting preference one barrier might exist manipulation computational complexity particular show np hard compute manipulate number different voting rule however np hardness bound bad case complexity recent theoretical result suggest manipulation may often easy practice paper study empirically manipulability single transferable voting stv determine computational complexity really barrier manipulation stv one first voting rule show np hard also appear one harder voting rule manipulate sample number distribution vote include uniform real world election almost every election experiment easy compute single agent could manipulate election prove manipulation single agent impossible', 'stable marriage sm problem wide variety practical application range match resident doctor hospital match student school generally two side market classical formulation n men n woman express preference via strict total order member sex solve sm problem mean find stable marriage stability envy free notion man woman marry would prefer partner single consider classical stable marriage problem one useful variation denote smti men woman express preference form incomplete preference list tie subset member sex matchings permit people appear list try find stable match marries many people possible whilst sm problem polynomial solve smti problem np hard propose tackle problem via local search approach exploit property problem reduce size neighborhood make local move efficiently evaluate empirically algorithm sm problem measure runtime behaviour ability sample lattice possible stable marriage evaluate algorithm smti problem term runtime behaviour ability find maximum cardinality stable marriage sm problem number step algorithm grows nlog n sample well set stable marriage thus fair efficient approach generate stable marriage furthermore approach smti problem able solve large problem quickly return stable matchings large often optimal size despite np hardness problem']",5563
25,47,25_argumentation_argument_dung_afs,"['argumentation', 'argument', 'dung', 'afs', 'extension', 'base argumentation', 'delp', 'semantics', 'mediation', 'attack relation']","['one prominent tool abstract argumentation dung framework af short accompany variety semantics include ground complete preferred stable although powerful afs shortcoming lead development numerous enrichment among general one abstract dialectical framework also know adfs make use call acceptance condition represent arbitrary relation level abstraction bring new challenge also require address exist problem field one controversial issue recognize argumentation concern support cycle paper introduce new method ensure acyclicity choose argument present family extension base semantics build also continue research semantics permit cycle fill gap previous work moreover provide adf version property know dung set finally also introduce classification develop sub semantics relate exist label base approach', 'dung abstract argumentation theory see general framework non monotonic reason important question class logic subsume instantiation theory goal paper identify study large class logic base instantiation dung theory correspond maxi consistent operator e function return maximal consistent subset inconsistent knowledge base word study class instantiation extension argumentation system correspond exactly one maximal consistent subset knowledge base show attack relation belong class must conflict dependent must valid must conflict complete must symmetric etc show attack relation serve low upper bound class e g attack relation contain canonical undercut member class use result show exist attack relation whether belong class also define new attack relation member class finally interpret result discuss general question like added value argumentation set believe work first step towards achieve long term goal well understand role argumentation particularly expressivity logic base instantiation dung style argumentation framework', 'study argument abstract entity interaction introduce dung artificial intelligence become one active research branch within artificial intelligence reason main issue abstract argumentation system selection acceptable set arguments value base argumentation introduce bench capon j logic comput extends dung framework take account relative strength argument respect rank represent audience argument subjectively accept accepted respect audience objectively accept accepted respect audience decide whether argument subjectively objectively accept respectively computationally intractable problem fact problem remain intractable structural restriction render main computational problem non value base argumentation system tractable paper identify nontrivial class value base argumentation system acceptance problem polynomial time tractable class define mean structural restriction term underlie graphical structure value base system furthermore show acceptance problem intractable two class value base system conjecture tractable dunne artificial intelligence']",5563
26,46,26_evolutionary_population_genetic_mutation,"['evolutionary', 'population', 'genetic', 'mutation', 'elegance', 'selective pressure', 'evolution', 'sub population', 'fitness', 'wind']","['production renewable sustainable energy one important challenge currently face mankind wind make increase contribution world energy supply mix still remain long way reach full potential paper investigate use artificial evolution design vertical axis wind turbine prototypes physically instantiate evaluated fan generate wind condition initially conventional evolutionary algorithm use explore design space single wind turbine later cooperative coevolutionary algorithm use explore design space array wind turbine artificial neural network use throughout surrogate model assist learn find reduce number fabrication require reach high aerodynamic efficiency unlike approach computational fluid dynamic simulation mathematical formulation use model assumption make', 'paper present several type evolutionary algorithm ea use global optimization real domains interest focus multimodal problem difficulty premature convergence usually occur first standard genetic algorithm sga use binary encode real value unsatisfactory behavior multimodal problem briefly review together improvement fight premature convergence two type real encode method base differential operator examine detail differential evolution de modern effective method firstly publish r storn k price simplify real coded differential genetic algorithm sade propose author addition improvement sade method call ceraf technology enable population solution escape local extreme examine method test identical set objective function systematic comparison base reliable methodology present confirmed real cod method generally exhibit good behavior real domain binary algorithms even extend several improvement furthermore positive influence differential operator due possibility self adaptation demonstrate reliability point view seem real encoded differential algorithm improve technology describe paper universal reliable method capable solve proposed test problem', 'software design crucial successful software development yet demand multi objective problem software engineer attempt assist software designer interactive e human loop meta heuristic search technique evolutionary compute apply show promising result recent investigation also show ant colony optimization aco outperform evolutionary compute potential search engine interactive software design limit computational budget aco produce superior candidate design solution small number iteration build finding propose novel interactive aco iaco approach assist designer early lifecycle software design search steer jointly subjective designer evaluation well machine fitness function relate structural integrity surrogate elegance software design result show iaco speedy responsive highly effective enable interactive dynamic multi objective search early lifecycle software design study participant rate iaco search experience compel result machine learn fitness measure weighting indicate software design elegance indeed play significant role designer evaluation candidate software design conclude evenness number attribute method among class nac significant surrogate elegance measure turn suggest evenness distribution combine structural integrity implicit crucial component effective early lifecycle software design']",5563
27,37,27_game_nash equilibrium_equilibrium_nash,"['game', 'nash equilibrium', 'equilibrium', 'nash', 'player', 'payoff', 'strategy', 'sum game', 'zero sum', 'approximate nash']","['paper discusses interested party wish influence behavior agent game multi agent interaction control interested party cannot design new game cannot enforce agent behavior cannot enforce payment agent cannot prohibit strategy available agent however influence outcome game commit non negative monetary transfer different strategy profile may select agent interested party assume agent rational commonly agree sense use dominate strategy hence certain subset outcome implement give game add non negative payment rational player necessarily produce outcome subset obviously make sufficiently big payment one implement desirable outcome question cost implementation paper introduce notion k implementation desire set strategy profile k stand amount payment need actually make order implement desirable outcome major point k implementation monetary offer need necessarily materialize follow desired behavior define study k implementation context game complete incomplete information latter case mainly focus vcg game set later extend deal mixed strategy use correlation device together paper introduces study implementation desirable outcome reliable party cannot modify game rule e provide protocol complement previous work mechanism design make applicable many realistic c setting', 'paper propose game theoretic model analyze event similar emph darpa network challenge organize defense advance research project agency darpa explore role internet social network play incentivizing wide area collaboration challenge form group would first find location ten moor weather balloon across united state consider model n people form group locate topology fix coverage volume around person geographical location consider various topology player locate euclidean dimension space vertex graph balloon place space group win first one report location balloon large team high probability find balloon assume prize money divide equally among team member hence compete tension keep team small possible emph risk aversion reluctance person accept bargain uncertain payoff rather another bargain certain possibly lower expect payoff model consider emph isoelastic utility function derive arrow pratt measure relative risk aversion main aim analyze structure group nash equilibrium model dimensional euclidean space geq class bound degree regular graph show nash equilibrium emph rich group maximum expect utility per person cover constant fraction total volume', 'work introduce graphical modelsfor multi player game theory give powerful algorithm compute nash equilibrium certain case n player game give undirected graph n node set n local matrix interpretation payoff player determine entirely action player neighbor graph thus payoff matrix player indexed player thus view global n player game compose interact local game involve many few player player action may global impact occur propagation local influence main technical result efficient algorithm compute nash equilibrium underlie graph tree turn tree node merging algorithm run time polynomial size representation graph theassociated local game matrix come two related distinct flavor first version involve approximation step compute representation approximate nash equilibrium may exponential number general second version allow exact computation nash equilibrium expense weaken complexity bound algorithm require local message pass node thus implement player distribute manner despite analogy inference bayes net develop analysis algorithm involve polytree algorithm owe partially fact must either compute select exponential number potential solution discuss number extension computation equilibrium desirable global property e g maximize global return direction research']",5563
28,36,28_proof_mizar_prover_atp,"['proof', 'mizar', 'prover', 'atp', 'hol', 'theorem', 'isabelle', 'library', 'hol light', 'provers']","['considerable mathematical knowledge encode flyspeck project combine external automate theorem provers atps machine learning premise selection method train proofs produce ai system capable answer wide range mathematical query automatically performance architecture evaluate bootstrapping scenario emulate development flyspeck axiom last theorem time use previous theorem proof show theorem could prove push button mode without high level advice user interaction second real time fourteen cpu workstation necessary work involve implementation sound translation hol light logic atp formalism untyped first order polymorphic type first order type high order ii export dependency information hol light atp proof machine learner iii choice suitable representation method learn previous proofs integration advisor hol light work describe discussed initial analysis body proof find fully automatically provide', 'pide general framework document orient prover interaction integration base bilingual architecture combine ml scala overall aim connect lcf style provers like isabelle coq hol sophisticate front end technology jvm platform overcome command line interaction last present system description specifically cover isabelle jedit part official release isabelle october concrete prover ide implementation base isabelle pide library module implement scala one hand well know text editor framework jedit implement java hand interaction model prover ide follow idea continuous proof check theory source text annotate semantic information prover become available incrementally work via asynchronous protocol neither block editor stop prover exploiting parallelism multi core hardware jedit gui provide standard metaphor augment text edit highlight squiggle tooltips hyperlink etc instrument render formal content prover context refinement jedit display engine via suitable plugins font approximate mathematical render text buffer include symbol tex repertoire sub superscript isabelle jedit present usable interface current isabelle reference application inspire project base pide', 'paper describe refinement algorithm calculus co inductive construction cic implement interactive theorem prover matita refinement algorithm charge give meaning term type proof term directly write user generated use tactic decision procedures general automation term write external syntax mean user friendly allow omission information untyped binder certain liberal use user define sub type refiner modifies term obtain relate well typed term internal syntax understood kernel itp particular act type inference algorithm binder untyped propose algorithm bi directional give term external syntax type expect term propagate much type information possible towards leave term traditional mono directional algorithm instead proceed bottom way infer type sub term compare unifying type expect context end propose novel bi directional rule cic particularly effective among benefit bi directionality well error message report good inference dependent type moreover thanks bi directionality coercion system sub type effective type inference generate simple unification problem likely solve inherently incomplete high order unification algorithms implement finally introduce external syntax notion vector placeholder enable omit arbitrary number argument vector placeholder allow trivial implementation implicit argument greatly simplify implementation primitive simple tactic']",5563
29,36,29_fault_diagnosis_repair_diagnostic,"['fault', 'diagnosis', 'repair', 'diagnostic', 'fault detection', 'fractal', 'troubleshoot', 'wafer', 'repair strategy', 'dependability']","['dependability model evaluation aim investigate system performs function correctly time usual way achieve high reliability design redundant system contain several replica subsystem component state space method dependability analysis may suffer state space explosion problem kind situation combinatorial model hand require simplify assumption statistical independence however case redundant system guarantee reduce number model element order provide compact system representation parametric system model investigated literature way set replicas give subsystem parameterized one representative instance explicitly include model aspect suitably address approach analytical tool work parametric characterization often difficult define standard approach unfold parametric model order exploit standard analysis algorithm work unfolded ground level moreover parameterized combinatorial method still require statistical independence assumption present paper consider formalism parametric fault tree pft show relate probabilistic horn abduction pha since pha framework model analysis perform restrict first order language aim show convert pft pha knowledge base allow approach dependability analysis directly exploit parametric representation show classical qualitative quantitative dependability measure characterize within pha furthermore additional modeling aspect noisy gate local dependency well additional reliability measure posterior probability analysis naturally address conversion simple example multi processor system several replicate unit use illustrate approach', 'sematech sponsor j e project team texas instrument neurodyne et al focus fault detection classification fdc lam aluminum plasma etch reactor use process semiconductor fabrication fault classification accomplish implement series virtual sensor model use data real sensor lam station sensor optical emission spectroscopy rf monitor predict recipe setpoints wafer state characteristic fault detection classification perform compare predict recipe wafer state value expect value model utilize include linear pls polynomial pls neural network pls prediction recipe setpoints base upon sensor data provide capability cross check machine maintaining desire setpoints wafer state characteristic line width reduction remain oxide estimate line use process sensor lam oes rfm wafer wafer measurement characteristic production set typically information may sparsely available batch processing run numerous wafer complete would provide important information operator process produce wafer within acceptable bound product quality production yield increase correspondingly per unit cost reduce provide operator opportunity adjust process machine etch wafer', 'fault detection diagnosis critical many application order ensure proper operation performance time positron emission tomography pet system require regular calibration qualify scanner operator good candidate continuous improvement furthermore scanner employ one one coupling crystal photodetectors achieve enhance spatial resolution contrast calibration task even daunt large number independent channel involve cope additional complexity calibration quality control procedures scanner intelligent system design perform fault detection diagnosis fdd malfunction channel break four hierarchical module parameter extraction channel fault detection fault prioritization diagnosis module first two previously report paper focus fault prioritization diagnosis purpose fault prioritization module help operator zero fault need immediate attention fault diagnosis module identify cause malfunction propose explanation reason lead diagnosis fdd system implement labpet avalanche photodiode apd base digital pet scanner experiment demonstrate fdd sensitivity confidence interval ci major fault globally balance accuracy diagnosis vary fault severity suggest greatly benefit operator maintenance task']",5563
30,36,30_frequent_pattern_mining_sequential pattern,"['frequent', 'pattern', 'mining', 'sequential pattern', 'frequent pattern', 'association rule', 'stream', 'pattern mining', 'association', 'itemset']","['exist notion redundancy among association rule allow logical style characterization lead irredundant base absolutely minimum size one push intuition redundancy find intuitive notion interest association rule term novelty respect rule namely irredundant rule confidence high rest rule would suggest one ask much high propose measure sort novelty confidence boost rule encompass two previous similar notion confidence width rule block latter closely relate earlier measure improvement act complement confidence support confidence boost help obtain small crisp set mine association rule solve well know problem certain case rule negative correlation may pass confidence bound analyze property two version notion confidence boost one natural generalization develop efficient algorithmics filter rule accord confidence boost compare concept similar notion bibliography describe result experimentation employ new notion standard benchmark datasets describe open source association mining tool embody one variant confidence boost way data mining process require user select value parameter', 'mining frequent sequential pattern sequence databases central research topic data mining various efficient mine sequential pattern algorithm propose study recently many problem domain e g program execution trace novel sequential pattern mining research call mining repetitive gap sequential pattern attract attention many researcher consider repetition sequential pattern different sequence also repetition within sequence meaningful general sequential pattern mining capture occurrences different sequence however number repetitive gap sequential pattern generate even close mining algorithm may large understand user especially support threshold low paper propose study problem compress repetitive gap sequential pattern inspire idea summarize frequent itemsets rpglobal develop algorithm crgsgrow compress repetitive gap sequential pattern grow include efficient prune strategy syncscan efficient representative pattern check scheme dominate sequential pattern check crgsgrow two step approach first step obtain closed repetitive sequential pattern candidate set representative repetitive sequential pattern time get representative repetitive sequential pattern second step spend little time find remain representative pattern candidate set empirical study real synthetic data set clearly show crgsgrow good performance', 'real world datasets sparse dirty contain hundred item situation discover interesting rule result use traditional frequent itemset mining approach specify user define input support threshold appropriate since without domain knowledge set support threshold small large output nothing large number redundant uninteresting result recently novel approach mining n top k interesting frequent itemsets propose discovers top n interesting result without specify user define support threshold however mine interest frequent itemsets without minimum support threshold costly term itemset search space exploration processing cost thereby efficiency mine highly depend upon three main factor database representation approach use itemset frequency count projection relevant transaction low level node search space algorithm implementation technique therefore improve efficiency mining process paper present two novel algorithm call n mostminer top k miner use bit vector representation approach efficient term itemset frequency count transaction projection addition several efficient implementation technique n mostminer top k miner also present experienced implementation experimental result benchmark datasets suggest nmostminer top k miner efficient term process time compare current best algorithm bomo tfp']",5563
31,35,31_plan_action_plan recognition_action abstraction,"['plan', 'action', 'plan recognition', 'action abstraction', 'robot', 'abstraction', 'action representation', 'hl', 'phams', 'probabilistic action']","['widespread deployment domain characterize partial observability non deterministic action unforeseen change robots need adapt sense process interaction human task hand robot typically cannot process sensor input operate without substantial domain knowledge challenge provide accurate domain knowledge human may time expertise provide elaborate accurate feedback architecture describe paper combine declarative program probabilistic reasoning address challenge enable robot represent reason incomplete domain knowledge resolve ambiguity revise exist knowledge use sensor input minimal human feedback b probabilistically model uncertainty sensor input process navigation specifically answer set program asp declarative programming paradigm combine hierarchical partially observable markov decision process pomdps use domain knowledge revise probabilistic belief use positive negative observation early termination task longer pursue algorithms evaluate simulation mobile robot locate target object indoor domain', 'present react interactive tool high level reason cognitive robotic application react enable robotic researcher describe robots action change dynamic domain without know syntactic semantic detail underlie formalism advance solve plan problem use state art automate reasoner without learn input output language usage particular react use represent sophisticated dynamic domain feature concurrency indirect effect action state transition constraint allow embed externally define calculation e g check collision free continuous trajectory representation hybrid domain require tight integration discrete high level reason continuous geometric reason react also enable user solve plan problem involve complex goal variety utility useful robotic researcher work interest challenge domain range service robotics cognitive factory react provide sample formalization action domains e g multi agent path planning tower hanoi well dynamic simulation plan compute state art automate reasoner e g sit solver asp solver', 'significant interest crowdsourcing human computation one subclass human computation application direct task involve plan e g travel plan schedule e g conference schedule much work appear outside traditional automated planning forum outset clear whether automate plan much role play human computation system interestingly however work system show even primitive form automate oversight human planner help significantly improve effectiveness human crowd paper argue automate oversight use system view primitive automated planner several opportunity sophisticate automated plan effectively steer crowdsourced plan straightforward adaptation current planning technology however hamper mismatch capability human worker automate planner identify two important challenge need overcome adaptation plan technology occur interpret input human worker requester ii steer critique plan produce human worker arm incomplete domain preference model paper discus approach handle challenge characterize exist human computation system term specific choice make handling challenge']",5563
32,34,32_reinforcement learn_reinforcement_exploration_learn,"['reinforcement learn', 'reinforcement', 'exploration', 'learn', 'thompson', 'policy', 'value gradient', 'value function', 'rl', 'thompson sample']","['present implementation model base online reinforcement learn rl continuous domain deterministic transition specifically design achieve low sample complexity achieve low sample complexity since environment unknown agent must intelligently balance exploration exploitation must able rapidly generalize observation past number relate sample efficient rl algorithm propose allow theoretical analysis mainly model learner weak generalization capability consider separate function approximation model learner require sample interpolation planner require sample model learn apply gaussian process regression gp able automatically adjust complexity problem via bayesian hyperparameter selection practice often able learn highly accurate model little data addition gp provide natural way determine uncertainty prediction allow u implement optimism face uncertainty principle use efficiently control exploration method evaluate four common benchmark domain', 'pursue life long learning approach artificial intelligence make extensive use reinforcement learn algorithms build prior work general value function gvfs horde architecture gvfs show able represent wide variety fact world dynamic may useful long lived agent sutton et al also previously show scaling thousand policy gvfs learn accurately real time mobile robot modayil white sutton work limit learned one policy time whereas great potential benefit life long learn come learn many policy parallel explore paper many new challenge arise policy learn set deal convergence efficiency challenge utilize recently introduce gtd lambda algorithm show gtd lambda tile cod simultaneously learn hundred prediction five simple target policy follow single random behavior policy assess accuracy interspersed policy test escape need test preclude scale introduce empirically vali date two online estimator policy objective mspbe finally use efficient two estimator demonstrate policy learn scale learn value function one thousand policy real time physical robot ability constitute significant step towards scale life long policy learning', 'adaptive control problem notoriously difficult solve even presence plant specific controller one way pas intractable computation optimal policy restate adaptive control minimization relative entropy controller ignore true plant dynamic inform controller solution give bayesian control rule set equation characterize stochastic adaptive controller class possible plant dynamic bayesian control rule apply derive bcr mdp controller solve undiscounted markov decision process finite state action space unknown dynamic particular derive non parametric conjugate prior distribution policy space encapsulate agent whole relevant history present gibbs sampler draw random policy distribution preliminary result show bcr mdp successfully avoid sub optimal limit cycle due build mechanism balance exploration versus exploitation']",5563
33,34,33_forecast_nn_mlp_bushing,"['forecast', 'nn', 'mlp', 'bushing', 'vibration', 'fiber', 'energy', 'weather', 'assimilation', 'vibration signal']","['follow decomposition ensemble principle empirical mode decomposition emd base model framework widely use promising alternative nonlinear nonstationary time series model prediction end effect occur sift process emd apt distort decompose sub series hurt model process follow however ignore previous study address end effect issue study propose incorporate end condition method emd base decomposition ensemble modeling framework one multi step ahead time series prediction four well establish end condition method mirror method coughlin method slope base method rato method select support vector regression svr employ model technique purpose justification comparison well know nn competition data set use four well establish prediction model select benchmark experimental result demonstrate significant improvement achieve propose emd base svr model end condition method emd sbm svr model emd rato svr model particular achieve best prediction performance term goodness forecast measure equality accuracy compete forecast test', 'paper present approach employ artificial neural network nn emulate ensemble kalman filter enkf method data assimilation assimilation method test simplified parameterizations primitive equation dynamic speedy model atmospheric general circulation model agcm use synthetic observational data simulate localization balloon sounding data assimilation scheme supervise nn multilayer perceptrons mlp nn apply mlp nn able emulate analysis local ensemble transform kalman filter letkf train process method use mlp nn see function data assimilation nn train data first three month hind cast experiment data assimilation cycle use mlp nn perform synthetic observation january numerical result demonstrate effectiveness nn technique atmospheric data assimilation result nn analysis close result letkf analyse difference monthly average absolute temperature analyse order simulation show major advantage use mlp nn well computational performance since analysis similar quality cpu time cycle assimilation mlp nn time faster cycle assimilation letkf numerical experiment', 'summer forecast system laboratory national oceanic atmospheric administration sponsor evaluation artificial intelligence base system forecast severe convective storm evaluation experiment call shootout take place boulder focussed storm northeastern colorado foothill plain moninger et al six system participate shootout include traditional expert system analogy base system system develop use method cognitive science judgment analysis tradition day exercise system generate hour forecast probability occurrence non significant weather significant weather severe weather four region northeastern colorado verification coordinator work denver weather service forecast office gather ground truth data network observer system evaluate basis several measure forecast skill metric timeliness ease learn ease use system generally easy operate however various system require substantially different level meteorological expertise part user reflect various operational environment system design system vary statistical behavior difficult forecast problem system generally show skill approximately equal persistence forecast climatological historical frequency forecast two system appear best able discriminate significant non significant weather event traditional expert system system require operator make relatively sophisticated meteorological judgment unable base one summer worth data determine extent great skill two system due content knowledge base subjective judgment operator follow experiment shootout currently plan interested potential participant encourage contact author address']",5563
34,34,34_preference_utility_elicitation_utility function,"['preference', 'utility', 'elicitation', 'utility function', 'cp net', 'preference statement', 'cp', 'preference elicitation', 'elicit', 'utility elicitation']","['many application e g web service composition complex system design team formation etc rely method identify collection object entity satisfy functional requirement among collection satisfy functional requirement often necessary identify one collection optimal respect user preference set attribute describe non functional property collection develop formalism let user express relative importance among attribute qualitative preference valuation attribute define dominance relation allow u compare collection object term preference attribute object make collection establish key property dominance relation particular show dominance relation strict partial order intra attribute preference relation strict partial order relative importance preference relation interval order provide algorithm use dominance relation identify set preferred collection show certain condition algorithms guarantee return sound complete least one weakly complete preferred collection present result simulation experiment compare propose algorithm respect quality solution number preferred solution produce algorithms b performance efficiency also explore interesting conjecture suggest result experiment relate property user preference dominance relation algorithm', 'fuzzy constraint popular approach handle preference constrain problem scenarios one need cautious medical space application consider fuzzy constraint problem preference may miss model example setting agent distribute privacy issue ongoing preference elicitation process set study find solution optimal irrespective miss preference process find solution may elicit preference user necessary however goal ask user little possible define combine solve preference elicitation scheme large number different instantiation correspond concrete algorithm compare experimentally compute number elicit preference user effort may large contains preference value user compute able respond elicitation request number elicit preference important concern communicate little information possible user effort measure also hide work user able communicate elicit preference experimental result show algorithms good find necessarily optimal solution ask user small fraction miss preference user effort also small best algorithm finally test algorithms hard constraint problem possibly miss constraint aim find feasible solution irrespective miss constraint', 'propose new direct graphical representation utility function call ucp network combine aspect two exist graphical model generalize additive model cp network network decompose utility function number additive factor directionality arc reflect conditional dependence preference statement underlie qualitative preference order em ceteris paribus else equal interpretation representation arguably natural many setting furthermore strong cp semantics ensure computation optimization dominance query efficient also demonstrate value representation decision make finally describe interactive elicitation procedure take advantage linear nature constraint tradeoff weight impose ucp network procedure allow network refine regret decision minimax regret respect incompletely specified utility function fall specify threshold e g cost questioning']",5563
35,33,35_quantum_interference_entanglement_entangle,"['quantum', 'interference', 'entanglement', 'entangle', 'hilbert', 'hilbert space', 'classical', 'quantum mechanic', 'thought', 'superposition']","['perform two experiment aim investigate effect negation combination natural concept first experiment test membership weight list exemplar respect two concept e g fruit vegetable conjunction fruit vegetable second experiment test membership weight list exemplar respect two concept negate second e g fruit vegetable conjunction fruit vegetable collect data confirm exist result conceptual combination namely show dramatic deviation prediction classical fuzzy set logic probability theory precisely exhibit conceptual vagueness gradeness membership overextension double overextension membership weight respect give conjunction show quantum probability model fock space recently elaborate model hampton data concept conjunction hampton disjunction hampton b faithfully accord collect data quantum theoretic modeling enables describe non classical effect term genuine quantum effect namely contextuality superposition interference emergence obtain result confirm strenghten analysis aerts sozzo identification quantum aspects experiment conceptual vagueness result insert within general research identification quantum structure cognitive decision process', 'one complex system human brain whose formalized functioning characterize decision theory present quantum decision theory decision make base mathematical theory separable hilbert space mathematical structure capture effect superposition composite prospect include many incorporated intention allow u explain variety interest fallacy anomaly report particularize decision make real human being theory describes entangle decision making non commutativity subsequent decision intention interference composite prospect demonstrate violation savage sure thing principle disjunction effect explain result interference intention make decision uncertainty conjunction fallacy also explain presence interference term demonstrate know anomaly paradox document context classical decision theory reducible mathematical archetype find straightforward explanation frame developed quantum approach', 'present novel variant decision making base mathematical theory separable hilbert space mathematical structure capture effect superposition composite prospect include many incorporated intention allow u describe variety interest fallacy anomaly report particularize decision make real human being theory characterize entangled decision make non commutativity subsequent decision intention interference demonstrate violation savage sure thing principle know disjunction effect explain quantitatively result interference intention make decision uncertainty disjunction effect observe experiment accurately predict use theorem interference alternation derive connects aversion uncertainty appearance negative interference term suppress probability action conjunction fallacy also explain presence interference term series experiment analyse show excellent agreement priori evaluation interference effect conjunction fallacy also show sufficient condition disjunction effect novel experiment test combine interplay two effect suggest']",5563
36,33,36_rout_protocol_short path_wireless,"['rout', 'protocol', 'short path', 'wireless', 'radio', 'qos', 'routing', 'network', 'node', 'short']","['every cellular network deployment require plan optimization order provide adequate coverage capacity quality service qos optimization mobile radio network planning complex task many aspect must take account rapid development mobile network need effective network plan tool satisfy need customer however decide upon optimum placement base station bs achieve best service reduce cost complex task require vast computational resource paper introduce spatial cluster solve mobile network planning problem address antenna placement problem cell planning problem involve locate configure infrastructure mobile network modify original partitioning around medoids pam algorithm pam modify partition around medoids propose satisfy requirement constraint pam need specify number cluster k start search best location base station pam algorithm us radio network plan determine k calculate cluster coverage capacity determine satisfy mobile requirement increase k reapply algorithms depend two method cluster implementation algorithm real case study present experimental result analysis indicate pam algorithm apply method two effective case heavy load distribution lead minimum number base station directly affect onto cost planning network', 'due dynamic network condition rout critical part wmns need optimise rout strategy develop wmns must efficient make operationally self configurable network thus need resort near short path evaluation lay requirement soft compute approach near short path available affordable computing time paper propose fuzzy logic base integrated cost measure term delay throughput jitter base upon distance cost two adjacent node evaluate minimal short path update rout table apply two recent soft compute approach namely big bang big crunch bb bc biogeography base optimization bbo approach enumerate short near short path bb bc theory relate evolution universe whereas bbo inspired dynamical equilibrium number specie island algorithms low computational time high convergence speed simulation result show proposed routing algorithm find optimal short path take account three important parameter network dynamic observe short path problem bb bc outperform bbo term speed percent error evaluate minimal path actual short path', 'dynamic behaviour wmn impose stringent constraint rout policy network short path base rout short path need evaluate within give time frame allow wmn dynamic exact reason base short path evaluation method usually fail meet rigid requirement thus require soft compute base approach replace best sure solution good enough solution paper propose framework optimal rout wmns investigate suitability big bang big crunch bb bc soft compute base approach evaluate shortest near short path order make rout optimal first propose replace distance adjacent node integrate cost measure take account throughput delay jitter residual energy node fuzzy logic base inference mechanism evaluate cost measure node use distance measure apply bb bc optimization algorithm evaluate shortest near short path update routing table periodically dictate network requirement large number simulation conduct observed bb bc algorithm appear high potential candidate suitable routing wmns']",5563
37,31,37_social_social network_community_node,"['social', 'social network', 'community', 'node', 'covert', 'covert node', 'privacy', 'permission', 'permission request', 'status']","['social status define relative rank position individual hold social hierarchy know among important motivating force social behavior paper consider notion status perspective position title hold person enterprise study intersection social status social network enterprise study whether enterprise communication log help reveal social interaction individual status manifest social network end use two enterprise datasets three communication channel voice call short message email demonstrate social behavioral difference among individual different status several interesting finding base finding also develop model predict social status individual level high status individual likely span structural hole link people part enterprise network otherwise well connect one another community level principle homophily social balance clique theory generally indicate rich club maintain high status individual sense community much connect balanced dense model predict social status individual accuracy', 'bot many web social medium user source many dangerous attack carrier unwanted message spam nevertheless crawler software agent precious tool analyst continuously execute collect data test distribute application however one know real potential bot whose purpose control community manipulate consensus influence user behavior commonly believe well agent simulate human behavior social network succeed generate impact community contribute shed light issue online social experiment aim study extent bot trust profile aim reproduce human behavior become popular influential social medium result show basic social probing activity use acquire social relevance network acquire popularity effectively leverage drive user social connectivity choice also register bot activity unveil hidden social polarization pattern community trigger emotional response individual brings light subtle privacy hazard perceive user base', 'one interesting scientific challenge nowadays deal analysis understand complex network dynamic process lead emergence accord interaction among component paper approach definition new methodology visualization exploration dynamic play real dynamic social network present recently introduce formalism call tvg time vary graph initially develop model analyze highly dynamic infrastructure less communication network mobile ad hoc network wireless sensor network vehicular network discuss applicability complex network general social network particular show enables specification analysis complex dynamic phenomenon term temporal interaction allow easily switch perspective local global dynamic example choose case scientific community analyze portion arxiv repository ten year publication physic focus social determinant e g goal potential interaction among individual behind emergence resilience scientific community consider scientific community time community practice co authorship exist also representations scientist mind since reference scientist work merely objective link relevant work reveals social object one manipulates select refers paper show emergence selection community goal drive preferential attachment toward set author among key scientist nobel prize']",5563
38,31,38_abc_swarm_pso_particle,"['abc', 'swarm', 'pso', 'particle', 'particle swarm', 'swarm optimization', 'bee', 'optimization', 'bee colony', 'rdpso']","['ability evolutionary algorithm ea find global optimal solution depend capacity find good rate exploitation find far element exploration search space inspire natural phenomenon researcher develop many successful evolutionary algorithm original version define operator mimic way nature solve complex problem actual consideration exploration exploitation balance paper novel nature inspire algorithm call state matter search sms introduce sm algorithm base simulation state matter phenomenon sms individual emulate molecule interact use evolutionary operation base physical principle thermal energy motion mechanism algorithm devise consider state matter one different exploration exploitation ratio evolutionary process divide three phase emulate three state matter gas liquid solid state molecule individual exhibit different movement capacity begin gas state pure exploration algorithm modifies intensities exploration exploitation solid state pure exploitation reach result approach substantially improve balance exploration exploitation yet preserve good search capability evolutionary approach', 'artificial bee colony abc algorithm prove importance solve number problem include engineering optimization problem abc algorithm one popular young member family population base nature inspired meta heuristic swarm intelligence method abc prove superiority nature inspire algorithms nia apply benchmark function real world problem performance search process abc depend random value try balance exploration exploitation phase order increase performance require balance exploration search space exploitation optimal solution abc paper outline new hybrid abc algorithm genetic algorithm propose method integrate crossover operation genetic algorithm ga original abc algorithm propose method name crossover base abc cbabc cbabc strengthen exploitation phase abc crossover enhance exploration search space cbabc test four standard benchmark function popular continuous optimization problem', 'random drift particle swarm optimization rdpso algorithm inspire free electron model metal conductor place external electric field present systematically analyze empirically studied paper free electron model considers electron thermal drift motion conductor place external electric field motivation rdpso algorithm describe first velocity equation particle design simulate thermal motion well drift motion electron lead electron location minimum potential energy external electric field comprehensive analysis algorithm make order provide deep insight rdpso algorithm work involve theoretical analysis simulation stochastic dynamical behavior single particle rdpso algorithm search behavior algorithm also investigate detail analyze interaction particle variant rdpso algorithm propose incorporate different random velocity component different neighborhood topology finally empirical study rdpso algorithm perform use set benchmark function cec benchmark suite base theoretical analysis particle behavior two method control algorithmic parameter employ follow experimental analysis select parameter value order obtain good overall performance rdpso algorithm variant real world application performance comparison rdpso algorithm variant pso make prove efficiency rdpso algorithm']",5563
39,30,39_item_rating_recommender_recommendation,"['item', 'rating', 'recommender', 'recommendation', 'collaborative filtering', 'collaborative', 'filtering', 'user', 'reviewer', 'user item']","['develop bayesian poisson matrix factorization model form recommendation sparse user behavior data data large user item matrix user provide feedback small subset item either explicitly e g star rating implicitly e g view purchase contrast traditional matrix factorization approach poisson factorization implicitly model user limited attention consume item moreover mathematical form poisson likelihood model need explicitly consider observed entry matrix lead scalable computation good predictive performance develop variational inference algorithm approximate posterior inference scale massive data set efficient algorithm iterates observe entry adjusts approximate posterior user item representation apply method large real world user data contain user rating movie user listen song user read scientific paper setting bayesian poisson factorization outperforms state art matrix factorization method', 'one challenge problem recommender system base collaborative filtering cf concept data sparseness e limit user preference data available make recommendation cross domain collaborative filtering cdcf study effective mechanism alleviate data sparseness one domain use knowledge user preference domains key question answer context cdcf common characteristic deployed link different domain effective knowledge transfer paper assess usefulness user contribute social tag respect mean generalized tag induce cross domain collaborative filtering gtagcdcf approach propose paper develop base general collective matrix factorization framework assessment do series experiment use publicly available cf datasets represent three cross domain case e two two domain case one three domain case comparative analysis two domain case involve gtagcdcf several state art cdcf approach indicates increase benefit use social tag representative explicit link domain cdcf compare implicit link deploy exist cdcf method addition show user different domain already benefit gtagcdcf share common tag finally use three domain case validate robustness gtagcdcf respect scale datasets vary number domain', 'important tool information filter era socialize web recommender system witness rapid development last decade benefit good interpretability neighborhood base collaborative filtering technique item base collaborative filtering adopt amazon gain great success many practical recommender system however neighborhood base collaborative filtering method suffers rating bound problem e rating target item method estimate bound observed rating neighbor item therefore cannot accurately estimate unobserved rating target item ground truth rating actually high low high low rating item neighborhood paper address problem formalize rating estimation task recover scalar rating function linearity assumption infer rating optimize low order norm e g l norm second derivative target scalar function remain observed rating unchanged experimental result three real datasets namely douban goodreads movielens demonstrate propose approach well overcome rating bound problem particularly significantly improve accuracy rating estimation conventional neighborhood base method']",5563
40,30,40_path_collision_rrt_path planning,"['path', 'collision', 'rrt', 'path planning', 'theta', 'agent path', 'pathfinding', 'trajectory', 'multi robot', 'mapp']","['need efficient monitor spatio temporal dynamic large environmental application water quality monitoring river lakes motivates use robotic sensor order achieve sufficient spatial coverage typically robots bounded resource limit battery limited amount time obtain measurement thus careful coordination path require order maximize amount information collect respect resource constraint paper present efficient approach near optimally solve np hard optimization problem plan informative path particular first develop esip efficient single robot informative path planning approximation algorithm optimize path single robot hereby use gaussian process model underlie phenomenon use mutual information visit location remainder space quantify amount information collect prove mutual information collect use path obtain use esip close information obtain optimal solution provide general technique sequential allocation use extend single robot planning algorithm esip multi robot problem procedure approximately generalizes guarantee single robot problem multi robot case extensively evaluate effectiveness approach several experiment perform field two important environmental sensing application lake river monitoring simulation experiment perform use several real world sensor network data set', 'grid block unblocked cell often use represent terrain robotics video game however path form grid edge longer true short path terrain since heading artificially constrain present two new correct complete angle path planning algorithm avoid shortcoming basic theta angle propagation theta variant propagate information along grid edge without constrain path grid edge basic theta simple understand implement fast find short path however guarantee find true short path angle propagation theta achieve good bad case complexity per vertex expansion basic theta propagate angle range expand vertex complex fast find slightly longer paths refer basic theta angle propagation theta collectively theta theta unique property analyze detail show experimentally find short path post smooth path field version know propagate information along grid edge without constrain path grid edge runtime comparable grid finally extend theta grid contain unblocked cell non uniform traversal cost introduce variant theta provide different tradeoff path length runtime', 'multi agent path plan challenge problem numerous real life application run centralize search combine state space unit complete cost optimal scale poorly state space size exponential number mobile unit traditional decentralized approach far whca faster scalable base problem decomposition however method incomplete provide guarantee respect run time solution quality necessarily able tell reasonable time whether would succeed find solution give instance introduce mapp tractable algorithm multi agent path planning undirected graph present basic version several extension low polynomial bad case upper bound run time memory requirement length solution even though algorithmic version incomplete general case provide formal guarantee problem solve version discus algorithms completeness respect clearly defined subclass instance experiment run realistic game grid map mapp solve mobile unit well percentage far whca mapp mark unit provably solvable first stage plan computation part mapps computation use across instance map speed wise mapp competitive significantly faster whca depend whether mapp performs computation scratch data mapp use preprocessed offline readily available mapp slow fast far algorithm factor average mapps solution average long fars solution longer whca solution']",5563
41,29,41_intelligence hold_conference uncertainty_proceeding_uncertainty artificial,"['intelligence hold', 'conference uncertainty', 'proceeding', 'uncertainty artificial', 'conference', 'july proceeding', 'july', 'hold', 'august', 'august proceeding']","['proceeding seventh conference uncertainty artificial intelligence hold los angeles ca july', 'proceeding first conference uncertainty artificial intelligence hold los angeles ca july', 'proceeding third conference uncertainty artificial intelligence hold seattle wa july']",5563
42,29,42_document_document cluster_cluster_blog,"['document', 'document cluster', 'cluster', 'blog', 'similarity measure', 'label', 'document similarity', 'cluster quality', 'base document', 'similarity']","['text mining become vital web offer collaborative content creation share researcher grow interest text mining method discover knowledge text mining researcher come variety area like natural language process computational linguistic machine learn statistic typical text mining application involve preprocessing text stem lemmatization tag annotation derive knowledge pattern evaluate interpret result numerous approach perform text mining task like cluster categorization sentimental analysis summarization grow need standardize evaluation task one major component establish standardization provide standard datasets task although various standard datasets available traditional text mining task expensive datasets blog mine task blog new genre web digital diary web user chronological entry contain lot useful knowledge thus offer lot challenge opportunity text mine paper report new indigenous dataset pakistani political blogosphere paper describe process data collection organization standardization use dataset carry various text mining task blogosphere like blog search political sentiment analysis track identification influential blogger cluster blog post wish offer dataset free others aspire pursue domain', 'document cluster unsupervised approach extensively used navigate filter summarize manage large collection document repository like world wide web www recently focus domain shift traditional vector base document similarity cluster suffix tree base document similarity offer semantic representation text present document paper compare contrast two recently introduce approach document cluster base suffix tree data model first efficient phrase base document cluster extract phrase document form compact document representation use similarity measure base common suffix tree cluster document second approach frequent word word mean sequence base document cluster similarly extract common word sequence document use common sequence common word meaning sequence perform compact representation finally use document cluster approach cluster compact document algorithm use agglomerative hierarchical document cluster perform actual cluster step difference approach mainly base extraction phrase model representation compact document similarity measure use cluster paper investigate computational aspect two algorithms quality result produce', 'importance document cluster widely acknowledge researcher well management smart navigation efficient filter concise summarization large collection document like world wide web www next challenge lie semantically perform cluster base semantic content document problem document cluster two main component represent document form inherently capture semantics text may also help reduce dimensionality document define similarity measure base semantic representation assigns high numerical value document pair high semantic relationship feature space document challenge document cluster document may contain multiple topic may contain large set class independent general word handful class specific core word feature mind traditional agglomerative clustering algorithm base either document vector model dvm suffix tree model stc less efficient produce result high cluster quality paper introduce new approach document cluster base topic map representation document document transform compact form similarity measure propose base upon inferred information topic map data structure suggest method implement use agglomerative hierarchal cluster test standard information retrieval ir datasets comparative experiment reveals propose approach effective improving cluster quality']",5563
43,28,43_expect utility_utility_bookie_uncertainty,"['expect utility', 'utility', 'bookie', 'uncertainty', 'decision', 'expect', 'qualitative decision', 'minimax criterion', 'decision make', 'possibilistic']","['consider agent update belief beliefs represent set p probability distribution give agent make decision use minimax criterion perhaps best study commonly used criterion literature adopt game theoretic framework agent play bookie chooses distribution p consider two reasonable game differ bookie know make choice anomaly observe like time inconsistency understand arise different game played bookie different information characterize important special case optimal decision rule accord minimax criterion amount either condition simply ignore information finally consider relationship update calibration uncertainty describe set probability result emphasize key role rectangularity condition epstein schneider', 'consider agent update uncertainty represent set p probability distribution agent observes random variable x take value x give agent make decision use minimax criterion perhaps best study commonly used criterion literature adopt game theoretic framework agent play bookie chooses distribution p consider two reasonable game differ bookie know make choice anomaly observe like time inconsistency understand arise important different game played bookie different information characterize important special case optimal decision rule accord minimax criterion amount either condition simply ignore information finally consider relationship condition calibration uncertainty describe set probability', 'consider agent update uncertainty represent set p probability distribution agent observes random variable x take value x give agent make decision use minimax criterion perhaps best study commonly used criterion literature adopt game theoretic framework agent play bookie chooses distribution p consider two reasonable game differ bookie know make choice anomaly observe like time inconsistency understand arise different game played bookie different information characterize important special case optimal decision rule accord minimax criterion amount either condition simply ignore information finally consider relationship condition calibration uncertainty describe set probability']",5563
44,22,44_traffic_road_vehicle_road network,"['traffic', 'road', 'vehicle', 'road network', 'gps', 'traffic light', 'traffic control', 'intersection', 'pothole', 'destination']","['paper propose conceptual framework centralized system classify road base upon level damage centralize system also identify traffic intensity thereby prioritize road need quick action take upon moreover system help driver detect level damage road stretch route vehicle alternative path destination system send feedback concerned authority quick response condition road system use comprise laser sensor pressure sensor shock absorber detect quantify intensity pothole centralize server maintains database location pothole access another unit inside vehicle point point connection device also instal vehicle vehicle detect pothole database vehicle within range meter warn pothole system compute route least number pothole nearest desire destination destination unknown system check pothole current road display level damage system flexible enough destination add remove changed time travel best possible route suggest system upon alteration prove algorithm return efficient path least number pothole', 'summary traffic light coordination complex problem paper extend previous work abstract model city traffic allow multiple street intersection test self organize method model show close theoretical optimum superior traditional method traffic light coordination abstract elementary cellular automaton follow rule mimic particle flow one direction constant speed automaton therefore model highway traffic recent paper incorporate intersection regulate traffic light model use exclusively elementary cellular automaton paper however explore rectangular grid extend model complex scenario employ hexagonal grid extension show first model readily incorporate multiple way intersection hence simulate complex scenario addition current extension allow u study evaluate behavior two different kind traffic light controller grid six way street allow either two three street intersection traffic light try adapt amount traffic result self organize traffic light system synchronize traffic light coordinate rigid period sometimes call green wave method observe tradeoff system capacity topological complexity green wave method unable cope complexity high capacity scenario self organize method scalable adapt complexity scenario exploit maximum capacity additionally paper propose benchmark independent method model measure performance traffic light controller compare theoretical optimum', 'traffic chief puzzle problem every country face enhancement number vehicle throughout world especially large urban town hence need arises simulate optimize traffic control algorithms good accommodate increase demand fuzzy optimization deal find value input parameter complex simulated system result desire output paper present matlab simulation fuzzy logic traffic controller control flow traffic isolated intersection controller base waiting time queue length vehicle present green phase vehicle queue lengths phase controller control traffic light timing phase difference ascertain sebaceous flow traffic least waiting time queue length paper isolate intersection model use consist two alleyway approach every outlook different value queue length wait time systematically intersection maximum value wait time vehicle queue length select use proximity sensor input controller ameliorate control traffic flow intersection intelligent traffic model fuzzy logic traffic controller develop evaluate performance traffic controller different pre define condition oleaginous flow traffic additionally fuzzy logic traffic controller emergency vehicle siren sensor detect emergency vehicle movement like ambulance fire brigade police van etc give maximum priority pas prefer signal']",5563
45,22,45_emergency_crisis_crisis response_response,"['emergency', 'crisis', 'crisis response', 'response', 'earthquake', 'agent', 'water', 'help emergency', 'gicoordinator', 'water distribution']","['aim paper present principle result case base reason adapted real time interactive simulation precisely concern retrieval mechanism article begin introduce constraint involve interactive multiagent base simulation second section pre sent framework stem case base reason autonomous agent agent us case base local situation base choose action order interact auton omous agent user avatar illustrate framework example dedicate study dynamic situation football go address difficulty conduct simulation real time propose model case case base use generic agent adequate case base structure associate dedicated recall algorithm improve retrieval performance time pressure compare classic cbr technique present result relate performance solution article conclude outline future development project', 'event bacteriological chemical toxin intro duced water distribution network large population consumer may become exposed contaminant contamination event may poorly predictable dynamic process due interaction consumer utility manager event consumer become aware threat may select protective action change water demand typical demand pattern new hydraulic condition arise differ condition predict demand consider exogenous input consequently movement contaminant plume pipe network may shift expected trajectory sociotechnical model develop integrate agent base model consumer engineering water distribution system model capture dynamic consumer behavior water distribution system predict contaminant transport public exposure consumer simulate agent behavior define water use activity mobility word mouth communication demand reduction base set rule represent agent autonomy reaction health impact environment action agent consumer decrease water use demand exert water distribution system update flow direction volume shift response location contaminant plume update amount contaminant consume agent calculate framework test simulate realistic contamination scenario virtual city water distribution system', 'problem paper address design intelligent software system ic incident commander team order coordinate action agent field unit robots domain emergency crisis response operation objective paper proposes gicoordinator gi base assistant software agent assist collaborate human planner strategic planning macro task assignment centralize multi agent coordination method approach design gicoordinator analyze problem design complete data model design architecture gicoordinator specify require capability human system coordination problem solve specify development tool deploy result result architecture design gicoordinator contain system requirement finding gicoordinator efficiently integrate geoinformatics artifice intelligent technique order provide spatial intelligent coordinator system ic efficiently coordinate control agent make macro strategic decision result define framework future work develop system']",5563
46,20,46_story_narrative_shadow_xapagy,"['story', 'narrative', 'shadow', 'xapagy', 'xapi', 'meeting', 'smart meeting', 'meeting cinematography', 'cinematography', 'film']","['xapagy cognitive architecture design perform narrative reason model mimic activity perform human witness read recall narrate talk story xapagy communicates outside world use xapi simplify pidgin language strongly tie internal representation model instance scene verb instance reason technique shadow headless shadow fully semantic equivalent natural language xapi represent wide range complex story illustrate representation technique use xapi examples take folk physic folk psychology well unusual literary example argue xapi model represent conceptual shift english representation map logical consistent train knowledge engineer translate english xapi near native speed', 'position narrative centre computational model high level knowledge representation reason context range assistive technology concern visuo spatial perception cognition task propose narrative model encompass aspect emph space event action change interaction viewpoint commonsense reason learn large scale cognitive system broad focus paper domain human activity interpretation smart environment ambient intelligence etc backdrop smart meeting cinematography domain position propose narrative model preliminary work perceptual narrativisation immediate outlook construct general purpose open source tool perceptual narrativisation acm classification artificial intelligence general cognitive simulation knowledge representation formalism method vision scene understanding architecture control structure motion perceptual reasoning shape video analysis general keywords cognitive system human computer interaction spatial cognition computation commonsense reason spatial temporal reason assistive technology', 'construe smart meeting cinematography focus professional situation meeting seminar possibly conduct distributed manner across socio spatially separate group basic objective smart meeting cinematography interpret professional interaction involve people automatically produce dynamic recording discussion debate presentation etc presence multiple communication modality typical modality include gesture e g raise one hand question applause voice interruption electronic apparatus e g press button movement e g stand move around etc rotunde instance smart meeting cinematography concept aim develop functionality drive benchmark respect interpretation control capabilities human cinematographer real time video editor surveillance personnel typical human performance everyday situation b develop general tool commonsense cognitive interpretation dynamic scene viewpoint visuo spatial cognition centre perceptual narrativisation particular emphasis place declarative representation interfacing mechanism seamlessly integrate within large scale cognitive interaction system companion technology consist diverse ai sub component instance envisage tool would provide general capability high level commonsense reason space event action change interaction']",5563
