Topic,Count,Name,Representation,Representative_Docs,Total
-1,8501,-1_robot_human_game_agent,"['robot', 'human', 'game', 'agent', 'environment', 'cognitive', 'object', 'ai', 'action', 'machine']","['problem cooperation agent seek way jointly improve welfare ubiquitous important find scale range daily routine drive highway schedule meeting work collaboratively global challenge peace commerce pandemic preparedness arguably success human specie root ability cooperate since machine power artificial intelligence play ever great role live important equip capability necessary cooperate foster cooperation see opportunity field artificial intelligence explicitly focus effort class problem term cooperative ai objective research would study many aspect problem cooperation innovate ai contribute solve problem central goal include build machine agent capability need cooperation building tool foster cooperation population machine human agent otherwise conduct ai research insight relevant problem cooperation research integrates ongoing work multi agent system game theory social choice human machine interaction alignment natural language processing construction social tool platform however cooperative ai union exist area rather independent bet productivity specific kind conversation involve area see opportunity explicitly focus problem cooperation construct unify theory vocabulary build bridge adjacent community work cooperation include natural social behavioural science', 'upper limb hand functionality critical many activity daily live amputation one lead significant functionality loss individual perspective advanced prosthetic hand future anticipated benefit improve share control robotic hand human user importantly improve capability infer human intent multimodal sensor data provide robotic hand perception ability regard operational context multimodal sensor data may include various environment sensor include vision well human physiology behavior sensor include electromyography inertial measurement unit fusion methodology environmental state human intent estimation combine source evidence order help prosthetic hand motion planning control paper present dataset type gather anticipation camera build prosthetic hand computer vision method need assess hand view visual evidence order estimate human intent specifically pair image human eye view hand view various object place different orientation capture initial state grasping trial follow paired video emg imu arm human grasp lift put retract style trial structure trial base eye view image scene show hand object table multiple human ask sort decrease order preference five grasp type appropriate object give configuration relative hand potential utility pair eye view hand view image illustrate train convolutional neural network process hand view image order predict eye view label assign human', 'broad variety knowledge base application recommender expert planning configuration system usually operate basis knowledge represent mean logical language logical knowledge base kb enable intelligent behavior system allow automatically reason answer query interest solve complex real world problem nowadays information acquisition come low cost often happen automatically apply kb continuously grow term size information content complexity development foster emergence error kbs thus pose significant challenge people tool involved kb evolution maintenance application minimal quality criterion logical consistency meet kb becomes useless knowledge base application guarantee compliance kb give requirement non interactive kb debugger propose however often cannot localize potential fault suggest large incorrect modification faulty kb suffer poor scalability due inherent complexity kb debug problem remedy issue base well founded theoretical basis work propose complete sound optimal method interactive debug kb suggest one minimally invasive error correction faulty kb yield repair kb exactly intend semantics user e g domain expert involve debug process answer automatically generate query whether give statement must must hold domain model problematic kb hand']",22167
0,530,0_cancer_segmentation_tumor_medical image,"['cancer', 'segmentation', 'tumor', 'medical image', 'mri', 'medical', 'ct', 'lesion', 'ray', 'surgical']","['tumor segmentation oncological pet challenge major reason partial volume effect due low system resolution finite voxel size latter result tissue fraction effect e voxels contain mixture tissue class conventional method perform segmentation exclusively assign voxel image belong either tumor normal tissue class thus method inherently limit model tissue fraction effect address inherent limitation propose estimation base approach segmentation specifically develop bayesian method estimate posterior mean fractional volume tumor occupies within image voxel propose method implement use encoder decoder network first evaluate use clinically realistic simulation study know ground truth context segment primary tumor pet image patient lung cancer evaluation study demonstrate method accurately estimate tumor fraction area significantly outperform widely use conventional method include u net base method task segment tumor addition propose method relatively insensitive partial volume effect yield reliable tumor segmentation different clinical scanner configuration method evaluate use clinical image patient stage ii iii non small cell lung cancer acrin rtog multi center clinical trial result show proposed method significantly outperform consider method yield accurate tumor segmentation patient image dice similarity coefficient ci overall study demonstrate efficacy propose method accurately segment tumor pet image', 'convolutional neural network cnns achieve excellent computer assist diagnosis sufficient annotate training data however medical image datasets small fragment context generative adversarial network gans synthesize realistic diverse additional training image fill data lack real image distribution researcher improve classification augment data noise image e g random noise sample diverse pathological image image image gans e g benign image malignant one yet research report result combine noise image image image gans performance boost therefore maximize da effect gan combination propose two step gan base da generates refine brain magnetic resonance mr image without tumor separately progressive grow gans pggans multi stage noise image gan high resolution mr image generation first generate realistic diverse x image ii multimodal unsupervised image image translation munit combine gans variational autoencoders simgan use da focus gan loss refines texture shape pggan generate image similarly real one thoroughly investigate cnn base tumor classification result also consider influence pre training imagenet discard weird look gan generate image result show combined classic da two step gan base da significantly outperform classic da alone tumor detection e boost sensitivity also medical imaging task', 'non small cell lung cancer nsclc represent approximately lung cancer diagnose lead cause cancer relate death worldwide recent study indicate image base radiomics feature positron emission tomography compute tomography pet ct image predictive power nsclc outcome end easily calculate functional feature maximum mean standard uptake value suv total lesion glycolysis tlg commonly use nsclc prognostication prognostic value remain controversial meanwhile convolutional neural network cnn rapidly emerge new premise cancer image analysis significantly enhance predictive power compare hand craft radiomics feature show cnn train perform tumor segmentation task information physician contour identify rich set survival related image feature remarkable prognostic value retrospective study nsclc patient stereotactic body radiotherapy sbrt find cnn segmentation algorithm u net train tumor segmentation pet ct image contain feature strong correlation year overall disease specific survival u net algorithm see clinical information e g survival age smoke history image correspond tumor contour provide physician furthermore visualization u net also find convince evidence region progression appear match region u net feature identify pattern predict high likelihood death anticipate finding start point sophisticated non intrusive patient specific cancer prognosis determination']",22167
1,529,1_drive_vehicle_traffic_driver,"['drive', 'vehicle', 'traffic', 'driver', 'autonomous vehicle', 'autonomous', 'autonomous drive', 'av', 'road', 'driving']","['recent advance deep neural network dnns lead development dnn driven autonomous car use sensor like camera lidar etc drive without human intervention major manufacturer include tesla gm ford bmw waymo google work build test different type autonomous vehicle lawmaker several u state include california texas new york pass new legislation fast track process test deployment autonomous vehicle road however despite spectacular progress dnns like traditional software often demonstrate incorrect unexpected corner case behavior lead potentially fatal collision several real world accident involve autonomous car already happen include one result fatality exist test technique dnn driven vehicle heavily dependent manual collection test data different drive condition become prohibitively expensive number test condition increase paper design implement evaluate deeptest systematic test tool automatically detect erroneous behavior dnn driven vehicle potentially lead fatal crash first tool design automatically generate test case leverage real world change drive condition like rain fog light condition etc deeptest systematically explore different part dnn logic generate test input maximize number activate neuron deeptest find thousand erroneous behavior different realistic driving condition e g blurring rain fog etc many lead potentially fatal crash three top perform dnns udacity self drive car challenge', 'great achievement artificial intelligence vehicle technology advance significantly human centric driving towards fully automate drive intelligent vehicle able understand driver perception environment well control behavior vehicle since high digital map information available provide rich environmental context static road building traffic infrastructure would worthwhile explore map data capability drive task understand alternative commercial use map openstreetmap osm data free open dataset make unique exploration research study focus two task leverage osm drive environment understand first drive scenario attribute retrieve osm element combine vehicle dynamic signal drive event recognition utilize steer angle change base bi directional recurrent neural network bi rnn drive sequence segment classified lane keep lane change leave lane change right turn leave turn right event second autonomous drive perception osm data use render virtual street view represent prior knowledge fuse vision laser system road semantic segmentation five different type road mask generate osm image lidar point fuse characterize drivable space driver perspective alternative data driven approach base fully convolutional network fcn osm availability deep learn method discuss reveal potential usage compensate street view image automatic road semantic annotation', 'autonomous vehicle avs e self drive car operate safety critical domain since error autonomous drive software lead huge loss statistically road intersection part avs operational design domain odd high accident rate hence test avs limit road intersection assure safety road intersection pertinent thus focus paper present situation coverage base sitcov av test framework verification validation v v safety assurance av develop open source av simulator name carla sitcov av test framework focus vehicle vehicle interaction road intersection different environmental intersection configuration situation use situation coverage criterion automatic test suite generation safety assurance av develop ontology intersection situation use generate situation hyperspace e space possible situation arise ontology evaluation sitcov av test framework seed multiple fault ego av compare situation coverage base random situation generation find generation methodology trigger around number seed faults situation coverage base generation tell u lot weaknesses autonomous drive algorithm ego av especially edge case code publicly available online anyone use sitcov av test framework use build top paper aim contribute domain v v development avs theoretical point view also viewpoint open source software contribution release flexible effective tool v v development av']",22167
2,304,2_wireless_channel_edge_communication,"['wireless', 'channel', 'edge', 'communication', 'radio', 'iot', 'device', 'uav', 'base station', 'packet']","['ever grow popularity rapid improve artificial intelligence ai raise rethink evolution wireless network mobile edge compute mec provide natural platform ai application since rich computation resource train machine learning ml model well low latency access data generate mobile internet thing iot device paper present infrastructure perform ml task mec server assistance reconfigurable intelligent surface ri contrast conventional communication system principal criterion maximize throughput aim maximize learn performance specifically minimize maximum learning error participate user jointly optimize transmit power mobile user beamforming vector base station b phase shift matrix ri alternate optimization ao base framework propose optimize three term iteratively successive convex approximation sca base algorithm developed solve power allocation problem close form expression beamforming vector derive alternate direction method multiplier admm base algorithm design together error level search el framework effectively solve challenge nonconvex optimization problem phase shift matrix simulation result demonstrate significant gain deploy ri validate advantage propose algorithms various benchmark lastly unify communication train inference platform develop base carla platform second network use case object detection autonomous drive propose scheme demonstrate developed platform', 'intelligent vehicular system smart city application fastest grow internet thing iot implementation compound annual growth rate view recent advance iot device emerge new breed iot application drive artificial intelligence ai fog radio access network f run recently introduce fifth generation g wireless communication overcome latency limitation cloud ran c run consider network slice problem allocating limit resource network edge fog node vehicular smart city user heterogeneous latency compute demand dynamic environment develop network slice model base cluster fog node fns coordinate edge controller ec efficiently utilize limited resource network edge service request cluster ec decides fn execute task e locally serve request edge reject task refer cloud formulate problem infinite horizon markov decision process mdp propose deep reinforcement learn drl solution adaptively learn optimal slicing policy performance propose drl base slice method evaluate compare slice approach dynamic environment different scenario design objective comprehensive simulation result corroborate propose drl base ec quickly learn optimal policy interaction environment enables adaptive automate network slice efficient resource allocation dynamic vehicular smart city environment', 'due advancement cellular technology dense deployment cellular infrastructure integrate unmanned aerial vehicle uavs fifth generation g beyond cellular network promise solution achieve safe uav operation well enable diversified application mission specific payload data delivery particular g network need support three typical usage scenario namely enhance mobile broadband embb ultra reliable low latency communication urllc massive machine type communication mmtc one hand uavs leveraged cost effective aerial platform provide ground user enhance communication service exploit high cruise altitude controllable maneuverability three dimensional space hand provide communication service simultaneously uav ground user pose new challenge due need ubiquitous signal coverage well strong air ground network interference besides requirement high performance wireless communication ability support effective efficient sense well network intelligence also essential g beyond heterogeneous wireless network coexist aerial ground user paper provide comprehensive overview late research effort integrate uavs cellular network emphasis exploit advance technique e g intelligent reflect surface short packet transmission energy harvest joint communication radar sense edge intelligence meet diversified service requirement next generation wireless system moreover highlight important direction investigation future work']",22167
3,257,3_explanation_xai_explainable_explainable ai,"['explanation', 'xai', 'explainable', 'explainable ai', 'explainability', 'black box', 'black', 'counterfactual explanation', 'explainable artificial', 'counterfactual']","['black box artificial intelligence ai method e g deep neural network widely utilized build predictive model extract complex relationship dataset make prediction new unseen data record however difficult trust decision make method since inner work decision logic hide user explainable artificial intelligence xai refers system try explain black box ai model produce outcomes post hoc xai method approximate behavior black box extract relationship feature value prediction perturbation base decision set method among commonly use post hoc xai system former explanators rely random perturbation data record build local global linear model explain individual prediction whole model latter explanators use feature value appear frequently construct set decision rule produce outcomes target black box however two class xai method limitation random perturbation take account distribution feature value different subspace lead misleading approximation decision set pay attention frequent feature value miss many important correlation feature class label appear less frequently accurately represent decision boundary model paper address challenge propose explanation method name confident itemsets explanation cie introduce confident itemsets set feature value highly correlate specific class label cie utilizes confident itemsets discretize whole decision space model small subspace', 'propose cx tom short counterfactual explanation theory mind new explainable ai xai framework explain decision make deep convolutional neural network cnn contrast current method xai generate explanation single shot response pose explanation iterative communication process e dialog machine human user concretely cx tom framework generates sequence explanation dialog mediate difference mind machine human user use theory mind tom help u explicitly model human intention machine mind inferred human well human mind infer machine moreover state art xai frameworks provide attention heat map base explanation work show attention base explanation sufficient increase human trust underlie cnn model cx tom instead use counterfactual explanation call fault line define follow give input image cnn classification model predict class c pred fault line identifies minimal semantic level feature e g stripe zebra point ear dog refer explainable concept need add deleted order alter classification category another specify class c alt argue due iterative conceptual counterfactual nature cx tom explanation framework practical natural expert non expert user understand internal working complex deep learning model extensive quantitative qualitative experiment verify hypothesis demonstrate cx tom significantly outperform state art explainable ai model', 'explainable artificial intelligence interpretable machine learn research field grow importance yet underlying concept remain somewhat elusive lack generally agree definition recent inspiration social science refocus work need expectation human recipient field still miss concrete conceptualisation take step towards address challenge review philosophical social foundation human explainability translate technological realm particular scrutinise notion algorithmic black box spectrum understand determine explanatory process explainees background knowledge approach allow u define explainability logical reasoning apply transparent insight black box interpret certain background knowledge process engenders understand explainees employ conceptualisation revisit much dispute trade transparency predictive power implication ante hoc post hoc explainers well fairness accountability engender explainability furthermore discuss component machine learn workflow may need interpretability build range idea human centre explainability focus explainees contrastive statement explanatory process discussion reconcile complement current research help well navigate open question rather attempt address individual issue thus lay solid foundation ground discussion future progress explainable artificial intelligence interpretable machine learn conclude summary finding revisit human centred explanatory process need achieve desire level algorithmic transparency']",22167
4,254,4_sit_solver_csp_sat,"['sit', 'solver', 'csp', 'sat', 'constraint', 'boolean', 'clause', 'sit solver', 'maxsat', 'constraint satisfaction']","['fix parameter tractable fpt approach powerful tool tackle computationally hard problem paper link fpt result classic artificial intelligence ai technique show complement specifically consider workflow satisfiability problem wsp ask whether exists assignment authorised user step workflow specification subject certain constraint assignment show cohen et al jair wsp restrict class user independent constraint ui cover many practical case admit fpt algorithm e solve time exponential number step k polynomial number user n since usually k n wsp fpt algorithms great practical interest present new interpretation fpt nature wsp ui constraint give decomposition problem two level exploit two level split develop new fpt algorithm many order magnitude faster previous state art wsp algorithm also polynomial space complexity also introduce new pseudo boolean pb constraint satisfaction csp formulation wsp ui constraint efficiently exploit new decomposition problem raise novel issue use general purpose solver tackle fpt problem fashion meet fpt efficiency expectation computational study investigate first time phase transition pt property wsp model generation random instance show pt study extend novel fashion support empirical evaluation scale fpt algorithm', 'boolean satisfiability sit well know np complete problem despite theoretical hardness sit solver base conflict drive clause learn cdcl solve large sat instance many important domain cdcl learns clause conflict technique allows solver prune search space selection heuristic cdcl prioritize variable involve recent conflict fraction decision generate conflict many generate multiple conflict paper study conflict generate decision cdcl detail investigate impact single conflict sc decision generate one conflict multi conflict mc decision generate two empirically characterize two type decision base quality learn clause produce type decision also show important connection consecutive clause learn within mc decision one learn clause trigger learn next one forming chain clause lead consideration similarity conflict formulate notion conflictsproximity similarity measure show conflict mc decision closely related consecutive conflict generate sc decision finally develop common reason variable reduction crvr new decision strategy reduce selection priority variable learn clause mc decision empirical evaluation crvr implement three lead solver demonstrate performance gain benchmark main track sit competition', 'original learnt clause conflict drive clause learn cdcl sat solver often contain redundant literal may negative impact performance redundant literal may deteriorate effectiveness boolean constraint propagation quality subsequent learnt clauses overcome drawback propose clause vivification approach eliminate redundant literal apply unit propagation propose clause vivification activate sat solver trigger select restarts affect subset original learnt clause consider relevant accord metric like literal block distance lbd moreover conduct empirical investigation instance come hard combinatorial application category recent sat competition result show remarkable number additional instance solve propose approach incorporate five best perform cdcl sit solver glucose tc glucose cominisatps maplecomsps maplecomsps lrb importantly empirical investigation include depth analysis effectiveness clause vivification worth mention one sat solver describe rank first main track sit competition thanks incorporation propose clause vivification solver improve paper bronze medal main track sit competition']",22167
5,251,5_causal_causal inference_causal effect_observational,"['causal', 'causal inference', 'causal effect', 'observational', 'causality', 'intervention', 'variable', 'causal discovery', 'causation', 'effect']","['investigate causal inference asymptotic regime number variable approach infinity use information theoretic framework define structural entropy causal model term description complexity measure logarithmic growth rate measure bit direct acyclic graph dag parameterized edge density structural entropy yield non intuitive prediction randomly sample dag space model range almost surely model two layer dag semantic entropy quantifies reduction entropy edge remove causal intervention semantic causal entropy define f divergence observational distribution interventional distribution p subset edge intervene determine causal influence compare decomposability property semantic entropy different choice f divergence include kl divergence square hellinger distance total variation distance apply framework generalize recently popular bipartite experimental design study causal inference large datasets intervention carry one set variable e g power plant item online store outcome measure disjoint set variable resident near power plant shopper generalize bipartite design k partite design describe optimization framework find optimal k level dag architecture value edge density increase sequence phase transition occur disjoint interval deeper dag architecture emerge large value also give quantitative bound number sample need reliably test average causal influence k partite design', 'unobserved confound fundamental obstacle establish valid causal conclusion observational data two complementary type approach develop address obstacle extensive line work base take advantage fortuitous external aid presence instrumental variable proxy along additional assumption ensure identification recent line work proximal causal inference miao et al aim provide novel approach use proxy deal unobserved confounding without rely stringent parametric assumption hand complete characterization identifiability large class causal parameter arbitrary causal model hide variable develop use language graphical model result id algorithm relate extension tian pearl shpitser pearl b celebrate special case approach front door model able obtain non parametric identification seemingly counter intuitive situation treatment outcome share arbitrarily complicate unobserved common cause paper aim develop synthesis proximal graphical approach identification causal inference yield general identification algorithm multi variate system currently know proximal id algorithm addition able obtain non parametric identification case id algorithm succeed approach allow u systematically exploit proxy adjust presence unobserved confounders would otherwise prevent identification addition outline class estimation strategy causal parameter identify method important special case illustration approach simulation study', 'fuzzy cognitive map fcms model feedback causal relation interweave webs causality policy variable fcms fuzzy sign direct graph allow degree causal influence event occurrence causal model simulate wide range policy scenario decision process direct loop cycle directly model causal feedback nonlinear dynamic permit forward chain inference input cause policy option output effect user add detailed dynamic feedback link directly causal model infer statistical learn law user fuse combine fcms multiple expert weight add underlying fuzzy edge matrix recursively need combine fcm tends well represent domain knowledge expert sample size increase expert sample approximates random sample many causal model use restrictive direct acyclic graph dag bayesian probability dags model causal feedback contain close loop combine dag also tend produce cycle thus tend produce new dag combine dag tend produce fcm fcm causal influence also transitive whereas probabilistic causal influence transitive general overall fcms trade numerical precision probabilistic dag pattern prediction faster scalable computation ease combination richer feedback representation show fcms apply problem public support insurgency terrorism u china conflict relation graham allison thucydides trap framework appendix give textual justification thucydides trap fcm also extend earlier theorem osoba kosko general result show transitive total causal influence upstream concept node exert downstream node']",22167
6,249,6_patient_clinical_health_medical,"['patient', 'clinical', 'health', 'medical', 'disease', 'ehr', 'healthcare', 'care', 'drug', 'treatment']","['abstruse learn algorithm complex datasets increasingly characterize modern clinical decision support system cdss result clinician cannot easily rapidly scrutinize cdss recommendation face difficult diagnosis treatment decision practice trust trust frequent prior research explore support assessment explain dst data input algorithmic mechanism paper explore different approach provide precisely relevant scientific evidence biomedical literature present proof concept system clinical evidence engine demonstrate technical design feasibility approach across three domain cardiovascular disease autism cancer leverage clinical biobert system effectively identify clinical trial report base lengthy clinical question e g risk catheter infection among adult patient intensive care unit require arterial catheter treat povidone iodine alcohol capability enable system identify clinical trial relevant diagnostic treatment hypothesis clinician cdss clinical evidence engine identify key part clinical trial abstract include patient population e g adult patient intensive care unit require arterial catheter intervention povidone iodine alcohol outcome risk catheter infection capability open possibility enable clinician rapidly determine match clinical trial clinical question understand result context trial without extensive reading demonstrate potential illustrating two example use scenario system discuss idea design dst explanation specific dst algorithm domain agnostic decision support infrastructure', 'background grow evidence social behavioral determinant health sbdh play substantial effect wide range health outcomes electronic health record ehrs widely employ conduct observational study age artificial intelligence ai however little research make sbdh information ehrs method systematic search conduct six database find relevant peer review publication recently publish relevance determine screen evaluate article base select relevant study methodological analysis ai algorithm leverage sbdh information ehr data provide result synthesis driven analysis sbdh category relationship sbdh healthcare relate statuses several nlp approach extract sdoh clinical literature discussion association sbdh health outcome complicate diverse several pathway may involve use natural language processing nlp technology support extraction sbdh clinical idea simplifies identification extraction essential concept clinical data efficiently unlocks unstructured data aid resolution unstructured data related issue conclusion despite known association sbdh disease sbdh factor rarely investigated intervention improve patient outcome gain knowledge sbdh sbdh data collect ehrs use nlp approach predictive model improve chance influence health policy change patient wellness ultimately promote health health equity keywords social behavioral determinant health artificial intelligence electronic health record natural language processing predictive model', 'objective paper develop personalized real time risk score algorithm provide timely granular assessment clinical acuity ward patient base temporal lab test vital sign propose risk score system ensure timely intensive care unit icu admission clinically deteriorate patient method risk score system learn set latent patient subtypes offline electronic health record data train mixture gaussian process gp expert expert model physiological data stream associate specific patient subtype transfer learn technique use learn relationship patient latent subtype static admission information e g age gender transfer status icd code etc result experiment conduct data heterogeneous cohort patient admit ronald reagan ucla medical center show risk score significantly consistently outperform currently deploy risk score rothman index mew apache sofa score term timeliness true positive rate tpr positive predictive value ppv conclusion result reflect importance adopt concept personalize medicine critical care setting significant accuracy timeliness gain achieve accounting patient heterogeneity significance propose risk score methodology confer huge clinical social benefit critically ill inpatient exhibit cardiac arrest u every year']",22167
7,248,7_demonstration_locomotion_manipulation_robot,"['demonstration', 'locomotion', 'manipulation', 'robot', 'imitation', 'robotic', 'policy', 'imitation learn', 'robot learn', 'real robot']","['imitation learn il powerful paradigm teach robot perform manipulation task allow learn human demonstration collect via teleoperation mostly limit single arm manipulation however many real world task require multiple arm lift heavy object assemble desk unfortunately apply il multi arm manipulation task challenge ask human control one robotic arm impose significant cognitive burden often possible maximum two robot arm address challenge present multi arm roboturk mart multi user data collection platform allow multiple remote user simultaneously teleoperate set robotic arm collect demonstration multi arm task use mart collect demonstration five novel two three arm task several geographically separate user data arrive critical insight multi arm task require global coordination throughout full duration specific moment show learn data consequently present challenge centralized agent directly attempt model robot action simultaneously perform comprehensive study different policy architecture vary level centralization task finally propose evaluate base residual policy framework allows train policy well adapt mixed coordination set common multi arm manipulation show centralized policy augment decentralize residual model outperforms model set benchmark task additional result videos https roboturk stanford edu multiarm', 'simulation real transfer important strategy make reinforcement learn practical real robot successful sim real transfer system difficulty produce policy generalize across task despite train thousand hour equivalent real robot time address shortcoming present novel approach efficiently learn new robotic skill directly real robot base model predictive control mpc algorithm learn task representation short show reuse simulation pre train step sim real method tool foresight allow sim real policy adapt unseen task rather end end learn policy single task attempt transfer first use simulation simultaneously learn continuous parameterization e skill embed latent task appropriate primitive skill single policy skill condition representation directly transfer multi skill policy real robot actuate robot choose sequence skill latents actuate policy latent correspond pre learn primitive skill controller complete unseen task choose new sequence skill latents control robot use mpc mpc model compose pre train skill policy execute simulation environment run parallel real robot discus background principle method detail practical implementation evaluate performance use method train real sawyer robot achieve motion task draw block push', 'present bayesian controller fusion bcf hybrid control strategy combine strengths traditional hand craft controller model free deep reinforcement learn rl bcf thrives robotics domain reliable suboptimal control prior exist many task rl scratch remain unsafe data inefficient fuse uncertainty aware distributional output system bcf arbitrates control exploit respective strength study bcf two real world robotics task involve navigation vast long horizon environment complex reach task involve manipulability maximisation domain exist simple handcrafted controller solve task hand risk averse manner necessarily exhibit optimal solution give limitation analytical model controller miscalibration task variation exploration naturally guide prior early stage train bcf accelerates learn substantially improve beyond performance control prior policy gain experience importantly give risk aversity control prior bcf ensures safe exploration deployment control prior naturally dominate action distribution state unknown policy additionally show bcf applicability zero shot sim real set ability deal distribution state real world bcf promise approach combine complementary strength deep rl traditional robotic control surpass either achieve independently code supplementary video material make publicly available http krishanrana github io bcf']",22167
8,241,8_ontology_web_owl_semantic web,"['ontology', 'web', 'owl', 'semantic web', 'rdf', 'ontological', 'semantic', 'sparql', 'ontology development', 'schema']","['presently large number public private data set available local government case semantically interoperable huge human effort would need create integrated ontology knowledge base smart city smart city ontology yet standardize lot research work need identify model easily support data reconciliation management complexity allow data reason paper system data ingestion reconciliation smart city relate aspect road graph service available road traffic sensor etc propose system allow manage big data volume data come variety source consider static dynamic data data map smart city ontology call km city knowledge model city store rdf store available application via sparql query provide new service user via specific application public administration enterprises paper present process adopt produce ontology big data architecture knowledge base feed basis open private data mechanism adopt data verification reconciliation validation examples possible usage coherent big data knowledge base produce also offer accessible rdf store related service article also present work perform reconciliation algorithms comparative assessment selection', 'present preprint specifies define term property relationships axiom thingfo thing foundational ontology v slightly update version predecessor thingfo v ontology particular universal thing place foundational level context four layer ontological architecture name fcd ontoarch foundational core domain ontological architecture science five layered ontological architecture considers foundational core domain instance level turn domain level split two sub level namely top domain low domain ontology level relate except foundational level thingfo ontology addition ontology term relationship low level semantically enrich ontology term relationships high level thingfo ontology core level situationco processco projectco among others domain independent thingfo make three main concept namely thing semantics particular thing category semantics universal assertion represent human statement different aspect particular universal note annotation update previous version v current one v find appendix', 'present preprint specifies define term property relationships axiom processco process core ontology processco ontology devote mainly work entity relate term place core level context multilayer ontological architecture call fcd ontoarch foundational core domain ontological architecture science five layered ontological architecture considers foundational core domain instance level domain level split two sub level namely top domain low domain ontology level relate except foundational level thingfo thing foundational ontology find addition ontology term relationship low level semantically enrich ontology term relationships high level note thingfo ontology core level processco situationco among others domain independent respect term stereotype mechanism use enrich processco term mainly thingfo ontology note end document address processco v thingfo non taxonomic relationship verification matrix additionally note annotation update previous version processco v current one v find appendix instance axiom add']",22167
9,233,9_mapf_path_rrt_cbs,"['mapf', 'path', 'rrt', 'cbs', 'agent path', 'path planning', 'path mapf', 'planning', 'motion planning', 'collision']","['multi agent path find mapf find conflict free path multiple agent respective start goal location mapf challenge joint configuration space grow exponentially respect number agent among mapf planner search base method cbs effectively bypass curse dimensionality employ dynamically couple strategy agent plan fully decoupled manner first potential conflict agent ignored agent either follow individual plan couple together plan resolve conflict general number conflict resolve decides run time planner exist work focus efficiently resolve conflict work take different view aim reduce number conflict thus improve overall search efficiency improve agent individual plan leverage visual transformer develop learn base single agent planner plan single agent pay attention structure map agent conflict may happen develop novel multi agent planner call lm integrate learn base single agent planner result show see unseen map comparison lm few conflict resolve thus run faster enjoy high success rate empirically show mapf solution compute lm near optimal code available http github com lakshayvirmani learn assist mstar', 'paper address variant multi agent path find mapf continuous space time present new solve approach base satisfiability modulo theory smt obtain makespan optimal solution standard mapf task navigate agent undirected graph give start vertex give goal vertex agent collide vertex graph continuous version mapf mathcal r agent move n dimensional euclidean space along straight line interconnect predefined position simplicity work circular omni directional agent constant velocity plane agent different size move smoothly along line non collide movement along certain line small agent result collision movement perform large agent smt base approach mapf mathcal r call smt cbs mathcal r reformulate conflict base search cbs algorithm term smt concept suggest lazy generation decision variables constraint time new conflict discover underlying encode extended new variable constraint eliminate conflict compare smt cbs mathcal r adaptation cbs continuous variant mapf experimentally', 'today low altitude fix wing unmanned aerial vehicle uavs largely limited primitively follow user define waypoints allow fully autonomous remote mission complex environment real time environment aware navigation require respect terrain strong wind draft paper present two relevant initial contribution first literature first ever wind field prediction method run real time onboard uav present approach retrieves low resolution global weather data use potential flow theory adjust wind field terrain boundary mass conservation atmospheric stratification observe comparison lidar data show overall wind error reduction respect zero wind assumption mostly use uav path planning today however give vertical wind resolve accurately enough research require identified second sampling base path planner considers aircraft dynamic non uniform wind iteratively via dubins airplane path present performance optimization e g obstacle aware sample fast map collision check render planner faster open motion plan library ompl implementation test case alpine terrain show wind aware plan performs x less iteration shortest path planning thus slow low wind tend deliver low cost path strong wind importantly contrast short path planner always deliver collision free path overall initial research demonstrate feasibility wind field prediction uav advantage wind aware plan pave way follow research fully autonomous environment aware navigation uavs real life mission complex terrain']",22167
10,226,10_item_recommendation_recommender_user item,"['item', 'recommendation', 'recommender', 'user item', 'user', 'cold', 'cold start', 'user preference', 'cf', 'session']","['capture user precise preference great importance various recommender system eg e commerce platform basis present personalize interesting product list individual user spite significant progress make consider relation user item exist recommendation technique solely focus singular type user item interaction however user item interactive behavior often exhibit multi type e g page view add favorite purchase inter dependent nature overlook multiplex behavior relation hardly recognize multi modal contextual signal across different type interaction limit feasibility current recommendation method tackle challenge work propose memory augmented transformer network matn enable recommendation multiplex behavioral relational information joint modeling type specific behavioral context type wise behavior inter dependency fully automatic manner matn framework first develop transformer base multi behavior relation encoder make learn interaction representation reflective cross type behavior relation furthermore memory attention network propose supercharge matn capture contextual signal different type behavior category specific latent embed space finally cross behavior aggregation component introduce promote comprehensive collaboration across type aware interaction behavior representation discriminate inherent contribution assist recommendation extensive experiment two benchmark datasets real world e commence user behavior data demonstrate significant improvement obtain matn baseline code available https github com akaxlh matn', 'accurate user item embed learn crucial modern recommender system however exist recommendation technique thus far focused model user preference singular type user item interaction many practical recommendation scenario involve multi type user interactive behavior e g page view add favorite purchase present unique challenge cannot handle current recommendation solution particular complex inter dependency across different type user behavior ii incorporation knowledge aware item relation multi behavior recommendation framework iii dynamic characteristic multi type user item interaction tackle challenge work proposes knowledge enhanced hierarchical graph transformer network khgt investigate multi type interactive pattern user item recommender system specifically khgt build upon graph structure neural architecture capture type specific behavior characteristic ii explicitly discriminate type user item interaction important assist forecasting task target behavior additionally integrate graph attention layer temporal encode strategy empower learn embeddings reflective dedicate multiplex user item item item relation well underlie interaction dynamic extensive experiment conduct three real world datasets show khgt consistently outperform many state art recommendation method across various evaluation setting implementation code available http github com akaxlh khgt', 'predict next interaction short term interaction session challenge task session base recommendation almost exist work rely item transition pattern neglect impact user historical session model user preference often lead non personalized recommendation additionally exist personalize session base recommenders capture user preference base session current user ignore useful item transition pattern user historical session address issue propose novel heterogeneous global graph neural network hg gnn exploit item transition session subtle manner well infer user preference current historical session effectively exploit item transition session user propose novel heterogeneous global graph contain item transition session user item interaction global co occurrence item moreover capture user preference session comprehensively propose learn two level user representation global graph via two graph augment preference encoders specifically design novel heterogeneous graph neural network hgnn heterogeneous global graph learn long term user preference item representation rich semantics base hgnn propose current preference encoder historical preference encoder capture different level user preference current historical session respectively achieve personalize recommendation integrate representation user current preference historical interest generate final user preference representation extensive experimental result three real world datasets show model outperforms state art method']",22167
11,226,11_point cloud_cloud_point_shape,"['point cloud', 'cloud', 'point', 'shape', 'depth', 'scene', 'lidar', 'reconstruction', 'dense', 'pose']","['surface reconstruction noisy non uniform unoriented point cloud fascinate yet challenge problem computer vision graphic innovation scan technology highly desire directly transform raw scan data typically severe noise manifold triangle mesh exist learn base approach aim learn implicit function whose zero level surface encode underlying shape however cannot obtain desirable result noisy sparse point cloud limit use practice paper introduce neural imls novel approach learns noise resistant sign distance function sdf directly unoriented raw point cloud instead explicitly learn prior ground truth sign distance value method learn underlie sdf raw point cloud self supervise fashion minimize loss couple sdfs one obtain implicit move least square function imls neural network gradient predictor define tangent bundle facilitate computation imls prove couple sdfs coincide neural network predict sign implicit function whose zero level set serf good approximation underlie surface conduct extensive experiment various benchmark include synthetic scan real world scan exhibit ability reconstruct faithful shape various input especially point cloud noise gap', 'increase reliance self drive similar robotic system robust vision processing lidar scan deep convolutional neural network become trend academia industry alike prior attempt challenge semantic scene completion task entail inference dense structure associate semantic label sparse representation degree successful small indoor scene provide dense point cloud dense depth map often fuse semantic segmentation map rgb image however performance system drop drastically apply large outdoor scene characterize dynamic exponentially sparser condition likewise process entire sparse volume become infeasible due memory limitation workarounds introduce computational inefficiency practitioner force divide overall volume multiple equal segment infer individually render real time performance impossible work formulate method subsume sparsity large scale environment present cnet sparse convolution base neural network predicts semantically complete scene single unify lidar point cloud show propose method outperform counterpart task achieve state art result semantickitti benchmark furthermore propose variant cnet multi view fusion strategy complement network provide robustness occlusion extreme sparsity distant region conduct experiment semantic scene completion task compare result sparse network several lead lidar segmentation model adapt bird eye view segmentation two open source datasets', 'point cloud important representation capture real world object however real scan point cloud often incomplete important recover complete point cloud downstream application exist point cloud completion method use chamfer distance cd loss train cd loss estimate correspondence two point cloud search near neighbor capture overall point density distribution generate shape therefore likely lead non uniform point cloud generation tackle problem propose novel point diffusion refinement pdr paradigm point cloud completion pdr consist conditional generation network cgnet refinement network rfnet cgnet use conditional generative model call denoising diffusion probabilistic model ddpm generate coarse completion condition partial observation ddpm establish one one pointwise mapping generate point cloud uniform ground truth optimizes mean square error loss realize uniform generation rfnet refines coarse output cgnet improve quality complete point cloud furthermore develop novel dual path architecture network architecture effectively efficiently extract multi level feature partially observe point cloud guide completion accurately manipulate spatial location point obtain smooth surface sharp detail extensive experimental result various benchmark datasets show pdr paradigm outperforms previous state art method point cloud completion remarkably help rfnet accelerate iterative generation process ddpm time without much performance drop']",22167
12,210,12_mdps_markov decision_pomdp_pomdps,"['mdps', 'markov decision', 'pomdp', 'pomdps', 'mdp', 'markov', 'partially observable', 'observable', 'policy', 'observable markov']","['partially observable monte carlo plan pomcp powerful online algorithm able generate approximate policy large partially observable markov decision process online nature method support scalability avoid complete policy representation lack explicit representation however hinders interpretability work propose methodology base satisfiability modulo theory smt analyze pomcp policy inspect trace namely sequence belief action observation triplet generate algorithm propose method explore local property policy behavior identify unexpected decision propose iterative process trace analysis consist three main step definition question mean parametric logical formula describe probabilistic relationship beliefs action ii generation answer compute parameter logical formula maximize number satisfied clause solve max smt problem iii analysis generate logical formula relate decision boundary identify unexpected decision make pomcp respect original question evaluate approach tiger standard benchmark pomdps real world problem relate mobile robot navigation result show approach exploit human knowledge domain outperform state art anomaly detection method identify unexpected decision improvement area curve achieve test', 'partially observable monte carlo plan pomcp powerful online algorithm able generate approximate policy large partially observable markov decision process online nature method support scalability avoid complete policy representation lack explicit representation however hinders policy interpretability make policy verification complex work propose two contribution first method identify unexpected action select pomcp respect expert prior knowledge task second shield approach prevents pomcp select unexpected action first method base satisfiability modulo theory smt inspects trace e sequence belief action observation triplet generate pomcp compute parameter logical formula policy property define expert second contribution module use online logical formula identify anomalous action select pomcp substitute action action satisfy logical formula fulfil expert knowledge evaluate approach tiger standard benchmark pomdps real world problem relate velocity regulation mobile robot navigation result show shielded pomcp outperforms standard pomcp case study wrong parameter pomcp make select wrong action time time moreover show approach keep good performance also parameters logical formula optimize use trajectory contain wrong action', 'large class decision make uncertainty problem describe via markov decision process mdps partially observable mdps pomdps application artificial intelligence operation research among others traditionally policy synthesis technique propose total expect cost reward minimize maximize however optimality total expect cost sense reasonable system behavior large number run interest limit use policy practical mission critical scenario wherein large deviation expect behavior may lead mission failure paper consider problem design policy mdps pomdps objective constraint term dynamic coherent risk measure refer constrain risk averse problem mdps reformulate problem infsup problem via lagrangian framework propose optimization base method synthesize markovian policy mdps demonstrate formulate optimization problem form difference convex program dcps solve disciplined convex concave program dccp framework show result generalize linear program constrain mdps total discount expected cost constraint pomdps show coherent risk measure define markov risk transition map infinite dimensional optimization use design markovian belief base policy stochastic finite state controller fscs show latter optimization simplifies finite dimensional dcp solve dccp framework incorporate dcps policy iteration algorithm design risk averse fscs pomdps']",22167
13,203,13_speech_speaker_acoustic_asr,"['speech', 'speaker', 'acoustic', 'asr', 'audio', 'voice', 'speech recognition', 'tt', 'speaker recognition', 'separation']","['bioacoustic sensor sometimes know autonomous record unit arus record sound wildlife long period time scalable minimally invasive way derive per specie abundance estimate sensor require detection classification quantification animal vocalization individual acoustic event yet variability ambient noise time across sensor hinders reliability current automate system sound event detection sed convolutional neural network cnn time frequency domain article develop benchmark combine several machine listen technique improve generalizability sed model across heterogeneous acoustic environment case study consider problem detect avian flight call ten hour record nocturnal bird migration record network six arus presence heterogeneous background noise start cnn yield state art accuracy task introduce two noise adaptation technique respectively integrate short term millisecond long term minute context first apply per channel energy normalization pcen time frequency domain applies short term automatic gain control every subband mel frequency spectrogram secondly replace last dense layer network context adaptive neural network ca nn layer combine yield state art result unmatched artificial data augmentation alone release pre train version best perform system name birdvoxdetect ready use detector avian flight call field recording', 'voice conversion gain increase popularity many application speech synthesis idea change voice identity one speaker another keep linguistic content unchanged many voice conversion approach rely use vocoder reconstruct speech acoustic feature consequence speech quality heavily depend vocoder paper propose nvc net end end adversarial network performs voice conversion directly raw audio waveform arbitrary length disentangle speaker identity speech content nvc net able perform non parallel traditional many many voice conversion well zero shot voice conversion short utterance unseen target speaker importantly nvc net non autoregressive fully convolutional achieve fast inference model capable produce sample rate khz nvidia v gpu order magnitude fast state art method hardware configuration objective subjective evaluation non parallel many many voice conversion task show nvc net obtains competitive result significantly few parameter', 'separate sing voice music accompaniment remain important challenge field music information retrieval present unique neural network approach inspire technique revolutionized field vision pixel wise image classification combine cross entropy loss pretraining cnn autoencoder sing voice spectrogram pixel wise classification technique directly estimate sound source label time frequency f bin spectrogram image thus eliminate common pre postprocessing task propose network train use ideal binary mask ibm target output label ibm identifies dominant sound source f bin magnitude spectrogram mixture signal consider f bin pixel multi label sound source cross entropy use train objective minimize average probability error target predict label pixel treat sing voice separation problem pixel wise classification task additionally eliminate one commonly use yet easy comprehend postprocessing step wiener filter postprocessing propose cnn outperforms first runner music information retrieval evaluation exchange mirex winner mirex gain db global normalize source distortion ratio gnsdr apply ikala dataset experiment dsd dataset full track song evaluation task also show model able compete cut edge sing voice separation system use multi channel model data augmentation model blend']",22167
14,183,14_dialogue_conversational_conversation_dialog,"['dialogue', 'conversational', 'conversation', 'dialog', 'chatbot', 'chatbots', 'conversational agent', 'assistant', 'chat', 'intent']","['theatrical improvisation impro improv demand form live collaborative performance improv humorous playful artform build open end narrative structure simultaneously celebrate effort failure thus ideal test bed development deployment interactive artificial intelligence ai base conversational agent artificial improvisors case study introduces improv show experiment feature human actor artificial improvisors previously develop deep learning base artificial improvisor train movie subtitle generate plausible context base line dialogue suitable theatre mathewson mirowski work employ control subset human actor say improv performance also give human generate line different subset performer line provide actor headphone performer wear headphone paper describe turing test imitation game take place theatre audience member performer leave guess human machine order test scientific hypotheses perception human versus machine collect anonymous feedback volunteer performer audience member result suggest rehearsal increase proficiency possibility control event performance say consistency real world experience limit interface mechanism use perform show also show human generate line shorter positive less difficult word grammar spell mistake artificial improvisor generate line', 'conversational system come long way since inception decade research development see progress eliza parry task completion system darpa communicator program intelligent personal assistant siri today social chatbots like xiaoice social chatbots appeal lie ability respond user diverse request also able establish emotional connection user latter do satisfy user need communication affection well social belong advancement adoption social chatbots design must focus user engagement take intellectual quotient iq emotional quotient eq account user want engage social chatbot define success metric social chatbots conversation turn per session cps use xiaoice illustrative example discus key technology build social chatbots core chat visual awareness skill also show xiaoice dynamically recognize emotion engage user throughout long conversation appropriate interpersonal response become first generation human ever live ai responsibility design social chatbots useful empathetic become ubiquitous help society whole', 'conversational agent explode popularity however much work remain area social conversation well free form conversation broad range domain topic advance state art conversational ai amazon launch alexa prize million dollar university competition sixteen select university team challenge build conversational agent know socialbots converse coherently engagingly humans popular topic sport politics entertainment fashion technology minute alexa prize offer academic community unique opportunity perform research live system use million user competition provide university team real user conversational data scale along user provide rating feedback augment annotation alexa team enable team effectively iterate make improvement throughout competition evaluate real time live user interaction build socialbots university team combine state art technique novel strategy area natural language understand context model dialog management response generation knowledge acquisition support effort participate team alexa prize team make significant scientific engineering investment build improve conversational speech recognition topic track dialog evaluation voice user experience tool traffic management scalability paper outline advance create university team well alexa prize team achieve common goal solve problem conversational ai']",22167
15,182,15_action recognition_video_human action_skeleton,"['action recognition', 'video', 'human action', 'skeleton', 'activity', 'har', 'activity recognition', 'motion', 'human activity', 'action']","['although deep neural network dnns enable great progress video abnormal event detection vad exist solution typically suffer two issue localization video event cannot precious comprehensive semantics temporal context explore tackle issue motivate prevalent cloze test education propose novel approach name visual cloze completion vcc conduct vad learn complete visual cloze test vcts specifically vcc first localize video event encloses spatio temporal cube stc achieve precise comprehensive localization appearance motion use complementary cue mark object region associate event mark region normalize patch sequence extract current adjacent frame stack stc patch patch sequence stc compare visual word sentence respectively deliberately erase certain word patch yield vct vct complete training dnns infer erase patch optical flow via video semantics meanwhile vcc fully exploits temporal context alternatively erase patch temporal context create multiple vcts furthermore propose localization level event level model level decision level solution enhance vcc exploit vcc potential produce significant performance improvement gain extensive experiment demonstrate vcc achieves state art vad performance code result open https github com yuguangnudt vec vad tree vcc', 'human action recognition refers automatic recognize human action video clip reality often exist multiple human action video stream video stream often weakly annotate set relevant human action label global level rather assign label specific video episode correspond single action lead multi label learn problem furthermore many meaningful human action reality would extremely difficult collect annotate video clip regard various human action lead zero shot learn scenario best knowledge work address issue together human action recognition paper formulate real world human action recognition task multi label zero shot learn problem propose framework tackle problem holistic way framework holistically tackle issue unknown temporal boundary different action multi label learn exploit side information regard semantic relationship different human action knowledge transfer consequently framework lead joint latent rank embed multi label zero shot human action recognition novel neural architecture two component model alternate learn algorithm propose carry joint latent rank embed learn thus multi label zero shot recognition do measure relatedness score action label test video clip joint latent visual semantic embedding space evaluate framework different setting include novel data split scheme design especially evaluate multi label zero shot learn two datasets breakfast charade experimental result demonstrate effectiveness framework', 'quite people world stay permanent surveillance health reason include diabetic people people chronic condition elderly disable group may face heighten risk life threaten fall strike syncope due limited availability resource substantial part people risk receive necessary monitoring thus expose excessive danger nowadays problem usually solve via apply human activity recognition har method har perspective fast pace data science field wide range application area healthcare sport security etc however currently techniques recognition markedly lack accuracy hence present paper suggest highly accurate method human activity classification wepropose new workflow address har problem evaluate unimib shar dataset consist accelerometer signal model suggest base continuous wavelet transform cwt convolutional neural network cnns wavelet transform localize signal feature time frequency domain cnn extract feature recognize activity also worth note cwt convert accelerometer signal image thus enable obtain good result network significantly higher predictive capacity course work build convolutional neural network vary model parameter number spatial ax number layer number neuron layer image size type mother wavelet order zero moment mother wavelet etc besides also apply model residual block result significantly high metric value finally succeed reach accuracy worthy performance problem']",22167
16,179,16_kg_knowledge graph_entity_link prediction,"['kg', 'knowledge graph', 'entity', 'link prediction', 'entity relation', 'relation', 'embed', 'graph embed', 'triple', 'kge']","['knowledge graph kg embed encodes entity relation kg low dimensional vector space support various application kg completion question answer recommender system real world knowledge graph kgs dynamic evolve time addition deletion triple however exist model focus embed static kg neglect dynamic adapt change kg model need trained whole kg high time cost paper tackle aforementioned problem propose new context aware dynamic knowledge graph embed dkge method support embed learn online fashion dkge introduces two different representation e knowledge embed contextual element embed entity relation joint model entity relation well contexts employ two attentive graph convolutional network gate strategy translation operation effectively help limit impact kg update certain region entire graph dkge rapidly acquire updated kg embed propose online learn algorithm furthermore dkge also learn kg embed scratch experiment task link prediction question answer dynamic environment demonstrate effectiveness efficiency dkge', 'knowledge graph completion kgc predict miss fact incomplete knowledge graph almost exist kgc research applicable one kg time one language however different language speaker may maintain separate kg language individual kg expect complete moreover common entity relation kgs different surface form ids lead id proliferation entity alignment ea relation alignment ra task resolve recognize pair entity relation id different kg represent entity relation help prediction miss fact since knowledge one kg likely benefit completion another high confidence prediction may also add valuable information alignment task response study novel task jointly train multilingual kgc relation alignment entity alignment model present alignkgc us seed alignment jointly optimize three kgc ea ra loss key component alignkgc embed base soft notion asymmetric overlap define subject object set signature relation aid well predict relation equivalent implied relation extensive experiment dbpedia five language establish benefit joint training task achieve mrr improvement alignkgc strong state art single kgc system completion model monolingual kg alignkgc achieves reasonable gain ea ra task vanilla completion model kg combine fact without alignment underscore value joint training task', 'knowledge graph useful many artificial intelligence ai task however knowledge graph often miss fact populate graph knowledge graph embed model develop knowledge graph embed model map entity relation knowledge graph vector space predict unknown triple score candidate triple transe first translation base method well know simplicity efficiency knowledge graph completion employ principle difference entity embeddings represent relation principle seem simple effectively capture rule knowledge graph however transe problem regularization transe force entity embeddings sphere embed vector space regularization warps embeddings make difficult fulfill abovementioned principle regularization also affect adversely accuracy link prediction hand regularization important entity embeddings diverge negative sampling without paper proposes novel embed model toruse solve regularization problem principle transe define lie group torus one compact lie group choose embed space avoid regularization best knowledge toruse first model embeds object real complex vector space paper first formally discuss problem regularization transe approach outperforms state art approach transe distmult complex standard link prediction task show toruse scalable large size knowledge graph faster original transe']",22167
17,178,17_evolutionary_ea_optimization_mutation,"['evolutionary', 'ea', 'optimization', 'mutation', 'optimum', 'multitasking', 'multi objective', 'local optimum', 'pareto', 'fitness']","['amount completely sequence chloroplast genome increase rapidly every day lead possibility build large scale phylogenetic tree plant specie consider subset close plant specie define accord chloroplast phylogenetic tree infer core gene necessarily well support due possible occurrence problematic gene e homoplasy incomplete lineage sort horizontal gene transfer etc may blur phylogenetic signal however trustworthy phylogenetic tree still obtain provide number blur gene reduce problem thus determine large subset core gene produce best support tree discard problematic gene due overwhelm number possible combination article focus extract large subset sequence order obtain supported specie tree due computational complexity distribute binary particle swarm optimization bpso propose sequential distributed fashion obtain result version bpso compare computed use hybrid approach embed genetic algorithms statistical test proposal apply different case plant family lead encouraging result family', 'accord free lunch theorem single meta heuristic algorithm optimally solve optimization problem motivate many researcher continuously develop new optimization algorithms paper novel nature inspire meta heuristic optimization algorithm call virus spread optimization vso propose vso loosely mimic spread virus among host effectively apply solve many challenge continuous optimization problem devise new representation scheme viral operation radically different previously propose virus base optimization algorithm first viral rna host vso denote potential solution different viral operation help diversify search strategy order largely enhance solution quality addition import infection mechanism inherit search optimum another colony introduce possibly avoid prematuration potential solution solve complex problem vso excellent capability conduct adaptive neighborhood search around discover optimum achieve good solution furthermore flexible infection mechanism vso quickly escape local optimum clearly demonstrate effectiveness efficiency vso critically evaluate series well know benchmark function moreover vso validate applicability two real world examples include financial portfolio optimization optimization hyper parameter support vector machine classification problem result show vso attained superior performance term solution fitness convergence rate scalability reliability flexibility compare result conventional well state art meta heuristic optimization algorithm', 'nowadays immerse ten newly propose evolutionary swam intelligence metaheuristics make difficult choose proper one apply specific optimization problem hand hand metaheuristics nothing slightly modify variant basic metaheuristics example differential evolution de shuffle frog leap sfl genetic algorithm ga specialize operator extra local search respectively therefore come mind whether behavior newly propose metaheuristics investigated basis study specification characteristic ancestor paper comprehensive evaluation study basic metaheuristics e genetic algorithm ga particle swarm optimization pso artificial bee colony abc teach learn base optimization tlbo cuckoo optimization algorithm coa conduct give u deep insight performance able good estimate performance applicability variation originate large number experiment conduct different combinatorial optimization benchmark function different characteristic result reveal u fundamental conclusion besides follow ranking order among metaheuristics abc pso tlbo ga coa e abc coa best bad method performance point view respectively addition convergence perspective pso abc significant good convergence unimodal multimodal function respectively ga coa premature convergence local optima many case need alternative mutation mechanism enhance diversification global search']",22167
18,173,18_reward_reward function_rl_skill,"['reward', 'reward function', 'rl', 'skill', 'exploration', 'reinforcement learn', 'reinforcement', 'hrl', 'hierarchical', 'sparse reward']","['common approach reinforcement learn rl seriously challenge large scale application involve huge state space sparse delay reward feedback hierarchical reinforcement learn hrl method attempt address scalability issue learn action selection policy multiple level temporal abstraction abstraction identify relatively small set state likely useful subgoals concert learn correspond skill policy achieve subgoals many approach subgoal discovery hrl depend analysis model environment need learn model introduces problem scale subgoals identify skill may learn intrinsic motivation introduce internal reward signal mark subgoal attainment paper present novel model free method subgoal discovery use incremental unsupervised learn small memory recent experience trajectory agent combine intrinsic motivation learn mechanism method learn subgoals skill base experience environment thus offer original approach hrl require acquisition model environment suitable large scale application demonstrate efficiency method two rl problem sparse delay feedback variant room environment first screen atari montezuma revenge game', 'promise reinforcement learn solve complex sequential decision problem autonomously specify high level reward function however reinforcement learn algorithms struggle often case simple intuitive reward provide sparse deceptive feedback avoid pitfall require thoroughly explore environment create algorithm remain one central challenge field hypothesise main impediment effective exploration originate algorithm forget reach previously visit state detachment fail first return state explore derailment introduce go explore family algorithms address two challenge directly simple principle explicitly remember promise state first return state intentionally explore go explore solves heretofore unsolved atari game surpass state art hard exploration game order magnitude improvement grand challenge montezuma revenge pitfall also demonstrate practical potential go explore sparse reward pick place robotics task additionally show add goal condition policy improve go explore exploration efficiency enable handle stochasticity throughout train substantial performance gain go explore suggest simple principle remember state return explore powerful general approach exploration insight may prove critical creation truly intelligent learn agent', 'reinforcement learn general powerful framework study implement artificial intelligence recent advance deep learn enable rl algorithm achieve impressive performance restrict domain play atari video game mnih et al recently board game go silver et al however still far construct generally intelligent agent many obstacle open question conceptual mean intelligent one explore learn optimally general unknown environment fact mean optimal general sense universal bayesian agent aixi hutter model maximally intelligent agent play central role sub field general reinforcement learn grl recently aixi show flawed important way explore enough asymptotically optimal orseau perform poorly certain prior leike hutter several variant aixi propose attempt address shortfall among entropy seek agent orseau knowledge seek agent orseau et al bayes burst exploration lattimore mdl agent leike thompson sample leike et al optimism sunehag hutter present aixijs javascript implementation grl agent implementation accompany framework run experiment various environment similar openai gym brockman et al suite interactive demo explore different property agent similar reinforcejs karpathy use aixijs present numerous experiment illustrate fundamental property difference agent']",22167
19,162,19_node_network embed_graph_node classification,"['node', 'network embed', 'graph', 'node classification', 'embed', 'community detection', 'link prediction', 'graph embed', 'heterogeneous network', 'link']","['graph network ubiquitous allow u model entity node dependency edge learn useful feature representation graph data lie heart success many machine learn task classification anomaly detection link prediction among many others many exist technique use random walk basis learning feature estimate parameter graph model downstream prediction task example include recent node embed method deepwalk node vec well graph base deep learning algorithm however simple random walk use method fundamentally tie identity node three main disadvantage first approach inherently transductive generalize unseen node graph second space efficient feature vector learn node impractical large graph third approach lack support attribute graph make method generally applicable propose framework inductive network representation learn base notion attribute random walk tie node identity instead base learn function phi mathrm rm bf x rightarrow w map node attribute vector mathrm rm bf x type w framework serve basis generalize exist method deepwalk node vec many previous method leverage traditional random walk', 'recently network embed ne become one attractive research topic machine learn data mining ne approach achieve promising performance various graph mining task include link prediction node cluster classification wide variety ne method focus proximity network learn community orient embed node correspond representation similar two node closer network meanwhile another type structural similarity e role base similarity usually complementary completely different proximity order preserve role base structural similarity problem role orient ne raise however compare community orient ne problem role orient embed approach propose recently although less explored consider importance role analyze network many application role orient ne shed light necessary timely provide comprehensive overview exist role orient ne method review first clarify difference community orient role orient network embed afterwards propose general framework understanding role orient ne two level categorization well classify exist method select representative method accord propose categorization briefly introduce discuss motivation development difference moreover conduct comprehensive experiment empirically evaluate method variety role related task include node classification cluster role discovery top k similarity search visualization use widely use synthetic real world datasets', 'sign link prediction social network aim reveal underlying relationship e link among user e node give exist positive negative interaction observe prior effort devote learn node embeddings graph neural network gnns preserve sign network topology message pass along edge facilitate downstream link prediction task nevertheless exist graph base approach could hardly provide human intelligible explanation follow three question neighbor aggregate path propagate along social theory follow learn process answer aforementioned question paper investigate reconcile textit balance textit status social rule information theory develop unified framework term sign infomax hyperbolic graph textbf sihg maximize mutual information edge polarity node embeddings one identify representative neighbor node support inference edge sign different exist gnns could group feature friends subspace propose sihg incorporates sign attention module also capable push hostile user far away preserve geometry antagonism polarity learn edge attention map turn provide interpretation social theory use aggregation order model high order user relation complex hierarchy node embeddings project measure hyperbolic space low distortion extensive experiment four sign network benchmark demonstrate propose sihg framework significantly outperform state art sign link prediction']",22167
20,153,20_asp_answer program_logic program_program,"['asp', 'answer program', 'logic program', 'program', 'program asp', 'answer', 'logic', 'tplp', 'asp program', 'clingo']","['non monotonic reason essential part human intelligence prominently formalize artificial intelligence research via answer set program describe complex object composition elementary one common strategy computer science science general recently author introduce sequential composition horn logic program syntactic program composition decomposition context logic base analogical reason learn paper contributes foundation answer set program artificial intelligence generalize construction composition horn propositional answer set program contain negation failure task turn non trivial due intricate algebraic property compose negation failure occur rule body specifically show notion composition give rise family finite magma algebra baptize em asp magma em asp algebras paper semantic side show van emden kowalski immediate consequence operator program represent via composition allow u compute least model semantics horn program without explicit reference operator result characterize answer set algebraically bridge conceptual gap syntax semantics answer set program mathematically satisfactory way provide algebraic characterization strong uniform equivalence broad sense paper step towards algebra rule base logical theory application logic base analogical reason learning future plan adapt generalize method paper wider class formalisms importantly high order disjunctive logic program extension thereof', 'since first conference hold marseille iclp premier international event present research logic program contribution solicit area logic programming related area include restricted foundation semantics formalisms answer set program non monotonic reason knowledge representation declarative programming inference engine analysis type mode inference partial evaluation abstract interpretation transformation validation verification debug profile test logic base domain specific languages constraint handling rule relate paradigms synergy inductive co inductive logic program constraint logic program interaction sit smt csp solver logic program technique type inference theorem prove argumentation probabilistic logic programming relation object orient functional programming description logic neural symbolic machine learn hybrid deep learn symbolic reason implementation concurrency distribution object coordination mobility virtual machine compilation high order type system module constraint handle rule meta program foreign interface user interface application databases big data data integration federation software engineering natural language processing web semantic web agent artificial intelligence bioinformatics education computational life science education cybersecurity robotics', 'since first conference hold marseille iclp premier international event present research logic program contribution seek area logic program include restricted foundation semantics formalisms nonmonotonic reasoning knowledge representation languages concurrency object coordination mobility high order type mode assertion module meta program logic base domain specific languages program technique declarative programming declarative program development analysis type mode inference partial evaluation abstract interpretation transformation validation verification debug profile test execution visualization implementation virtual machine compilation memory management parallel distribute execution constraint handling rule table foreign interface user interface relate paradigms synergy inductive co inductive logic program constraint logic program answer set program interaction sit smt csp solver logic program technique type inference theorem prove argumentation probabilistic logic programming relation object orient functional programming application databases big data data integration federation software engineering natural language processing web semantic web agent artificial intelligence computational life science education cybersecurity robotics']",22167
21,152,21_adversarial_attack_perturbation_adversarial example,"['adversarial', 'attack', 'perturbation', 'adversarial example', 'adversarial attack', 'defense', 'fool', 'adversarial perturbation', 'patch', 'adversarial patch']","['recent study show attacker force deep learning model misclassify call adversarial example maliciously generate image form make imperceptible modification pixel value grow interest deep learn security application important security expert user machine learn recognize learn system may attack due complex nature deep learning challenge understand deep model fool adversarial example thus present web base visualization tool adversarial playground demonstrate efficacy common adversarial method convolutional neural network cnn system adversarial playground educational modular interactive enables non expert compare examples visually understand adversarial example fool cnn base image classifier help security expert explore vulnerability deep learning software module build interactive visualization challenge domain due large feature space image classification generate adversarial example slow general visualizing image costly multiple novel design choice tool provide fast accurate response user request empirically find client server division strategy reduce response time average second per sample innovation faster variant jsma evasion algorithm empirically perform twice fast jsma yet maintain comparable evasion rate project source code data experiment available https github com qdata adversarialdnn playground', 'adversarial example example adjust produce wrong label present system test time adversarial example exist could fool detector could use example wreak havoc road populate smart vehicle recently describe difficulty create physical adversarial stop sign fool detector recently evtimov et al produce physical adversarial stop sign fool proxy model detector paper show physical adversarial stop sign fool two standard detector yolo fast rcnn standard configuration evtimov et al construction rely crop image stop sign crop resize present classifier argue crop resize procedure largely eliminate effect rescale view angle whether adversarial attack robust rescale change view direction remain moot argue attack classifier different attack detector structure detector must search bound box cannot estimate box accurately likely make difficult make adversarial pattern finally adversarial pattern physical object could fool detector would adversarial face wide family parametric distortion scale view angle box shift inside detector illumination pattern would great theoretical practical interest currently evidence pattern exist', 'deep learning base image recognition system widely deploy mobile device today world recent study however deep learn model show vulnerable adversarial example one variant adversarial example call adversarial patch draw researcher attention due strong attack ability though adversarial patch achieve high attack success rate easily detect visual inconsistency patch original image besides usually require large amount data adversarial patch generation literature computationally expensive time consume tackle challenge propose approach generate inconspicuous adversarial patch one single image approach first decide patch location base perceptual sensitivity victim model produce adversarial patch coarse fine way utilizing multiple scale generator discriminator patch encourage consistent background image adversarial training preserve strong attack ability approach show strong attack ability white box setting excellent transferability black box setting extensive experiment various model different architecture train method compare adversarial patch adversarial patch hold negligible risk detect evade human observation support illustration saliency map result user evaluation lastly show adversarial patch apply physical world']",22167
22,150,22_student_educational_knowledge trace_education,"['student', 'educational', 'knowledge trace', 'education', 'learner', 'hint', 'tutor', 'course', 'exercise', 'student knowledge']","['intelligent tutor system become critically important future learn environment knowledge trace kt crucial part system infer skill mastery student predict performance adjust curriculum accordingly deep learning base kt model show significant predictive performance compare traditional model however difficult extract psychologically meaningful explanation ten thousand parameter neural network would relate cognitive theory several way achieve high accuracy student performance prediction diagnostic prognostic reason critical learning science since kt problem observable feature problem id student correctness practice extract meaningful latent feature student response data use machine learn data mining technique work present interpretable knowledge trace ikt simple model relies three meaningful latent feature individual skill mastery ability profile learn transfer across skill problem difficulty ikt prediction future student performance make use tree augment naive bayes classifier tan therefore prediction easier explain deep learning base student model ikt also show well student performance prediction deep learn base student model without require huge amount parameter conduct ablation study feature examine contribution student performance prediction thus ikt great potential provide adaptive personalized instruction causal reason real world educational system', 'educational application knowledge trace kt problem accurately predict student responses future question summarize knowledge state widely study decade consider fundamental task towards adaptive online learn among propose kt method deep knowledge trace dkt variant far effective one due high flexibility neural network however dkt often ignore inherent difference student e g memory skill reason skill average performance student lead lack personalization therefore consider insufficient adaptive learning alleviate problem paper propose leveled attentive knowledge trace lana firstly use novel student relate feature extractor srfe distill student unique inherent property respective interactive sequence secondly pivot module utilize dynamically reconstruct decoder neural network attention extract feature successfully distinguish performance student time moreover inspired item response theory irt interpretable rasch model use cluster student ability level thereby utilize level learn assign different encoders different group student pivot module reconstruct decoder individual student level learn specialized encoders group personalize dkt achieve extensive experiment conduct two real world large scale datasets demonstrate propose lana improve auc score least e ednet raied substantially surpass state art kt method', 'recently see rapid rise usage online educational platform personalize education become crucially important future learn environment knowledge trace kt refers detection student knowledge state predict future performance give past outcome provide adaptive solution intelligent tutor system bayesian knowledge trace bkt model capture mastery level skill psychologically meaningful parameter widely use successful tutor system however unable detect learn transfer across skill skill model learn independently show low efficiency student performance prediction recent kt model base deep neural network show impressive predictive power come price ten thousand parameter neural network unable provide psychologically meaningful interpretation reflect cognitive theory paper propose efficient student model call bkt lstm contain three meaningful component individual textit skill mastery assess bkt textit ability profile learn transfer across skill detect k mean cluster textit problem difficulty component take account student future performance prediction leverage predictive power lstm bkt lstm outperforms state art student model student performance prediction consider meaningful feature instead use binary value student past interaction dkt also conduct ablation study bkt lstm model component examine value component show significant contribution student performance prediction thus potential provide adaptive personalize instruction real world educational system']",22167
23,148,23_argumentation_argument_semantics_dung,"['argumentation', 'argument', 'semantics', 'dung', 'adfs', 'argumentation semantics', 'aba', 'aspic', 'bipolar', 'attack relation']","['aspic style structure argumentation argument rebut another argument attack conclusion two way formalize rebuttal propose restrict rebuttal attacked conclusion must arrive defeasible rule whereas unrestricted rebuttal may arrive strict rule long least one antecedent strict rule already defeasible one systematic way choose various possible definition framework structure argumentation study rationality postulate satisfied definition example whether closure postulate hold e whether accept conclusion close strict rule benefit proposal use unrestricted rebuttal face problem closure postulate hold ground semantics fails argumentation semantics apply whereas restrict rebuttal closure postulate always hold paper propose aspic style argumentation benefit keep track attack relation argument also relation deductive joint support hold set argument argument construct set use strict rule take deductive joint support relation account determine extension closure postulate hold unrestricted rebuttal admissibility base semantics define semantics deductive joint support flatten method', 'dialogical argumentation often assume involved party always correctly identify intended statement posit realize associated relation conform three acceptability state accept reject undecided adjust view new correct information come framework handling attack relation sufficient represent opinion although natural make assumption start point research remove even acknowledge removal happen challenge concept others probabilistic argumentation one approach harness accurate user model epistemic approach allow u represent much give argument believe give person offer u possibility express three agreement state equip wide range postulate include make restriction concern initial argument view thus potentially adequate handle beliefs people fully disclose opinion comparison dung semantics constellation approach use represent view different people concern structure framework deal include case relation acknowledge see differently intend finally bipolar argumentation framework use express positive negative relation argument paper describe result experiment participant judge dialogue term agreement structure compare finding aforementioned assumption well constellation epistemic approach probabilistic argumentation bipolar argumentation', 'decade development computational argumentation become one active realm ai paper considers extension base concrete abstract semantics argumentation concrete one base grossi modgil recent work paper considers issue grade extension base semantics abstract argumentation framework aaf short first alternative fundamental lemma give generalizes correspond result due grossi modgil relax constraint parameter lemma provide new sufficient condition preserve conflict freeness bring galois adjunction admissible set complete extension vital importance construct special extension term iteration defense function apply lemma flaw grossi modgil work correct structural property universal definability various extension base semantics give second operator call reduced meet modulo ultrafilter present simple powerful tool explore infinite aafs neutrality function defense function play central role dung abstract argumentation theory show distributive reduce meet modulo ultrafilter variety fundamental semantics aafs include conflict free admissible complete stable semantics etc show close operator base fact number application operator consider particular provide simple uniform method prove universal definability family range relate semantics since grade concrete semantics consider paper generalization correspond non grade one result obtain paper also hold traditional situation']",22167
24,148,24_plan_planning_planner_goal recognition,"['plan', 'planning', 'planner', 'goal recognition', 'planning domain', 'plan recognition', 'fond', 'htn', 'pddl', 'classical planning']","['plan recognition aim discover target plan e sequence action behind observed action history plan libraries domain model hand previous approach either discover plan maximally match observe action plan libraries assume target plan plan library infer plan execute domain model best explain observed action assume complete domain model available real world application however target plan often plan libraries complete domain model often available since build complete set plan complete domain model often difficult expensive paper view plan libraries corpora learn vector representation action use corpus discover target plan base vector representation approach capable discover underlying plan plan libraries without require domain model provide empirically demonstrate effectiveness approach compare performance traditional plan recognition approach three planning domain', 'current domain independent classical planner require symbolic model problem domain instance input result knowledge acquisition bottleneck meanwhile although deep learning achieve significant success many field knowledge encode subsymbolic representation incompatible symbolic system planner propose latplan unsupervised architecture combine deep learning classical planning give unlabeled set image pair show subset transition allow environment training input pair image represent initial goal state plan input latplan find plan goal state symbolic latent space return visualize plan execution contribution paper twofold state autoencoder find propositional state representation environment use variational autoencoder generates discrete latent vector image base pddl model construct solve shelf planner action autoencoder discriminator neural architecture jointly find action symbol implicit action model precondition effect provide successor function implicit graph search evaluate latplan use image base version plan domain puzzle tower hanoi lightsout', 'plan recognition aim discover target plan e sequence action behind observed action history plan libraries domain model hand previous approach either discover plan maximally match observe action plan libraries assume target plan plan library infer plan execute domain model best explain observed action assume complete domain model available real world application however target plan often plan libraries complete domain model often available since build complete set plan complete domain model often difficult expensive paper view plan libraries corpora learn vector representation action use corpus discover target plan base vector representation specifically propose two approach dup rnnplanner discover target plan base vector representation action dup explores em style framework capture local context action discover target plan optimize probability target plan rnnplanner aim leverage long short term context action base rnns recurrent neural network framework help recognize target plan experiment empirically show approach capable discover underlying plan plan libraries without require domain model provide demonstrate effectiveness approach compare performance traditional plan recognition approach three planning domain also compare dup rnnplanner see advantage disadvantage']",22167
25,148,25_energy_electricity_power_grid,"['energy', 'electricity', 'power', 'grid', 'renewable', 'load', 'smart', 'meter', 'power grid', 'smart grid']","['power grid operation subject extreme event require decision make human operator stressful condition high cognitive load decision support adverse dynamic event specially forecast supplemented intelligent proactive control power system operation wildfires require resiliency driven proactive control load shed line switch resource allocation consider dynamic wildfire failure propagation however possible number line load switch large system event make traditional prediction drive stochastic approach computationally intractable lead operator often use greedy algorithms model solve proactive control problem markov decision process introduce integrate testbed spatio temporal wildfire propagation proactive power system operation transform enormous wildfire propagation observation space utilize part heuristic proactive de energization transmission asset integrate heuristic reinforcement learn base proactive policy control generate asset approach allow controller provide setpoints part generation fleet myopic operator determine setpoints remain set result symbiotic action evaluate approach utilize ieee node system map hypothetical terrain result show propose approach help operator reduce load loss extreme event reduce power flow line de energize reduce likelihood infeasible power flow solution would indicate violation short term thermal limit transmission line', 'building operation represent significant percentage total primary energy consume country due proliferation heat ventilation air condition hvac installation response grow demand improve thermal comfort reduce associate energy consumption maintain comfortable condition building conflict objective represent typical optimization problem require intelligent system design last decade different methodology base artificial intelligence ai technique deploy find sweet spot energy use hvac system suitable indoor comfort level occupant paper performs comprehensive depth systematic review ai base technique use building control system assess output technique implementation review work well investigate ability improve energy efficiency maintain thermal comfort condition enable holistic view complexity deliver thermal comfort user inside building energy efficient way associate bibliographic material assist researcher expert field tackle challenge among ai tool develop energy consumption comfort control function identification recognition pattern optimization predictive control base finding work application ai technology build control promise area research still ongoing e performance ai base control yet completely satisfactory mainly due part fact algorithm usually need large amount high quality real world data lack building precisely energy sector', 'near future electric distribution grid operation rely demand side flexibility implementation demand response strategy take advantage intelligent management increasingly common small scale energy storage home energy management system hem instal low voltage residential client play crucial role flexibility provision system operator market player like aggregator model forecast multi period flexibility residential prosumers battery storage electric water heater comply internal constraint comfort level data privacy uncertainty complex task paper describe computational method capable efficiently learn define feasibility flexibility space controllable resource connect hem evolutionary particle swarm optimization epso algorithm adopt reshape derive set feasible temporal trajectory residential net load consider storage flexible appliance predefined costumer preference well load photovoltaic pv forecast uncertainty support vector data description svdd algorithm use build model capable classify feasible non feasible hem operate trajectory upon request optimization control algorithm operate dso market player']",22167
26,138,26_navigation_vln_navigate_instruction,"['navigation', 'vln', 'navigate', 'instruction', 'visual navigation', 'navigation policy', 'vision navigation', 'navigation vln', 'indoor', 'environment']","['emerge vision language navigation vln problem aim learn navigate agent target location unseen photo realistic environment accord give language instruction main challenge vln arise mainly two aspect first agent need attend meaningful paragraphs language instruction correspond dynamically vary visual environment second training process agent usually imitate short path target location due discrepancy action selection training inference agent solely basis imitation learn perform well sample next action predict probability distribution training process allow agent explore diverse route environment yield high success rate nevertheless without present short navigation path train process agent may arrive target location unexpected long route overcome challenge design cross modal ground module compose two complementary attention mechanism equip agent good ability track correspondence textual visual modality propose recursively alternate learn scheme imitation exploration narrow discrepancy train inference exploit advantage two learn scheme via adversarial learn extensive experimental result room room r r benchmark dataset demonstrate propose learn scheme generalize complementary prior art method performs well state art approach term effectiveness efficiency', 'autonomous navigation consist agent able navigate without human intervention supervision affect high level planning low level control navigation crossroad multiple discipline combine notion computer vision robotics control work aim create simulation navigation pipeline whose transfer real world could do effort possible give limited time wide range problematic tackle absolute navigation performance important main objective emphasis rather put study sim real gap one major bottleneck modern robotics autonomous navigation design navigation pipeline four main challenge arise environment localization navigation plan igibson simulator pick photo realistic texture physic engine topological approach tackle space representation pick metric approach generalize good new environment less sensitive change condition navigation pipeline decompose localization module planning module local navigation module module utilize three different network image representation extractor passage detector local policy laters train specifically tailor task associate datasets create specific task localization ability agent localize specific space representation must reliable repeatable robust wide variety transformation localization tackle image retrieval task use deep neural network train auxiliary task feature descriptor extractor local policy train behavioral cloning expert trajectory gather ros navigation stack', 'propose learn base navigation system reach visually indicate goal demonstrate system real mobile robot platform learn provide appeal alternative conventional method robotic navigation instead reason environment term geometry map learn enable robot learn navigational affordances understand type obstacle traversable e g tall grass e g wall generalize pattern environment however unlike conventional planning algorithms harder change goal learn policy deployment propose method learn navigate towards goal image desire destination combine learned policy topological graph construct previously observe data system determine reach visually indicated goal even presence variable appearance light three key insight waypoint proposal graph prune negative mining enable method learn navigate real world environment use offline data set prior method struggle instantiate method real outdoor ground robot show system call ving outperforms previously propose method goal condition reinforcement learn include method incorporate reinforcement learn search also study sysname generalizes unseen environment evaluate ability adapt environment grow experience finally demonstrate ving number real world application last mile delivery warehouse inspection encourage reader visit project website videos experiment demonstration site google com view ving robot']",22167
27,138,27_grasp_tactile_manipulation_finger,"['grasp', 'tactile', 'manipulation', 'finger', 'object', 'contact', 'grasp object', 'fabric', 'robotic', 'cable']","['skilled robotic manipulation benefit complex synergy non prehensile e g push prehensile e g grasp action push help rearrange cluttered object make space arm finger likewise grasp help displace object make push movement precise collision free work demonstrate possible discover learn synergy scratch model free deep reinforcement learn method involves train two fully convolutional network map visual observation action one infers utility push dense pixel wise sample end effector orientation location grasp network train jointly q learn framework entirely self supervise trial error reward provide successful grasps way policy learn push motion enable future grasp learn grasps leverage past push pick experiment simulation real world scenario find system quickly learn complex behavior amid challenging case clutter achieves well grasp success rate pick efficiency baseline alternative hour train demonstrate method capable generalize novel object qualitative result videos code pre train model simulation environment available http vpg c princeton edu', 'robotic fabric manipulation application home robotics textile senior care surgery exist fabric manipulation technique however design specific task make difficult generalize across different related task extend visual foresight framework learn fabric dynamic efficiently reuse accomplish different fabric manipulation task single goal condition policy introduce visuospatial foresight vsf build prior work learn visual dynamic domain randomized rgb image depth map simultaneously completely simulation experimentally evaluate vsf multi step fabric smooth fold task baseline method simulation da vinci research kit dvrk surgical robot without demonstration train test time furthermore find leverage depth significantly improve performance rgbd data yield improvement fabric fold success rate pure rgb data code data video supplementary material available http site google com view fabric vsf', 'robotic fabric manipulation application home robotics textile senior care surgery exist fabric manipulation technique however design specific task make difficult generalize across different related task build upon visual foresight framework learn fabric dynamic efficiently reuse accomplish different sequential fabric manipulation task single goal condition policy extend earlier work visuospatial foresight vsf learn visual dynamic domain randomized rgb image depth map simultaneously completely simulation earlier work evaluate vsf multi step fabric smooth fold task baseline method simulation da vinci research kit dvrk surgical robot without demonstration train test time key find depth sense significantly improve performance rgbd data yield improvement fabric fold success rate simulation pure rgb data work vary component vsf include data generation visual dynamic model cost function optimization procedure result suggest train visual dynamic model use long corner base action improve efficiency fabric fold enable physical sequential fabric fold task vsf could previously perform reliability code data video supplementary material available http site google com view fabric vsf']",22167
28,124,28_style_painting_paint_artistic,"['style', 'painting', 'paint', 'artistic', 'artist', 'creative', 'aesthetic', 'fashion', 'style transfer', 'artwork']","['generation well design artwork often quite time consume assumes high degree proficiency part human painter order facilitate human paint process substantial research effort make teach machine paint like human use trained agent paint assistant tool human user however current research direction often reliant progressive grid base division strategy wherein agent divide overall image successively fine grid proceeds paint parallel inevitably lead artificial painting sequence easily intelligible human user address propose novel paint approach learns generate output canvas exhibit human like paint style propose paint pipeline intelli paint consist progressive layer strategy allow agent first paint natural background scene representation add foreground object progressive fashion also introduce novel sequential brushstroke guidance strategy help paint agent shift attention different image region semantic aware manner finally propose brushstroke regularization strategy allow reduction total number require brushstrokes without perceivable difference quality generate canvas quantitative qualitative result show result agent show enhanced efficiency output canvas generation also exhibit natural look painting style would better assist human user express ideas digital artwork', 'work propose new task artistic visualization classical chinese poem goal generatepaintings certain artistic style classical chinese poem purpose construct new dataset call paint poem thefirst part paint poem consist high quality poem paint pair collect manually influential modern chinese artistfeng zikai small scale pose challenge effectively train poem paint generation model introduce secondpart paint poem consist caption paint pair collect manually feng zikai painting poem paint pair collect automatically web expect former help learn artist painting style containshis painting latter help learn semantic relevance poem painting analyze paint poem regard poem diversity paint style semantic relevance poem painting create abenchmark paint poem train two representative text image generation model attngan mirrorgan evaluate theirperformance regard paint pictorial quality paint stylistic relevance semantic relevance poem painting result indicate model able generate painting good pictorial quality mimic feng zikai style thereflection poem semantics limit dataset also pose many interesting research direction task include transferlearning shot learn text image generation low resource data etc dataset publicly available http github com paint poem paint poem', 'diverse team engineer artists algorithms collaborate create song sophiapop via various neural network robotics technology artistic tool animate result sophia robot robotic celebrity animate character sophia platform art research use advance art technology sophia combine various ai fictional narrative burgeon career popstar actual ai generate pop lyric music painting animate conversation wherein interacts human real time narrative discuss experience compose music sophiapop team build corpora human ai generate sophia character personality content along pop music song form train provide seed number ai algorithm include expert model custom trained transformer neural network generate original pop song lyric melody musician include frankie storm adam pickrell tiger darrow perform interpretation ai generated musical content include sing instrumentation human perform sing data process neural network base sophia voice custom train human performance cereproc ai generate unique sophia voice sing song animate sophia sing song music video use variety animation generator human generate animation algorithms human work together sophiapop represent human ai collaboration aspire toward human ai symbiosis believe creative convergence multiple discipline human ai work together make ai relevant human culture new excite way lead hopeful vision future human ai relation']",22167
29,124,29_gan_gans_image translation_generative,"['gan', 'gans', 'image translation', 'generative', 'image image', 'generator', 'generative adversarial', 'translation', 'adversarial network', 'image']","['disentangle generative model typically trained extra regularization term encourage traversal latent factor make distinct independent change cost generation quality traverse latent space generative model train without disentanglement term generate sample show semantically meaningful change raise question generative model know disentanglement propose unsupervised model agnostic method disentanglement via contrast disco variation space disco consist navigator provide traversal direction latent space ii delta contrastor compose two share weight encoders encode image pair along direction disentangle representation respectively difference operator map encode representation variation space propose two key technique disco entropy base domination loss make encode representation disentangle strategy flip hard negative address direction semantic mean optimize navigator discover disentangle direction latent space encoders extract disentangled representation image contrastive learn disco achieves state art disentanglement give pretrained non disentangle generative model include gan vae flow project page http github com xrenaa disco', 'generative adversarial network gans recently find application image edit however gan base image edit method often require large scale datasets semantic segmentation annotation train provide high level control merely interpolate different image propose editgan novel method high quality high precision semantic image edit allow user edit image modify highly detailed part segmentation mask e g draw new mask headlight car editgan build gan framework jointly model image semantic segmentation require handful label example make scalable tool edit specifically embed image gan latent space perform conditional latent code optimization accord segmentation edit effectively also modify image amortize optimization find edit vector latent space realize edits framework allows u learn arbitrary number edit vector directly apply image interactive rate experimentally show editgan manipulate image unprecedented level detail freedom preserve full image quality also easily combine multiple edits perform plausible edits beyond editgan train data demonstrate editgan wide variety image type quantitatively outperform several previous edit method standard edit benchmark task', 'propose mad gin intuitive generalization generative adversarial network gans conditional variant address well know problem mode collapse first mad gan multi agent gan architecture incorporate multiple generator one discriminator second enforce different generator capture diverse high probability mode discriminator mad gan design along find real fake sample also require identify generator generate give fake sample intuitively succeed task discriminator must learn push different generator towards different identifiable mode perform extensive experiment synthetic real datasets compare mad gan different variant gin show high quality diverse sample generation challenge task image image translation face generation addition also show mad gan able disentangle different modality train use highly challenge diverse class dataset e g dataset image forest icebergs bedroom end show efficacy unsupervised feature representation task appendix introduce similarity base compete objective mad gan sim encourage different generator generate diverse sample base user define similarity metric show performance image image translation also show effectiveness unsupervised feature representation task']",22167
30,122,30_fairness_discrimination_bias_fair,"['fairness', 'discrimination', 'bias', 'fair', 'algorithmic fairness', 'unfairness', 'algorithmic', 'implicit bias', 'justice', 'hire']","['article identifies critical incompatibility european notion discrimination exist statistical measure fairness first review evidential requirement bring claim eu non discrimination law due disparate nature algorithmic human discrimination eu current requirement contextual reliant intuition open judicial interpretation automate second show legal protection offer non discrimination law challenge ai human discriminate human discriminate due negative attitude e g stereotype prejudice unintentional bias e g organisational practice internalise stereotype act signal victim discrimination occur finally examine exist work fairness machine learn line procedure assess case eu non discrimination law propose conditional demographic disparity cdd standard baseline statistical measurement aligns european court justice gold standard establish standard set statistical evidence automate discrimination case help ensure consistent procedure assessment judicial interpretation case involve ai automate system proposal procedural regularity identification assessment automate discrimination clarify build consideration fairness automate system far possible still respect enable contextual approach judicial interpretation practice eu non discrimination law n b abridge abstract', 'ability get keep job key aspect participate society sustain livelihood yet way decision make eligible job rapidly change advent growth uptake automate hire system ahss power data driven tool key concern ahss include lack transparency potential limitation access job specific profile relation latter however several ahss claim detect mitigate discriminatory practice protect group promote diversity inclusion work yet whilst tool grow user base around world claim bias mitigation rarely scrutinise evaluate do almost exclusively u socio legal perspective paper introduce perspective outside u critically examine three prominent automate hire system ahss regular use uk hirevue pymetrics apply understand attempt mitigate bias discrimination use publicly available document describe tool design validate audited bias highlight assumption limitation situate socio legal context uk uk different legal background u term hire equality law also term data protection dp law argue might important address concern transparency could mean challenge building bias mitigation ahss definitively capable meeting eu legal standard significant ahss especially develop u may obscure rather improve systemic discrimination workplace', 'uk immigration asylum chamber upper tribunal dismiss asylum appeal base decision output biometric system alongside discrepancy fingerprint asylum seeker find biometric database contradict appellant account tribunal find evidence unequivocal deny asylum claim nowadays proliferation biometric system shape public debate around political social ethical implication yet whilst concern towards racialised use technology migration control rise investment biometrics industry innovation increase considerably moreover fairness also recently adopt biometrics mitigate bias discrimination biometrics however algorithmic fairness cannot distribute justice scenario break intended purpose discriminate biometrics deploy border paper offer critical reading recent debate biometric fairness show limitation draw research fairness machine learn critical border study build previous fairness demonstration prove biometric fairness criterion mathematically mutually exclusive paper move illustrate empirically fair biometric system possible reproduce experiment previous work finally discuss politics fairness biometrics situate debate border claim bias error rate different impact citizen asylum seeker fairness overshadow elephant room biometrics focus demographic bias ethical discourse algorithms rather examine system reproduce historical political injustice']",22167
31,120,31_intrusion_intrusion detection_cyber_threat,"['intrusion', 'intrusion detection', 'cyber', 'threat', 'attack', 'iot', 'security', 'cybersecurity', 'cyber attack', 'network intrusion']","['massive number internet thing iot device deploy security privacy issue iot arouse attention iot attack cause tremendous loss iot network even threaten human safety compare traditional network iot network unique characteristic make attack detection challenge first heterogeneity platform protocols software hardware expose various vulnerability second addition traditional high rate attack low rate attack also extensively used iot attacker obfuscate legitimate malicious traffic low rate attack challenge detect persist network last attacker evolve intelligent dynamically change attack strategy base environment feedback avoid detect make challenge defender discover consistent pattern identify attack order adapt new characteristic iot attack propose reinforcement learning base attack detection model automatically learn recognize transformation attack pattern therefore continuously detect iot attack less human intervention paper explore crucial feature iot traffic utilize entropy base metric detect high rate low rate iot attack afterward leverage reinforcement learning technique continuously adjust attack detection threshold base detection feedback optimize detection false alarm rate conduct extensive experiment real iot attack dataset demonstrate effectiveness iot attack detection framework', 'cyber physical system cps internet thing iot device increasingly deploy across multiple functionality range healthcare device wearables critical infrastructure e g nuclear power plant autonomous vehicle smart city smart home device inherently secure across comprehensive software hardware network stack thus present large attack surface exploit hacker article present innovative technique detect unknown system vulnerability manage vulnerability improve incident response vulnerability exploit novelty approach lie extract intelligence know real world cps iot attack represent form regular expression employ machine learn ml technique ensemble regular expression generate new attack vector security vulnerability result show new attack vector new vulnerability exploit successfully generate potential exploit cps iot ecosystem ml methodology achieves accuracy enable u predict attack efficiently reduction search space demonstrate application method hack vehicle network connect car defend know attack possible novel exploit discuss defense depth mechanism various class attack classification data target attack defense mechanism optimize cost security measure base sensitivity protect resource thus incentivizing adoption real world cps iot cybersecurity practitioner', 'st international workshop adaptive cyber defense hold part international joint conference artificial intelligence workshop organize share research explore unique application artificial intelligence ai machine learning ml foundational capability pursuit adaptive cyber defense cyber domain cannot currently reliably effectively defend without extensive reliance human expert skilled cyber defender short supply often cannot respond fast enough cyber threat build recent advance ai ml cyber defense research community motivate develop new dynamic sustainable defense adoption ai ml technique cyber non cyber setting bridge critical gap ai cyber researcher practitioner accelerate effort create semi autonomous cyber defense learn recognize respond cyber attack discover mitigate weakness cooperation cyber operation system human expert furthermore defense expect adaptive able evolve time thwart change attacker behavior change system health readiness natural shift user behavior time workshop hold august th th montreal theme virtual reality comprise technical presentation panel discussion focus open problem potential research solution workshop submission peer review panel domain expert proceeding consist technical article explore challenge problem critical importance national global security participation workshop offer new opportunity stimulate research innovation emerge domain adaptive autonomous cyber defense']",22167
32,120,32_pcg_procedural_game_content generation,"['pcg', 'procedural', 'game', 'content generation', 'procedural content', 'game level', 'video game', 'designer', 'mechanic', 'player']","['generative adversarial network gans powerful indirect genotype phenotype mapping evolutionary search much previous work apply gans level generation focus fix size segment combine whole level individual segment may fit together cohesively contrast segment human design level often repeat directly variation organize pattern symmetric eagle level legend zelda repeat pipe motif super mario bros pattern produce compositional pattern produce network cppns cppns define latent vector gan input function geometry organize segment output gin complete level however collection latent vector also evolve directly produce chaotic level propose hybrid approach evolves cppns first allow latent vector evolve later combine benefit approach approach evaluate super mario bros legend zelda previously demonstrate via divergent search map elites cppns good cover space possible level directly evolve level show hybrid approach cover area neither method achieve comparable superior qd score', 'survey explore procedural content generation via machine learn pcgml define generation game content use machine learning model train exist content importance pcg game development increase researcher explore new avenue generate high quality content without human involvement paper address relatively new paradigm use machine learn contrast search base solver base constructive method focus often consider functional game content platformer level game map interactive fiction story card collectible card game oppose cosmetic content sprite sound effect addition use pcg autonomous generation co creativity mixed initiative design compression pcgml suit repair critique content analysis focus model exist content discus various data source representation affect result generate content multiple pcgml method cover include neural network long short term memory lstm network autoencoders deep convolutional network markov model n gram multi dimensional markov chain cluster matrix factorization finally discuss open problem application pcgml include learn small datasets lack train data multi layer learning style transfer parameter tune pcg game mechanic', 'introduce procedural content generation pcg framework intersection experience driven pcg pcg via reinforcement learning name ed pcg rl edrl short edrl able teach rl designer generate endless playable level online manner respect particular experience player design form reward function framework test initially super mario bros game particular rl designer super mario bros generate concatenate level segment consider diversity among segment correctness generation ensure neural net assist evolutionary level repairer playability whole level determine ai base test agent edrl implementation learn maximise quantification koster principle fun moderate degree diversity across level segment moreover test ability design fun level diverse time playable propose framework capable generate endless playable super mario bros level vary degree fun deviation earlier segment playability edrl generalise game build segment base sequential process feature build compressed representation game content']",22167
33,120,33_code_bug_source code_software,"['code', 'bug', 'source code', 'software', 'code snippet', 'snippet', 'comment', 'code search', 'syntax', 'vulnerability']","['machine learn source code mloncode popular research field drive availability large scale code repository development powerful probabilistic deep learning model mine source code code code recommendation task mloncode aim recommend relevant diverse concise code snippet usefully extend code currently write developer development environment ide code code recommendation engine hold promise increase developer productivity reduce context switch ide increase code reuse exist code code recommendation engine scale gracefully large codebases exhibit linear growth query time code repository increase size addition exist code code recommendation engine fail account global statistic code repository rank function distribution code snippet length lead sub optimal retrieval result address weakness emph senatus new code code recommendation engine core senatus emph de skew lsh new locality sensitive hashing lsh algorithm index data fast sub linear time retrieval also counteract skewness snippet length distribution use novel abstract syntax tree base feature score selection algorithm evaluate senatus via automatic evaluation expert developer user study find recommendation high quality compete baseline achieve faster search example codesearchnet dataset show senatus improve performance f query time x faster compare facebook aroma task code code recommendation', 'code clone semantically similar code fragment pair syntactically similar different detection code clone help reduce cost software maintenance prevent bug numerous approach detect code clone propose previously focus detect syntactic clone work well semantic clone different syntactic feature detect semantic clone researcher try adopt deep learning code clone detection automatically learn latent semantic feature data especially leverage grammar information several approach use abstract syntax tree ast input achieve significant progress code clone benchmarks various program language however ast base approach still fully leverage structural information code fragment especially semantic information control flow data flow leverage control data flow information paper build graph representation program call flow augment abstract syntax tree fa ast construct fa ast augment original asts explicit control data flow edge apply two different type graph neural network gnn fa ast measure similarity code pair far concern first apply graph neural network domain code clone detection apply fa ast graph neural network two java datasets google code jam bigclonebench approach outperforms state art approach google code jam bigclonebench task', 'build deep learning model source code find many successful software engineering application code search code comment generation bug detection code migration current learning technique however major drawback model mostly trained datasets label particular downstream task code representation may suitable task technique produce representation unlabeled code far satisfactory apply downstream task although certain technique generate representation unlabeled code apply downstream task far satisfactory paper propose infercode overcome limitation adapt self supervised learn mechanism build source code model key novelty lie train code representation predict automatically identify subtrees context asts subtrees asts treat infercode label train code representation without human label effort overhead expensive graph construction train representation longer tie specific downstream task code unit train infercode model instance use tree base cnn encoder large set java code apply downstream unsupervised task code cluster code clone detection cross language code search reuse transfer learn scheme continue train model weight supervise task code classification method name prediction compare previous code learn technique apply downstream task code vec code seq astnn high performance result achieve use pre train infercode model significant margin task include involve different programming language']",22167
34,119,34_multi agent_marl_agent reinforcement_cooperative,"['multi agent', 'marl', 'agent reinforcement', 'cooperative', 'communication', 'coordination', 'learn marl', 'agent', 'multiagent', 'cooperative multi']","['multi agent reinforcement learn marl challenge collection agent learn complex temporally extend task difficulty lie computational complexity learn high level idea behind reward function study graph base markov decision process mdp dynamic neighbor agent couple use reward machine rm encode agent task expose reward function internal structure rm capacity describe high level knowledge encode non markovian reward function propose decentralize learning algorithm tackle computational complexity call decentralize graph base reinforcement learn use reward machine dgrm equips agent localized policy allow agent make decision independently base information available agent dgrm us actor critic structure introduce tabular q function discrete state problem show dependency q function agent decrease exponentially distance increase furthermore complexity dgrm relate local information size large kappa hop neighborhood dgrm find rho kappa approximation stationary point objective function improve efficiency also propose deep dgrm algorithm use deep neural network approximate q function policy function solve large scale continuous state problem effectiveness propose dgrm algorithm evaluate two case study uav package delivery covid pandemic mitigation experimental result show local information sufficient dgrm agent accomplish complex task help rm dgrm improves global accumulate reward compare baseline case covid pandemic mitigation', 'exist value factorize base multi agent deep reinforce ment learn marl approach well perform invarious multi agent cooperative environment thecen tralized training decentralize execution ctde scheme agent train together centralize valuenetwork agent execute policy independently ever issue remain open centralize training process environment team partially observable ornon stationary e observation action informationof agent cannot represent global state existingmethods perform poorly sample inefficiently regret min imization rm promise approach performswell partially observable fully competitive setting however tend model others opponent thus work well ctde scheme work wepropose novel team rm base bayesian marl threekey contribution design novel rm method traincooperative agent team obtain team regret basedpolicy team b introduce novel method de compose team regret generate policy agentfor decentralize execution c improve perfor mance leverage differential particle filter sequentialmonte carlo method network get accurate estimation ofthe state agent experimental result two step trix game cooperative game battle game large scalemixed cooperative competitive game demonstrate ouralgorithm significantly outperform state art method', 'centralized training decentralize execution ctde popular paradigm cooperative multi agent reinforcement learn marl setting widely use many real application one major challenge train process credit assignment aim deduce contribution agent accord global reward exist credit assignment method focus either decompose joint value function individual value function measure impact local observation action global value function approach lack thorough consideration complicate interaction among multiple agent lead unsuitable assignment credit subsequently mediocre result marl propose shapley counterfactual credit assignment novel method explicit credit assignment account coalition agent specifically shapley value desire property leverage deep marl credit combination agent grant u capability estimate individual credit agent despite capability main technical difficulty lie computational complexity shapley value grow factorially number agent instead utilize approximation method via monte carlo sample reduces sample complexity maintain effectiveness evaluate method starcraft ii benchmark across different scenario method outperform exist cooperative marl algorithms significantly achieves state art especially large margin task severe difficulty']",22167
35,119,35_controller_safety_control_safe,"['controller', 'safety', 'control', 'safe', 'stability', 'mpc', 'nonlinear', 'safety constraint', 'quadcopter', 'adaptive control']","['paper consider problem formally verify safety autonomous robot equip neural network nn controller process lidar image produce control action give workspace characterize set polytopic obstacle objective compute set safe initial condition robot trajectory start initial condition guarantee avoid obstacle approach construct finite state abstraction system use standard reachability analysis finite state abstraction compute set safe initial state first technical problem compute finite state abstraction mathematically model image function map robot position lidar image end introduce notion image adapt set partition workspace image function guarantee affine develop polynomial time algorithm partition workspace image adapt set along compute correspond affine imaging function give workspace partition discrete time linear dynamic robot pre train nn controller rectify linear unit relu nonlinearity second technical challenge analyze behavior neural network end utilize satisfiability modulo convex smc encode enumerate possible segment different relus smc solver use boolean satisfiability solver convex program solver decompose problem small subproblems accelerate process develop pre processing algorithm could rapidly prune space feasible relu segment finally demonstrate efficiency propose algorithm use numerical simulation increase complexity neural network controller', 'paper present novel developmental reinforcement learn base controller quadcopter thrust vectoring capability multirotor uav design tilt enable rotor utilizes rotor force magnitude direction achieve desire state flight control policy robot learn use policy transfer learn controller quadcopter comparatively simple uav design without thrust vectoring approach allow learn control policy system multiple inputs multiple output performance learn policy evaluate physic base simulation task hover way point navigation flight simulation utilize flight controller base reinforcement learn without additional pid component result show fast learning present approach oppose learn control policy scratch new uav design create modification conventional quadcopter e addition degree freedom actuator conventional quadcopter actuator tilt rotor quadcopter demonstrate robustness learn policy show recovery tilt rotor platform simulation various non static initial condition order reach desire state developmental policy tilt rotor uav also show superior fault tolerance compare policy learn scratch result show ability present approach bootstrap learn behavior simpler system lower dimensional action space complex robot comparatively higher dimensional action space reach good performance faster', 'learn base control algorithms require data collection abundant supervision training safe exploration algorithm ensure safety data collection process even partial knowledge available present new approach optimal motion planning safe exploration integrates chance constrain stochastic optimal control dynamic learn feedback control derive iterative convex optimization algorithm solve underline info rmation cost underline tochastic underline n onlinear underline ptimal underline c ontrol problem info snoc optimization objective encodes control cost performance exploration cost learning safety incorporate distributionally robust chance constraint dynamic predict robust regression model learn data info snoc algorithm use compute sub optimal pool safe motion plan aid exploration learn unknown residual dynamic safety constraint stable feedback controller use execute motion plan collect data model learn prove safety rollout exploration method reduction uncertainty epoch thereby guarantee consistency learn method validate effectiveness info snoc design implement pool safe trajectory planar robot demonstrate approach high success rate ensure safety compare deterministic trajectory optimization approach']",22167
36,118,36_theorem_proof_theorem prove_prover,"['theorem', 'proof', 'theorem prove', 'prover', 'provers', 'automate theorem', 'theorem provers', 'hol', 'theorem prover', 'proof search']","['th international workshop theorem prove component educational software thedu hold oxford united kingdom july associate conference federate logic conference floc major aim thedu workshop series link developer interested adapt computer theorem prove tp need education inform mathematician mathematics educator tp potential educational software topic interest include method automate deduction apply check student input method automate deduction apply prove post condition particular problem solution combination deduction computation enable system propose next step automate provers specific dynamic geometry system proof prove mathematics education thedu vibrant workshop one invite talk six contribution trigger post proceeding hand', 'idea assist teacher technological tool new mathematics general geometry particular provide interesting challenge develop educative software education computer science aspect qed tutrix intelligent tutor geometry offer interface help high school student resolution demonstration problem focus specific goal allow student freely explore problem figure accept proofs element order handle variety proof customize teacher able help student step resolution problem need arises software also independent intervention teacher qed tutrix offer interest approach geometry education currently cripple lengthiness process implement new problem task must still do manually therefore one main focus qed tutrix research team ease implementation new problem automate tedious step find possible proof give problem automation must follow fundamental constraint order create problem compatible qed tutrix readability proof accessibility high school level possibility teacher modify parameter define acceptability proof present paper result preliminary exploration possible avenue task automate theorem prove geometry widely study subject various provers exist however constraint quite specific adaptation would require use exist prover therefore implement prototype automate prover suit need future goal compare performance usability specific use case exist provers implementation', 'automate theorem prove long key task artificial intelligence proof form bedrock rigorous scientific inquiry many tool partially fully automate derivation develop last half century example state art provers e schulz vampire kov ac voronkov prover mccune new theorem provers e use superposition calculus place traditional resolution tableau base method also number past attempt apply machine learn method guide proof search suttner ertel propose multilayer perceptron base method use hand engineer feature far back urban et al apply machine learning tableau calculus loos et al recently propose method guide e theorem prover use deep nerual network prior work however one common limitation rely axioms classical first order logic little attention pay automate theorem prove non classical logic one recent examples mclaughlin pfenning apply polarized inverse method intuitionistic propositional logic literature otherwise mostly silent truly unfortunate many reason desire non classical proof classical constructive intuitionistic proof particular interest computer scientist thank well know curry howard correspondence howard tell u terminate program correspond proof intuitionistic logic vice versa work explore use q learn watkins inform proof search specific system call non classical logic call core logic tennant']",22167
37,115,37_ethic_ai ethic_ethical_ai,"['ethic', 'ai ethic', 'ethical', 'ai', 'governance', 'responsible ai', 'society', 'responsible', 'principle', 'technology']","['february european commission ec publish white paper entitle artificial intelligence european approach excellence trust paper outline ec policy option promotion adoption artificial intelligence ai european union montreal ai ethic institute maiei review paper publish response address ec plan build ecosystem excellence ecosystem trust well safety liability implication ai internet thing iot robotics maiei provide recommendation relation section outline include focus effort research innovation community member state private sector create alignment trading partner policy eu policy analyze gap ecosystem theoretical framework approach build trustworthy ai focus coordination policy alignment focus mechanism promote private secure share data create network ai research excellence centre strengthen research innovation community promote knowledge transfer develop ai expertise digital innovation hub add nuance discussion regard opacity ai system create process individual appeal ai system decision output implement new rule strengthen exist regulation ban use facial recognition technology hold ai system similar standard compulsory requirement ensure biometric identification system fulfill purpose implement implement voluntary labelling system system consider high risk appoint individual oversight process understand ai system well able communicate potential risk', 'th edition montreal ai ethic institute state ai ethic capture relevant development field ai ethic since january report aim help anyone machine learn expert human right activists policymakers quickly digest understand ever change development field research article summaries well expert commentary report distills research report surround various domain related ethic ai particular focus four key theme ethical ai fairness justice human tech privacy addition state ai ethic include exclusive content write world class ai ethic expert university research institute consult firm government open report long form piece edward higgs professor history university essex title ai face historian view higgs examines unscientific history facial analysis ai might repeat mistake scale report also feature chapter introduction alexa hagerty anthropologist university cambridge marianna ganapini faculty director montreal ai ethic institute deborah g johnson emeritus professor engineering society university virginia soraj hongladarom professor philosophy director center science technology society chulalongkorn university bangkok report use point reference insight late think field ai ethic also use tool introspection aim foster nuanced conversation regard impact ai world', 'nd edition montreal ai ethic institute state ai ethic capture relevant development field ai ethic since july report aim help anyone machine learn expert human right activists policymakers quickly digest understand ever change development field research article summaries well expert commentary report distills research report surround various domain related ethic ai include ai society bias algorithmic justice disinformation human ai labor impact privacy risk future ai ethic addition state ai ethic include exclusive content write world class ai ethic expert university research institute consult firm government expert include danit gal tech advisor united nation amba kak director global policy program nyu ai institute rumman chowdhury global lead responsible ai accenture brent barron director strategic project knowledge management cifar adam murray u diplomat work tech policy chair oecd network ai thomas kochan professor mit sloan school management katya klinova ai economy program lead partnership ai report use point reference insight late think field ai ethic also use tool introspection aim foster nuanced conversation regard impact ai world']",22167
38,113,38_document_citation_retrieval_topic,"['document', 'citation', 'retrieval', 'topic', 'ir', 'prf', 'trec', 'query document', 'query', 'summary']","['consider rapidly increase number academic paper search cite appropriate reference become non trial task wire paper recommend handful candidate paper manuscript publication could ease burden author help reviewer check completeness cite resource conventional approach citation recommendation generally consider recommend one ground truth citation query context input manuscript lack consideration co citation recommendation however piece context often need support two co citation pair propose novel scientific paper model citation recommendation namely multi positive bert model citation recommendation mp bert cr comply series multi positive triplet objective recommend multiple positive citation query context propose approach follow advantage first propose multi positive objective effective recommend multiple positive candidate second adopt noise distribution build base historical co citation frequency mp bert cr effective recommend high frequent co citation pair also performances retrieve low frequent one significantly improve third propose dynamic context sample strategy capture macro scoped cite intent manuscript empowers citation embeddings content dependent allow algorithm improve performance single multiple positive recommendation experiment testify mp bert cr deliver significant improvement addition mp bert cr also effective retrieve full list co citation historically low frequent co citation pair compare prior work', 'major academic publisher need able analyse vast catalogue product select best item market scientific venue complex exercise require characterise high precision topic thousand book match interest relevant community springer nature task traditionally handle manually publish editor however rapid growth number scientific publication dynamic nature computer science landscape make solution increasingly inefficient addressed issue create smart book recommender sbr ontology base recommender system develop open university ou collaboration springer nature support computer science editorial team select product market specific venue sbr recommend book journal conference proceeding relevant conference take advantage semantically enhanced representation k editorial product base computer science ontology large scale automatically generate taxonomy research area sbr also allow user investigate certain publication suggest system mean interactive graph view display topic taxonomy recommend editorial product compare topic centric characterization input conference evaluation carry seven springer nature editor seven ou researcher confirm effectiveness solution', 'identify research topic best describe scope scientific publication crucial task editor particular quality annotation determine effectively user able discover right content online library reason springer nature world large academic book publisher traditionally entrust task expert editor editors manually analyse new book possibly include hundred chapter produce list relevant topic hence process traditionally expensive time consume confine senior editor reason back develop smart topic miner stm ontology drive application assist springer nature editorial team annotate volume book cover conference proceeding computer science since stm regularly use editor germany china brazil india japan total volume per year past three year initial prototype iteratively evolve response feedback user evolve requirement paper present recent version tool describe evolution system year key lesson learnt impact springer nature workflow particular solution drastically reduce time need annotate proceeding significantly improve discoverability result million additional downloads also present user study involve editor yield excellent result term usability report evaluation new topic classifier use stm outperform previous version recall f measure']",22167
39,112,39_quantum_quantum computer_quantum compute_quantum circuit,"['quantum', 'quantum computer', 'quantum compute', 'quantum circuit', 'circuit', 'qubits', 'qubo', 'quantum machine', 'near term', 'term quantum']","['one promising application early quantum computer simulation quantum system variational method near term quantum computer variational quantum eigensolver vqe promise approach find ground state quantum system relevant physic chemistry material science approach however constrain effect noise well limited quantum resource near term quantum hardware motivate need quantum error mitigation technique reduce effect noise introduce textit neural error mitigation novel method use neural network improve estimate grind state grind state observables obtain use vqe near term quantum computer demonstrate method versatility apply neural error mitigation find ground state h lih molecular hamiltonians well lattice schwinger model result show neural error mitigation improve numerical experimental vqe computation yield low energy error low infidelity accurate estimation complex observables like order parameter entanglement entropy without require additional quantum resource additionally neural error mitigation agnostic quantum hardware particular noise channel make versatile tool quantum simulation apply quantum many body machine learn technique error mitigation method promise strategy extend reach near term quantum computer solve complex quantum simulation problem', 'research extend universal reinforcement learn url agent model artificial general intelligence quantum environment utility function classical exploratory stochastic knowledge seek agent kl ksa generalized distance measure quantum information theory density matrix quantum process tomography qpt algorithms form tractable subset program model environmental dynamic optimal qpt policy select base mutable cost function base algorithmic complexity well computational resource complexity instead turing machine estimate cost metric high level language allow realistic experimentation entire agent design encapsulate self replicate quine mutates cost function base predictive value optimal policy choose scheme thus multiple agent pareto optimal qpt policy evolve use genetic program mimicking development physical theory different resource trade offs formal framework term quantum knowledge seek agent qksa despite importance quantum reinforcement learn model exist contrast current thrust quantum machine learn qksa first proposal framework resemble classical url model similar aixi tl resource bound active version solomonoff universal induction qksa resource bound participatory observer framework recently propose algorithmic information base reconstruction quantum mechanic qksa apply simulate study aspect quantum information theory specifically demonstrate use accelerate quantum variational algorithm include tomographic reconstruction integral subroutine', 'develop theoretical framework n equivariant quantum convolutional circuit build significantly generalize jordan permutational quantum compute pqc formalism show quantum circuit natural choice fourier space neural architecture afford super exponential speedup compute matrix element n fourier coefficient compare best know classical fast fourier transform fft symmetric group particular utilize okounkov vershik approach prove harrow statement ph thesis p equivalence operatorname su n irrep base establish n equivariant convolutional quantum alternate an tze n cqa use young jucys murphy yjm element prove n cqa dense thus expressible within n irrep block may serve universal model potential future quantum machine learn optimization application method provide another way prove universality quantum approximate optimization algorithm qaoa representation theoretical point view framework naturally apply wide array problem global operatorname su symmetry present numerical simulation showcase effectiveness an tze find sign structure ground state j j antiferromagnetic heisenberg model rectangular kagome lattice work identifies quantum advantage specific machine learning problem provide first application celebrate okounkov vershik representation theory machine learn quantum physic']",22167
40,109,40_music_musical_melody_chord,"['music', 'musical', 'melody', 'chord', 'rhythm', 'lyric', 'piano', 'song', 'generate music', 'midi']","['generate music notable difference generate image videos first music art time necessitating temporal model second music usually compose multiple instrument track temporal dynamic collectively unfold time interdependently lastly musical note often group chord arpeggios melody polyphonic music thereby introduce chronological order note naturally suitable paper propose three model symbolic multi track music generation framework generative adversarial network gans three model differ underlying assumption accordingly network architecture refer jam model composer model hybrid model train propose model dataset one hundred thousand bar rock music apply generate piano roll five track bass drum guitar piano string intra track inter track objective metric also propose evaluate generative result addition subjective user study show model generate coherent music four bar right scratch e without human input also extend model human ai cooperative music generation give specific track compose human generate four additional track accompany code dataset render audio sample available https salu github io musegan', 'recent advance deep learn expand possibility generate music generate customizable full piece music consistent long term structure remain challenge paper introduces musicframeworks hierarchical music structure representation multi step generative process create full length melody guide long term repetitive structure chord melodic contour rhythm constraint first organize full melody section phrase level structure generate melody phrase generate rhythm basic melody use two separate transformer base network generate melody condition basic melody rhythm chord auto regressive manner factor music generation sub problem approach allow simpler model require less data customize add variety one alter chord basic melody rhythm structure music frameworks let network generate melody accordingly additionally introduce new feature encode musical positional information rhythm pattern melodic contour base musical domain knowledge listen test reveals melody generate method rat good well human composed music pop dataset half time', 'automatic music generation interdisciplinary research topic combine computational creativity semantic analysis music create automatic machine improvisation important property system allow user specify condition desire property generate music paper design model compose melody give user specify symbolic scenario combine previous music context add manual label vector denote external music quality term chord function provide low dimensional representation harmonic tension resolution model capable generate long melody regard beat note sequence basic unit share consistent rhythm pattern structure another specific song model contain two stage require separate training first stage adopts conditional variational autoencoder c vae build bijection note sequence latent representation second stage adopts long short term memory network lstm structural condition continue write future melody exploit disentanglement technique via c vae allow melody generation base pitch contour information separately condition rhythm pattern finally evaluate propose model use quantitative analysis rhythm subjective listening study result show music generate model tend salient repetition structure rich motif stable rhythm pattern ability generate longer structural phrase disentangle representation combine semantic scenario specification condition show broad application model']",22167
41,108,41_covid_pandemic_covid pandemic_vaccine,"['covid', 'pandemic', 'covid pandemic', 'vaccine', 'epidemic', 'infection', 'virus', 'coronavirus', 'flu', 'outbreak']","['sars cov covid pandemic cause significant strain public health institution around world contact trace essential tool change course covid pandemic manual contact trace covid case significant challenge limit ability public health authority minimize community infection personalize peer peer contact trace use mobile apps potential shift paradigm country deploy centralized track system privacy protect decentralize system offer much benefit without concentrate data hand state authority profit corporation machine learn method circumvent limitation standard digital trace incorporate many clue uncertainty grade precise estimation infection risk estimate risk provide early risk awareness personalize recommendation relevant information user finally non identify risk data inform epidemiological model train jointly machine learn predictor model provide statistical evidence importance factor involve disease transmission also use monitor evaluate optimize health policy de confinement scenario accord medical economic productivity indicator however strategy base mobile apps machine learn proactively mitigate potential ethical privacy risk could substantial impact society impact health also impact stigmatization abuse personal data present overview rationale design ethical consideration privacy strategy covi covid public peer peer contact trace risk awareness mobile application develop canada', 'present two model covid pandemic predicting impact universal face mask wear upon spread sars cov virus one employ stochastic dynamic network base compartmental seir susceptible expose infectious recover approach employ individual abm agent base model monte carlo simulation indicate significant impact near universal mask least population wear mask versus minimal impact less population wear mask significant impact universal masking adopt early day regional outbreak versus minimal impact universal mask adopt late effect hold even low filter rate homemade mask validate theoretical model compare prediction new empirical data set collect include whether region universal mask culture policy daily case growth rate percentage reduction peak daily case growth rate result show near perfect correlation early universal mask successful suppression daily case growth rate reduction peak daily case growth rate predict theoretical simulation theoretical empirical result argue urgent implementation universal mask government plan exit societal lockdown emerge key npi mouth nose lockdown far sustainable full body lockdown economic social mental health ax interactive visualization abm simulation http dek ai mask recommend immediate mask wear recommendation official guideline correct use awareness campaign shift mask mindset away pure self protection towards aspirational goal responsibly protect one community', 'result worldwide transmission severe acute respiratory syndrome coronavirus sars cov coronavirus disease covid evolve unprecedented pandemic currently unavailable pharmaceutical treatment vaccine novel coronavirus result great impact public health human society global economy likely last many year one lesson learn covid pandemic long term system non pharmaceutical intervention prevent control new infectious disease desirable implemented internet thing iot platform prefer utilized achieve goal due ubiquitous sense ability seamless connectivity iot technology change life smart healthcare smart home smart city aim build convenient intelligent community paper present iot could incorporate epidemic prevention control system specifically demonstrate potential fog cloud combine iot platform use systematic intelligent covid prevention control involve five intervention include covid symptom diagnosis quarantine monitoring contact trace social distancing covid outbreak forecasting sars cov mutation track investigate review state art literatures five intervention present capability iot counter current covid pandemic future infectious disease epidemic']",22167
42,107,42_bayesian network_graphical_bp_belief propagation,"['bayesian network', 'graphical', 'bp', 'belief propagation', 'probabilistic graphical', 'bn', 'bayesian', 'spns', 'learn bayesian', 'bns']","['graphical model use intuitive well study method graph theory implicitly represent dependency variables large system model global behaviour complex system specify local factor thesis study inference discrete graphical model algebraic perspective way inference use express approximate np hard combinatorial problem investigate complexity reducibility various inference problem part organize inference hierarchy investigate tractable approximation subset problem use distributive law form message pass quality result message passing procedure call belief propagation bp depend influence loops graphical model contribute three class approximation improve bp loopy graph loop correction technique b survey propagation another message passing technique surpass bp setting c hybrid method interpolate deterministic message pass markov chain monte carlo inference review exist message pass solution provide novel graphical model inference technique combinatorial problem three broad class constraint satisfaction problem satisfiability color packing set clique cover dominate independent set optimization counterpart b cluster problem hierarchical cluster k median k cluster k center modularity optimization c problem permutation include assignment graph morphisms alignment find symmetry travel salesman problem many case show message pass able find solution either near optimal favourably compare today state art approach', 'markov chain monte carlo mcmc belief propagation bp popular algorithms computational inference graphical model gm principle mcmc exact probabilistic method however often suffer exponentially slow mix contrast bp deterministic method typically fast empirically successful however general lack control accuracy loopy graphs paper introduce mcmc algorithm correct approximation error bp e provide way compensate bp error via consecutive bp aware mcmc framework base loop calculus lc approach allow express bp error sum weight generalized loop although full series computationally intractable know truncated series sum regular loop computable polynomial time planar pair wise binary gm also provide highly accurate approximation empirically motivate first propose polynomial time approximation mcmc scheme truncate series general non planar pair wise binary model main idea use worm algorithm know provide fast mix relate problem design appropriate rejection scheme sample regular loop furthermore also design efficient rejection free mcmc scheme approximate full series main novelty underlie design utilize concept cycle basis provide efficient decomposition generalize loop essence propose mcmc scheme run transform gm build upon non trivial bp solution experiment show synthesis bp mcmc outperforms direct mcmc bare bp scheme', 'concisely represent joint function many variable combination small function discrete graphical model gms provide powerful framework analyze stochastic deterministic system interact variable one main query model identify extremum joint function know weighted constraint satisfaction problem wcsp deterministic cost function network maximum posteriori map inference stochastic markov random field algorithms approximate wcsp inference typically rely local consistency algorithm belief propagation method intimately related linear programming lp relaxation often couple reparametrizations define dual solution associate lp since seminal work goemans williamson well understood convex sdp relaxation provide superior guarantee lp inherent computational cost interior point method limited application situation improve introduction non convex burer monteiro style method well suit handle sdp relaxation combinatorial problem binary variable maxcut maxsat map ising compute low rank sdp upper low bound discrete pairwise graphical model arbitrary number value arbitrary binary cost function extend burer monteiro style method base row row update consider traditional dualized constraint approach dedicate block coordinate descent approach avoids introduce large penalty coefficient formulation increasingly hard dense wcsp cfn instance observe bcd approach outperform dualized approach provide tight bound local consistency convergent message passing approach']",22167
43,104,43_symbolic_neural symbolic_logical_neuro symbolic,"['symbolic', 'neural symbolic', 'logical', 'neuro symbolic', 'logic', 'symbolic reason', 'neuro', 'differentiable', 'connectionist', 'reason']","['ai community increasingly put attention towards combine symbolic neural approach often argue strengths weakness approach complementary one recent trend literature weakly supervise learn technique employ operator fuzzy logic particular use prior background knowledge describe logic help train neural network unlabeled noisy data interpret logical symbol use neural network background knowledge add regular loss function hence make reason part learn study formally empirically large collection logical operator fuzzy logic literature behave differentiable learn set find many operator include well know highly unsuitable set finding concern treatment implication fuzzy logic show strong imbalance gradient driven antecedent consequent implication furthermore introduce new family fuzzy implication call sigmoidal implication tackle phenomenon finally empirically show possible use differentiable fuzzy logic semi supervise learn compare different operator behave practice find achieve large performance improvement supervise baseline resort non standard combination logical operator perform well learn longer satisfy usual logical law', 'work describe methodology combine logic base system connectionist system approach use finite truth value l ukasiewicz logic take advantage fact type logic every connective define neuron artificial network activation function identity truncate zero one allow injection first order formula network architecture also simplify symbolic rule extraction method train neural network use levenderg marquardt algorithm restrict knowledge dissemination network structure show reduce neural network plasticity without damage drastically learning performance make descriptive power produce neural network similar descriptive power l ukasiewicz logic language simplify translation symbolic connectionist structure method used reverse engineering problem find formula use generation truth table multi value l ukasiewicz logic real data set method particularly useful attribute selection binary classification problem define use nominal attribute attribute selection possible data set completion result connectionist model neuron directly representable use disjunctive conjunctive formula l ukasiewicz logic neuron interpretation approximate symbolic rule fact exemplify extract symbolic knowledge connectionist model generate data set mushroom uci machine learn repository', 'development machine learn particular artificial intelligent general strongly condition lack appropriate interface layer deduction abduction induction work extend traditional algebraic specification method direction assume interface ai emerge adequate neural symbolic integration integration make universe discourse describe topos govern many value l ukasiewicz logic sentence integrate symbolic knowledge base describe problem domain codify use graphic base language wherein every logic connective define neuron artificial network allows integration first order formula network architecture background knowledge simplifies symbolic rule extraction train network train neural network change levenderg marquardt algorithm restrict knowledge dissemination network structure use soft crystallization procedure reduce neural network plasticity without drastically damage learn performance allow emergence symbolic pattern make descriptive power produce neural network similar descriptive power l ukasiewicz logic language reduce information lose translation symbolic connectionist structure test method extraction knowledge specify structure present notion fuzzy state automaton use automata behaviour infer structure use type automaton generation model relation specify symbolic background knowledge']",22167
44,103,44_privacy_federate_fl_federate learn,"['privacy', 'federate', 'fl', 'federate learn', 'differential privacy', 'privacy preserve', 'private', 'secure', 'dp', 'client']","['spite federate learning fl well know privacy protection training machine learn model among distributed client collaboratively recent study point naive fl susceptible gradient leakage attack meanwhile differential privacy dp emerge promise countermeasure defend gradient leakage attack however adoption dp client fl may significantly jeopardize model accuracy still open problem understand practicality dp theoretic perspective paper make first attempt understand practicality dp fl tune number conduct iteration base fedavg algorithm formally derive convergence rate dp noise fl theoretically derive condition dp base fedavg converge number global iteration gi approach infinity method set number local iteration li minimize negative influence dp noise substitute laplace gaussian mechanism derive convergence rate respectively show dp base fedavg laplace mechanism cannot converge divergence rate effectively prohibit set number li method learn error dp base fedavg gaussian mechanism converge constant number finally use fixed number li per gi verify theoretical finding conduct extensive experiment use two real world datasets result validate analysis result also provide useful guideline optimize model accuracy incorporate dp fl', 'prior effort enhance federate learn fl security fall two category one end spectrum work use secure aggregation technique hide individual client update reveal aggregate global update malicious server strives infer client privacy updates end spectrum work use byzantine robust fl protocol suppress influence malicious client updates present federate learn protocol f ed learn first time offer bidirectional defense simultaneously combat malicious centralize server byzantine malicious client defend byzantine malicious client f ed learn provide dimension free estimation error employ calibrate well study robust mean estimator filterl f ed learning also leverage secure aggregation protect client malicious server one key challenge f ed learn address incompatibility filterl secure aggregation scheme concretely filterl check individual update client whereas secure aggregation hide update malicious server end propose practical highly effective solution split client shard f ed learn securely aggregate shard update launch filterl update different shard evaluation show f ed learn consistently achieve optimal close optimal performance outperforms five secure fl protocols five popular attack', 'along bloom ai machine learning base application service data privacy security become critical challenge conventionally data collect aggregated data centre machine learn model train centralised approach induce severe privacy risk personal data leakage misuse abuse furthermore era internet thing big data data essentially distribute transfer vast amount data data centre processing seem cumbersome solution difficulty transfer share data across data source also challenge comply rigorous data protection regulation complicate administrative procedure eu general data protection regulation gdpr respect federate learn fl emerges prospective solution facilitates distribute collaborative learning without disclose original training data whilst naturally comply gdpr recent research demonstrate retain data computation device fl sufficient enough privacy guarantee ml model parameter exchange party fl system still conceal sensitive information exploit privacy attack therefore fl system shall empower efficient privacy preserve technique comply gdpr article dedicate survey state art privacy preserve technique employ fl systematic fashion well technique mitigate data security privacy risk furthermore provide insight challenge along prospective approach follow gdpr regulatory guideline fl system shall implement comply gdpr']",22167
45,100,45_query answer_tgds_query_datalog,"['query answer', 'tgds', 'query', 'datalog', 'conjunctive query', 'description logic', 'conjunctive', 'mediate query', 'ontology', 'ontology mediate']","['ontology mediate query description logic dl ontology use enrich incomplete data domain knowledge result complete answer query however evaluation ontology mediate query omqs relational database computationally hard raise question omq evaluation efficient sense tractable combine complexity fix parameter tractable study question range ontology mediate query language base several important widely use dl use union conjunctive query actual query dl elhi extend bottom concept provide characterization class omqs fix parameter tractable fragment el extend domain range restriction bottom concept restricts use inverse role provide characterization class omqs tractable combine complexity result term equivalence omqs bound tree width rest reasonable assumption parameterized complexity theory similar spirit grohe seminal characterization tractable class conjunctive query relational database study complexity meta problem decide whether give omq equivalent omq bound tree width provide several completeness result range np exptime depend dl use also consider dl lite family dl include member admit functional role', 'concern problem efficiently determine data complexity answer query mediate description logic ontology construct optimal rewriting standard database query originate ontology base data access datalog optimisation problem know computationally complex general explicit syntactic characterisation available article aim understand fundamental root difficulty strip problem bare bone focus boolean conjunctive query mediate simple cover axiom state one class cover union two class show one hand rudimentary ontology mediate query call disjunctive sirup sirups capture many feature difficulty general case example answer sirup pi p complete combine complexity ac logspace nl p conp complete data complexity problem recognise fo rewritability sirup exptime hard sirup exponential size resolution proof double exponential size positive existential fo rewriting single exponential size nonrecursive datalog rewriting hand prove partial sufficient necessary condition fo symmetric linear datalog rewritability sirups main technical result complete transparent syntactic ac nl p conp tetrachotomy sirup disjoint cover class path shape boolean conjunctive query obtain tetrachotomy develop new technique establish p conp hardness answer non horn ontology mediate query well show answer nl', 'ontology mediate query query presence constraint two key database problem tuple generate dependency tgds play central role ontology mediate query tgds formalize ontology thus derive additional fact give data query presence constraint restrict set admissible database work study limit efficient query evaluation context two problem focussing guard frontier guard tgds ucqs actual query show class ontology mediate query omqs base guarded tgds evaluate fpt iff omqs class equivalent omqs actual query bound treewidth reasonable assumption query presence constraint consider class constraint query specification cqss bundle set constraint actual query show dichotomy result cqss base guard tgds parallel one omqs except additionally fpt coincides ptime combine complexity proof base novel connection omq cqs evaluation use direct proof also show similar dichotomy result reasonable assumption cqss base frontier guard tgds bound number atom tgd head result cqss viewed extension grohe well know characterization tractable class cqs without constraint like grohe characterization result assume arity relation symbol bound constant also study associate meta problem e whether give omq cqs equivalent one actual query bound treewidth']",22167
46,99,46_game_card_chess_board,"['game', 'card', 'chess', 'board', 'player', 'ludii', 'game play', 'ggp', 'board game', 'play']","['non trivial design engage balance set game rule modern chess evolve century without similar recourse history consequence rule change game dynamic difficult predict alphazero provide alternative silico mean game balance assessment system learn near optimal strategy rule set scratch without human supervision continually learn experience study use alphazero creatively explore design new chess variant grow interest chess variant like fischer random chess classical chess voluminous open theory high percentage draw professional play non negligible number game end player still home preparation compare nine variant involve atomic change rule chess change allow novel strategic tactical pattern emerge keep game close original learning near optimal strategy variant alphazero determine game strong human player might look like variant adopt qualitatively several variant dynamic analytic comparison show piece value differently variant variant decisive classical chess finding demonstrate rich possibility lie beyond rule modern chess', 'currently development computer game show tremendous surge ease speed internet access today also influence development computer game especially computer game play online internet technology allow computer game play multiplayer mode interaction player computer game build several way one providing balance opponent opponent develop use intelligent agent hand research develop intelligent agent also grow rapidly computer game development one easy way measure performance intelligent agent develop virtual environment allow intelligent agent interact player research try develop intelligent agent virtual environment board game easily accessible intelligent agent virtual environment develop application program interface api service call gapoera api gapoera api service build expect help game developer develop game without think much artificial intelligence embed game service provide basic multilevel intelligent agent provide user play board game commonly play indonesia although gapoera api use various type game paper focus discussion popular traditional board game indonesia namely mancala test result conclude multilevel agent concept develop work expected hand development gapoera api service also successfully accessed several game platform', 'deep neural network successfully apply learn board game go chess shogi without prior knowledge making use reinforcement learn although start zero knowledge show yield impressive result associate high computationally cost especially complex game paper present crazyara neural network base engine solely train supervised manner chess variant crazyhouse crazyhouse game high branch factor chess limit data low quality available compare alphago therefore focus improve efficiency multiple aspect rely low computational resource improvement include modification neural network design training configuration introduction data normalization step sample efficient monte carlo tree search low chance blunder train human game day achieve move prediction accuracy development version crazyara play professional human player notably crazyara achieve four one win crazyhouse world champion justin tan aka lm jann lee elo high rat compare average player training set furthermore test playing strength crazyara cpu participant second crazyhouse computer championship win twelve thirteen participant finally crazyarafish continue train model generate engine game ten long time control match play stockfish crazyarafish win three game draw one ten match']",22167
47,98,47_intelligence_agi_human intelligence_artificial intelligence,"['intelligence', 'agi', 'human intelligence', 'artificial intelligence', 'iq', 'artificial', 'sp', 'singularity', 'intelligence agi', 'ai']","['discus objective endeavor create artificial intelligence ai provide possible alternative intelligence might unintended consequence curiosity leave roam free best exemplified frolicking infant suggest attempt ai could misguide actually need strive term artificial curiosity ac intelligence happen consequence effort unintentional yet welcome aftereffect set foundational list guide principle need present start intuition line reason formalize series definition assumption ingredient model iterative improvement necessary make incubation intelligence reality discussion provide conceptual modification turing test searle chinese room argument discuss future implication society ai become integral part life provide road map create intelligence technical part relegate appendix article accessible wide audience central technique formal approach create intelligence draw upon tool concept widely use physic cognitive science psychology evolutionary biology statistic linguistics communication system pattern recognition marketing economics finance information science computational theory highlight solution create artificial intelligence transcend artificial barrier various field highly multi disciplinary', 'primer explores excite subject intelligence intelligence fundamental component living thing well artificial intelligence ai artificial intelligence potential affect live new era modern human paper attempt explore idea associate intelligence understand implication constraint potentially capabilities future artificial intelligence exploration journey different part intelligence appear essential hope people find useful determine artificial intelligence may head also exploration hope create new think provoke question intelligence single weighable quantity subject span biology physic philosophy cognitive science neuroscience psychology computer science historian yuval noah harari point engineer scientist future broaden understanding include discipline psychology philosophy ethic fiction writer long portray engineer scientist deficient area today modern society emergence artificial intelligence legal requirement act force function push broad subject foreground start introduction intelligence move quickly onto profound thought idea call life universe everything primer famous science fiction book douglas adam forty two may well right answer question', 'make deliberate progress towards intelligent human like artificial system need follow appropriate feedback signal need able define evaluate intelligence way enable comparison two system well comparison human past hundred year abundance attempt define measure intelligence across field psychology ai summarize critically assess definition evaluation approach make apparent two historical conception intelligence implicitly guide note practice contemporary ai community still gravitate towards benchmarking intelligence compare skill exhibit ais human specific task board game video game argue solely measure skill give task fall short measure intelligence skill heavily modulate prior knowledge experience unlimited prior unlimited train data allow experimenter buy arbitrary level skill system way mask system generalization power articulate new formal definition intelligence base algorithmic information theory describe intelligence skill acquisition efficiency highlight concept scope generalization difficulty prior experience use definition propose set guideline general ai benchmark look like finally present benchmark closely follow guideline abstraction reason corpus arc build upon explicit set prior design close possible innate human prior argue arc use measure human like form general fluid intelligence enable fair general intelligence comparison ai system human']",22167
48,97,48_vqa_visual question_question_answer vqa,"['vqa', 'visual question', 'question', 'answer vqa', 'question answer', 'answer', 'question image', 'visual', 'image question', 'exist vqa']","['generate natural diverse meaningful question image essential task multimodal assistant confirm whether understood object scene image properly research visual question answer vqa visual question generation vqg great step however research capture question visually abled person would ask multimodal assistant recently publish datasets kb vqa fvqa ok vqa try collect question look external knowledge make appropriate multimodal assistant however still contain many obvious common sense question human would usually ask digital assistant paper provide new benchmark dataset contain question generate human annotator keep mind would ask multimodal digital assistant large scale annotation several hundred thousand image expensive time consume also present effective way automatically generate question unseen image paper present approach generate diverse meaningful question consider image content metadata image e g location associate keyword evaluate approach use standard evaluation metric bleu meteor rouge cider show relevance generate question human provide question also measure diversity generate question use generative strength inventiveness metric report new state art result public datasets', 'number study find today visual question answer vqa model heavily drive superficial correlation train data lack sufficient image ground encourage development model gear towards latter propose new set vqa every question type train test set different prior distribution answer specifically present new split vqa v vqa v datasets call visual question answer change prior vqa cp v vqa cp v respectively first evaluate several exist vqa model new set show performance degrade significantly compare original vqa set second propose novel ground visual question answer model gvqa contain inductive bias restriction architecture specifically design prevent model cheat primarily rely prior train data specifically gvqa explicitly disentangle recognition visual concept present image identification plausible answer space give question enable model robustly generalize across different distribution answer gvqa build exist vqa model stack attention network san experiment demonstrate gvqa significantly outperform san vqa cp v vqa cp v datasets interestingly also outperform powerful vqa model multimodal compact bilinear pool mcb several case gvqa offer strength complementary san train evaluated original vqa v vqa v datasets finally gvqa transparent interpretable exist vqa model', 'knowledge base visual question answer kvqa require external knowledge beyond visible content answer question image ability challenge indispensable achieve general vqa one limitation exist kvqa solution jointly embed kind information without fine grain selection introduces unexpected noise reason correct answer capture question orient information complementary evidence remain key challenge solve problem inspire human cognition theory paper depict image multiple knowledge graph visual semantic factual view thereinto visual graph semantic graph regard image condition instantiation factual graph top new representation formulate knowledge base visual question answer recurrent reason process obtain complementary evidence multimodal information end decompose model series memory base reason step perform g raph base r ead u pdate c ontrol gruc module conduct parallel reason visual semantic information stack module multiple time model performs transitive reasoning obtains question orient concept representation constrain different modality finally perform graph neural network infer global optimal answer jointly consider concept achieve new state art performance three popular benchmark datasets include fvqa visual w kb ok vqa demonstrate effectiveness interpretability model extensive experiment']",22167
49,93,49_satellite_plant_satellite image_crop,"['satellite', 'plant', 'satellite image', 'crop', 'flood', 'imagery', 'change detection', 'climate', 'disaster', 'weed']","['past two decade significant effort develop method object detection remote sense r image case datasets small object detection remote sense image inadequate many researcher use scene classification datasets object detection limitation example large sized object outnumber small object object category thus lack diversity affect detection performance small object detector rs image paper review current datasets object detection method deep learn base remote sensing image also propose large scale publicly available benchmark remote sense super resolution object detection rssod dataset rssod dataset consist hand annotate image instance high resolution vhr image spatial resolution five class vary frequency label per class image patch extract satellite image include real image distortion tangential scale distortion skew distortion also propose novel multi class cyclic super resolution generative adversarial network residual feature aggregation mcgr auxiliary yolov detector benchmark image super resolution base object detection compare exist state art method base image super resolution sr propose mcgr achieve state art performance image sr improvement db psnr compare current state art nlsn method mcgr achieve best object detection map respectively five class four class two class single class respectively surpass performance state art object detector yolov efficientdet faster rcnn ssd retinanet', 'continuous observation climate indicator trend lake freeze important understand dynamic local global climate system consequently lake ice include among essential climate variable ecvs global climate observe system gcos need set operational monitoring capability multi temporal satellite image publicly available webcam stream among viable data source monitor lake ice work investigate machine learn base image analysis tool determine spatio temporal extent ice swiss alpine lake well ice ice date multispectral optical satellite image viirs modis rgb webcam image model lake ice monitoring pixel wise semantic segmentation problem e pixel lake surface classify obtain spatially explicit map ice cover show experimentally propose system produce consistently good result test data multiple winter lakes satellite base method obtains mean intersection union miou score sensor also generalise well across lake winter miou score respectively average webcam approach achieve miou value approx generalisation score approx approx across different camera winter respectively additionally put forward new benchmark dataset webcam image photi lakeice include data two winter three camera', 'land surface temperature lst key parameter monitoring land surface process however cloud contamination tradeoff spatial temporal resolution greatly impede access high quality thermal infrared tir remote sense data despite massive effort make solve dilemma still difficult generate lst estimate concurrent spatial completeness high spatio temporal resolution land surface model lsms use simulate gapless lst high temporal resolution usually come low spatial resolution paper present integrated temperature fusion framework satellite observe lsm simulate lst data map gapless lst spatial resolution half hourly temporal resolution global linear model glolm model diurnal land surface temperature cycle dtc model respectively perform preprocessing step sensor temporal normalization different lst data landsat lst moderate resolution image spectroradiometer modis lst community land model version clm simulate lst fuse use filter base spatio temporal integrate fusion model evaluation implement urban dominated region city wuhan china natural dominate region heihe river basin china term accuracy spatial variability diurnal temporal dynamic result indicate fused lst highly consistent actual landsat lst data situ lst measurement term pearson correlation coefficient mean absolute error k k root mean square error k k']",22167
50,92,50_caption_image caption_generate caption_sentence,"['caption', 'image caption', 'generate caption', 'sentence', 'coco', 'visual', 'cider', 'image', 'flickr', 'mscoco']","['text base image caption textcap require simultaneous comprehension visual content read text image generate natural language description although task teach machine understand complex human environment give text omnipresent daily surroundings pose additional challenge normal caption text base image intuitively contain abundant complex multimodal relational content image detail describe diversely multiview rather single caption certainly introduce additional paired training data show diversity image description process labor intensive time consume textcap pair annotation extra text base insight mention investigate generate diverse caption focus different image part use unpaired training paradigm propose multimodal relational graph adversarial inference magic framework diverse unpaired textcap framework adaptively construct multiple multimodal relational graph image model complex relationship among graphs represent descriptive diversity moreover cascade generative adversarial network develop model graph infer unpaired caption generation image sentence feature alignment linguistic coherence level validate effectiveness magic generate diverse caption different relational information item image experimental result show magic generate promising outcome without use image caption training pair', 'controllable image caption cic generate image description follow designate control signal receive unprecedented attention last year emulate human ability control caption generation current cic study focus exclusively control signal concern objective property content interest descriptive pattern however argue almost exist objective control signal overlook two indispensable characteristic ideal control signal event compatible visual content refer single sentence compatible described activity sample suitable control signal suitable specific image sample end propose new control signal cic verb specific semantic role vsr vsr consist verb semantic role represent targeted activity role entity involve activity give designate vsr first train grounded semantic role label gsrl model identify ground entity role propose semantic structure planner ssp learn human like descriptive semantic structure lastly use role shift caption model generate caption extensive experiment ablation demonstrate framework achieve good controllability several strong baseline two challenge cic benchmark besides generate multi level diverse caption easily code available http github com mad red vsr guide cic', 'visual captioning aim generate textual description give image videos traditionally image caption model train human annotate datasets flickr k m coco limit size diversity limitation hinders generalization capability model also render liable make mistake language model however train vast amount freely available unlabelled data recently emerge successful language encoders coherent text generator meanwhile several unimodal multimodal fusion technique prove work well natural language generation automatic speech recognition building recent development aim improve quality generate caption contribution work paper two fold first propose generic multimodal model fusion framework caption generation well emendation utilize different fusion strategy integrate pretrained auxiliary language model auxlm within traditional encoder decoder visual captioning framework next employ fusion strategy integrate pretrained masked language model mlm namely bert visual captioning model viz show attend tell emend syntactic semantic error caption caption emendation experiment three benchmark image caption datasets viz flickr k flickr k mscoco show improvement baseline indicate usefulness propose multimodal fusion strategy perform preliminary qualitative analysis emend caption identify error category base type correction']",22167
51,92,51_activation function_convolution_activation_convolutional,"['activation function', 'convolution', 'activation', 'convolutional', 'layer', 'cnns', 'cifar', 'kernel', 'normalizer', 'convolutional layer']","['compare global average pool exist deep convolutional neural network cnns global covariance pool capture rich statistic deep feature potential improve representation generalization ability deep cnns however integration global covariance pool deep cnns bring two challenge robust covariance estimation give deep feature high dimension small sample size appropriate usage geometry covariance address challenge propose global matrix power normalize covariance mpn cov pool mpn cov conforms robust covariance estimator suitable scenario high dimension small sample size also regard power euclidean metric covariance effectively exploit geometry furthermore global gaussian embed network propose incorporate first order statistic mpn cov fast train mpn cov network implement iterative matrix square root normalization avoid gpu unfriendly eigen decomposition inherent mpn cov additionally progressive x convolution group convolution introduce compress covariance representation propose method highly modular readily plug exist deep cnns extensive experiment conduct large scale object classification scene categorization fine grain visual recognition texture classification show method outperform counterpart obtain state art performance', 'deep neural network dnns generalize remarkably well without explicit regularization even strongly parametrized regime classical learning theory would instead predict would severely overfit many proposal kind implicit regularization make rationalise success consensus fundamental reason dnns strongly overfit paper provide new explanation apply general probability complexity bound recently derive algorithmic information theory ait argue parameter function map many dnns exponentially bias towards simple function provide clear evidence strong simplicity bias model dnn boolean function well much large fully connect convolutional network apply cifar mnist target function many real problem expect highly structured intrinsic simplicity bias help explain deep network generalize well real world problem picture also facilitate novel pac bayes approach prior take dnn input output function space rather conventional prior parameter space assume train algorithm sample parameter close uniformly within zero error region pac bayes theorem use guarantee good expect generalization target function produce high likelihood train set exploit recently discover connection dnns gaussian process estimate marginal likelihood produce relatively tight generalization pac bayes error bound correlate well true error realistic datasets mnist cifar architecture include convolutional fully connect network', 'deep convolutional neural network lead breakthrough result numerous practical machine learn task classification image imagenet data set control policy learn play atari game board game go image caption many application first perform feature extraction feed result thereof trainable classifier mathematical analysis deep convolutional neural network feature extraction initiate mallat specifically mallat consider call scatter network base wavelet transform follow modulus non linearity network layer prove translation invariance asymptotically wavelet scale parameter deformation stability correspond feature extractor paper complement mallat result develop theory encompasses general convolutional transforms technical parlance general semi discrete frame include weyl heisenberg filter curvelets shearlets ridgelets wavelet learn filter general lipschitz continuous non linearity e g rectify linear unit shift logistic sigmoids hyperbolic tangent modulus function general lipschitz continuous pool operator emulate e g sub sample average addition element different different network layer result feature extractor prove translation invariance result vertical nature sense feature become progressively translation invariant increase network depth establish deformation sensitivity bound apply signal class e g band limit function cartoon function lipschitz function']",22167
52,91,52_event log_log_conformance_business,"['event log', 'log', 'conformance', 'business', 'event', 'conformance check', 'mining', 'trace', 'discovery', 'execution']","['conformance check encompasses body process mining technique aim find describe difference process model capture expect process behavior correspond event log record observe behavior alignment establish technique compute distance trace event log close execution trace correspond process model give cost function alignment optimal contains least number mismatch log trace model trace determine optimal alignment however computationally expensive especially light grow size complexity event log practice easily exceed one million event trace several hundred activity common limitation exist alignment technique inability exploit repetition log exploit specific form sequential pattern trace namely tandem repeat propose novel technique use pre post processing step compress length trace recomputes alignment cost guaranteeing cost result never approximate optimal cost extensive empirical evaluation real life model log pair five state art alignment technique show propose compression approach systematically outperform baseline order magnitude presence trace repetition cost approximation occur negligible', 'provide appropriate structure around human resource streamline operation thus facilitate competitiveness organization achieve goal modern organization need acquire accurate timely understanding human resource grouping face ever change environment use process mining offer promise way help address need utilizing event log data store information system extract knowledge actual behavior resource participate business process event log organizational model construct facilitate analysis de facto group human resource relevant process execution nevertheless open research gap remain addressed apply state art process mining analyze resource group one discovery organizational model limit connection context process execution another rigorous solution evaluate organizational model event log data yet propose paper aim tackle research challenge develop novel framework build upon rich definition organizational model couple resource group process execution knowledge introduce notion conformance check organizational model framework allows effective evaluation organizational model therefore provide foundation analyze improve resource group base event log demonstrate feasibility framework propose approach underpin framework organizational model discovery also conduct experiment real life event log discover evaluate organizational model', 'business process deviance refers phenomenon whereby subset execution business process deviate negative positive way respect expect desirable outcome deviant execution business process include violate compliance rule execution undershoot exceed performance target deviance mining concerned uncovering reason deviant execution analyze event log store system support execution business process paper problem explain deviation business process first investigate use feature base sequential declarative pattern combination explanation improve leverage data attribute event trace event log feature base pure data attribute value data aware declarative rule explanation characterize deviance extract direct indirect method rule induction use real life log multiple domain range feature type different form decision rule evaluate term ability accurately discriminate non deviant deviant execution process well term understandability final outcome return user']",22167
53,91,53_molecule_protein_chemical_molecular,"['molecule', 'protein', 'chemical', 'molecular', 'drug', 'rna', 'chemistry', 'chemical property', 'material', 'bind']","['autonomous experimentation enable artificial intelligence ai offer new paradigm accelerate scientific discovery non equilibrium material synthesis emblematic complex resource intensive experimentation whose acceleration would watershed material discovery development map non equilibrium synthesis phase diagram recently accelerate via high throughput experimentation still limit material research parameter space vast exhaustively explored demonstrate accelerate synthesis exploration metastable material hierarchical autonomous experimentation govern scientific autonomous reason agent sara sara integrate robotic material synthesis characterization along hierarchy ai method efficiently reveal structure processing phase diagram sara design lateral gradient laser spike anneal lg lsa experiment parallel material synthesis employ optical spectroscopy rapidly identify phase transition efficient exploration multi dimensional parameter space achieve nested active learning al cycle build upon advanced machine learn model incorporate underlying physic experiment well end end uncertainty quantification coordination al multiple scale sara embodies ai harness complex scientific task demonstrate performance autonomously map synthesis phase boundary bi system lead order magnitude acceleration establishment synthesis phase diagram include condition kinetically stabilize delta bi room temperature critical development electrochemical technology solid oxide fuel cell', 'recently utilize reinforcement learn rl generate molecule desire property highlight promising strategy drug design molecular dock program physical simulation estimate protein small molecule bind affinity ideal reward score function rl straightforward proxy therapeutic potential still two imminent challenge exist task first model often fail generate chemically realistic pharmacochemically acceptable molecule second dock score optimization difficult exploration problem involve many local optimum less smooth surface respect molecular structure tackle challenge propose novel rl framework generate pharmacochemically acceptable molecule large dock score method fragment base generative rl explorative experience replay drug design freed constrains generate molecule realistic qualify chemical space effectively explore space find drug couple fragment base generation method novel error prioritize experience replay per also show model performs well de novo scaffold base scheme model produce molecule higher quality compare exist method achieve state art performance two three target term dock score generate molecule show ablation study method predictive error per freed pe significantly improve model performance', 'molecular mechanic mm potential long workhorse computational chemistry leverage accuracy speed functional form find use wide variety application biomolecular model drug discovery rapid virtual screening detail free energy calculation traditionally mm potential rely human curated inflexible poorly extensible discrete chemical perception rule atom type apply parameter small molecule biopolymers make difficult optimize type parameter fit quantum chemical physical property data propose alternative approach use graph neural network perceive chemical environment produce continuous atom embeddings valence nonbonded parameter predict use invariance preserve layer since stage build smooth neural function entire process span chemical perception parameter assignment modular end end differentiable respect model parameter allow new force field easily construct extended applied arbitrary molecule show approach sufficiently expressive reproduce legacy atom type learn extend exist molecular mechanic force field construct entirely new force field applicable biopolymers small molecule quantum chemical calculation even learn accurately predict free energy experimental observables approach implement free open source package espaloma available http github com choderalab espaloma']",22167
54,89,54_commonsense_commonsense knowledge_qa_answer,"['commonsense', 'commonsense knowledge', 'qa', 'answer', 'question answer', 'question', 'commonsense reason', 'kb', 'answer qa', 'wsc']","['wikidata wikipedia proven useful reason ing natural language application like question answer entitylinking yet exist work study potential wikidata commonsense reason paper investigate whether wikidata con tains commonsense knowledge complementary exist commonsense source start definition common sense devise three guide principle apply generate commonsense subgraph wikidata wikidata c within approach map relation wikidata conceptnet also leverage integrate wikidata cs exist consolidate commonsense graph experiment reveal albeit wikidata c represent small portion wikidata indicator wikidata contains relevant commonsense knowledge map conceptnet relation overlap wikidata cs commonsense source low motivate value knowledge integration wikidata c evolve time slightly slow rate compare overall wikidata indicate possible lack focus commonsense knowledge base finding propose three recommended action improve coverage quality wikidata c', 'open domain question answer qa important problem ai nlp emerge bellwether progress generalizability ai method technique much progress open domain qa system realize advance information retrieval method corpus construction paper focus recently introduce arc challenge dataset contain multiple choice question author grade school science exams question select challenge current qa system current state art performance slightly well random chance present system rewrite give question query use retrieve support text large corpus science relate text rewriter able incorporate background knowledge conceptnet tandem generic textual entailment system train scitail identifies support retrieve result outperform several strong baseline end end qa task despite trained identify essential term original source question use generalizable decision methodology retrieve evidence answer candidate select best answer combine query rewrite background knowledge textual entailment system able outperform several strong baseline arc dataset', 'commonsense knowledge acquisition reason long core artificial intelligence problem however past lack scalable method collect commonsense knowledge paper propose develop principle collect commonsense knowledge base selectional preference generalize definition selectional preference one hop linguistic syntactic relation high order relation linguistic graph unlike previous commonsense knowledge definition e g conceptnet selectional preference sp knowledge rely statistical distribution linguistic graph efficiently accurately acquire unlabeled corpus modern tool follow principle develop large scale eventuality linguistic term cover activity state event base knowledge graph aser eventuality represent dependency graph relation discourse relation define shallow discourse parse high order selectional preference collect linguistic graph reflect various kind commonsense knowledge moreover motivate observation human understand event abstract observe event higher level thus transfer knowledge new event propose conceptualization module significantly boost coverage aser total aser contain million eventuality million edge eventuality conceptualization probase selectional preference base concept instance relational knowledge base concept graph contain million conceptualized eventuality million edge detailed analysis provide demonstrate quality collect data apis tool available https github com hkust knowcomp aser']",22167
55,88,55_spike_snns_neuromorphic_snn,"['spike', 'snns', 'neuromorphic', 'snn', 'spike neural', 'network snns', 'neuron', 'chip', 'neuromorphic hardware', 'synaptic']","['spike neural network snns promise bio plausible cod spatio temporal information event drive signal processing suit energy efficient implementation neuromorphic hardware however unique work mode snns make difficult train traditional network currently two main route explore train deep snns high performance first convert pre train ann model snn version usually require long cod window convergence cannot exploit spatio temporal feature train solve temporal task directly train snns spatio temporal domain due binary spike activity fire function problem gradient vanish explosion current method restrict shallow architecture thereby difficult harness large scale datasets e g imagenet end propose threshold dependent batch normalization tdbn method base emerge spatio temporal backpropagation term stbp tdbn enable direct training deep snn efficient implementation inference neuromorphic hardware propose method elaborate shortcut connection significantly extend directly train snns shallow structure layer deep structure layer furthermore theoretically analyze effectiveness method base block dynamical isometry theory finally report superior accuracy result include cifar dvs cifar imagenet timesteps best knowledge first time explore directly train deep snns high performance imagenet', 'spike neural network snns contain biologically realistic structure biologically inspire learning principle standard artificial neural network anns snns consider third generation anns powerful robust computation low computational cost neuron snns non differential contain decayed historical state generate event base spike state reach fire threshold dynamic characteristic snns make difficult directly trained standard backpropagation bp also consider biologically plausible paper biologically plausible reward propagation brp algorithm propose applied snn architecture spike convolution convolutional kernel full connection layer unlike standard bp propagates error signal post presynaptic neuron layer layer brp propagates target label instead error directly output layer pre hidden layer effort consistent top reward guide learn cortical column neocortex synaptic modification local gradient difference induce pseudo bp might also replace spike time dependent plasticity stdp performance propose brp snn verify spatial include mnist cifar temporal include tidigits dvsgesture task snn use brp reach similar accuracy compare state art bp base snns save computational cost anns think introduction biologically plausible learning rule train procedure biologically realistic snns give u hint inspiration toward good understand biological system intelligent nature', 'spike neural network snns possess energy efficient potential due event base computation however supervise training snns remain challenge spike activity non differentiable previous snns training method generally categorize two basic class e backpropagation like train method plasticity base learn method former method dependent energy inefficient real value computation non local transmission also require artificial neural network anns whereas latter either consider biologically implausible exhibit poor performance hence biologically plausible bio plausible high performance supervise learn sl method snns remain deficient paper propose novel bio plausible snn model sl base symmetric spike time dependent plasticity sym stdp rule find neuroscience combine sym stdp rule bio plausible synaptic scaling intrinsic plasticity dynamic threshold snn model implement sl well achieve good performance benchmark recognition task mnist dataset reveal underlie mechanism sl model visualize layer base activity synaptic weight use distribute stochastic neighbor embed sne method training find well cluster thereby demonstrate excellent classification ability furthermore verify robustness model train another realistic dataset fashion mnist also show good performance learning rule bio plausible base purely local spike event model could easily apply neuromorphic hardware online training may helpful understand sl information processing synaptic level biological neural system']",22167
56,86,56_fake news_news_rumor_fake,"['fake news', 'news', 'rumor', 'fake', 'twitter', 'tweet', 'meme', 'social medium', 'misinformation', 'medium']","['optimism internet potential bring world together temper concern role inflame culture war via mass selection like mind group online society may become fragmented polarize particularly respect partisan difference however ability measure social makeup online community turn understand social organization online platform limit pseudonymous unstructured large scale nature digital discussion develop neural embed methodology quantify position online community along social dimension leverage large scale pattern aggregate behaviour apply methodology b reddit comment make k community year measure macroscale community structure organize respect age gender u political partisanship examine political content find reddit underwent significant polarization event around u presidential election remain highly polarized year afterward contrary conventional wisdom however individual level polarization rare system level shift disproportionately driven arrival new newly political user political polarization reddit unrelated previous activity platform instead temporally aligned external event also observe stark ideological asymmetry sharp increase entirely attributable change right wing activity methodology broadly applicable study online interaction finding implication design online platform understand social contexts online behaviour quantify dynamic mechanisms online polarization', 'social medium news consumption double edge sword one hand low cost easy access rapid dissemination information lead people seek consume news social medium hand enables wide spread fake news e low quality news intentionally false information extensive spread fake news potential extremely negative impact individual society therefore fake news detection social medium recently become emerge research attract tremendous attention fake news detection social medium present unique characteristic challenge make exist detection algorithms traditional news medium ineffective applicable first fake news intentionally write mislead reader believe false information make difficult nontrivial detect base news content therefore need include auxiliary information user social engagement social medium help make determination second exploit auxiliary information challenge user social engagement fake news produce data big incomplete unstructured noisy issue fake news detection social medium challenge relevant conduct survey facilitate research problem survey present comprehensive review detect fake news social medium include fake news characterization psychology social theory exist algorithm data mining perspective evaluation metric representative datasets also discuss relate research area open problem future research direction fake news detection social medium', 'evolution electronic medium mixed bless due easy access low cost faster reach information people search devour news online social network contrast increase acceptance social medium report lead spread fake news minacious problem cause dispute endangers societal stability harmony fake news spread gain attention researcher due vicious nature proliferation misinformation medium internet cable news pay advertising local news outlet make essential people identify misinformation sort facts researcher try analyze credibility information curtail false information platform credibility believability piece information hand analyze credibility fake news challenge due intent creation polychromatic nature news work propose model detect fake news method investigate content news early stage e news publish yet disseminate social medium work interprets content automatic feature extraction relevance text piece summary introduce stance one feature along content article employ pre train contextualized word embeddings bert obtain state art result fake news detection experiment conduct real world dataset indicate model outperforms previous work enables fake news detection accuracy']",22167
57,86,57_prune_quantization_compression_network prune,"['prune', 'quantization', 'compression', 'network prune', 'dart', 'filter prune', 'architecture search', 'flop', 'resnet', 'pruning']","['paper present incremental network quantization inq novel method target efficiently convert pre train full precision convolutional neural network cnn model low precision version whose weight constrain either power two zero unlike exist method struggle noticeable accuracy loss inq potential resolve issue benefit two innovation one hand introduce three interdependent operation namely weight partition group wise quantization training well proven measure employ divide weight layer pre train cnn model two disjoint group weight first group responsible form low precision base thus quantize variable length encode method weight group responsible compensate accuracy loss quantization thus one train hand three operation repeat late trained group iterative manner weight convert low precision one act incremental network quantization accuracy enhancement procedure extensive experiment imagenet classification task use almost know deep cnn architecture include alexnet vgg googlenet resnets well testify efficacy propose method specifically bit quantization model improve accuracy bit float point reference take resnet example show quantized model bite bit bit ternary weight improve similar accuracy bit float point baseline besides impressive result combination network prune inq also report code available http github com zhouaojun incremental network quantization', 'although convolutional neural network cnns essential learning base application involve dense data applicability limit due excessive memory computational requirement compress network prune therefore become highly desirable however prune cnns largely unexplored possibly complex nature typical pruning algorithm embed prune iterative optimization paradigm work introduce resource aware neuron prune ranp algorithm prune cnns initialization high sparsity level specifically core idea obtain importance score neuron base sensitivity loss function neuron importance reweighted accord neuron resource consumption relate flops memory demonstrate effectiveness prune method semantic segmentation widely use unets shapenet brat well video classification mobilenetv ucf dataset experiment ranp lead roughly reduction flop reduction memory negligible loss accuracy compare unpruned network significantly reduce computational resource require train cnns prune network obtain algorithm also easily scale transfer another dataset training', 'although convolutional neural network essential learn base application involve dense data applicability limit due excessive memory computational requirement compress network prune therefore become highly desirable however prune cnns largely unexplored possibly complex nature typical pruning algorithm embed prune iterative optimization paradigm work introduce resource aware neuron prune ranp algorithm prune cnns initialization high sparsity level specifically core idea obtain importance score neuron base sensitivity loss function neuron importance reweighted accord neuron resource consumption relate flops memory demonstrate effectiveness prune method semantic segmentation widely use unets shapenet brat datasets video classification mobilenetv ucf dataset two view stereo match pyramid stereo match psm network sceneflow dataset experiment ranp lead roughly reduction flop reduction memory negligible loss accuracy compare unpruned network significantly reduce computational resource require train cnns prune network obtain algorithm also easily scale transfer another dataset training']",22167
58,85,58_revision_belief_belief change_agm,"['revision', 'belief', 'belief change', 'agm', 'belief revision', 'postulate', 'revision operator', 'belief base', 'logic', 'operator']","['field iterated belief change focus mainly revision main operator agm belief change theory e contraction receive relatively little attention paper extend harper identity single step change define iterate contraction term iterated revision specifically harper identity provide recipe define belief set result contract term initial belief set ii belief set result revision look way define plausibility order world result contract term iii initial plausibility order iv plausibility order result revision note straightforward extension lead trivialisation space permissible ordering provide family operator combine plausibility ordering avoid result operator characterise domain interest pair intuitively compel property turn enable derivation number iterate contraction postulate postulate iterated revision finish observe salient member family allow derivation counterpart contraction well know iterated revision operator well define new iterate contraction operator', 'agm belief revision one main paradigm study belief change operation context belief base prioritise base largely use specify agent belief state whether represent agent explicit beliefs computational model belief state connection iterate agm like operation encode dynamic epistemic logic study work consider well know postulate iterated belief revision theory characterise mean belief base counterpart dynamic epistemic logic work investigate priority graph syntactic representation preference relation deeply connect prioritised base use characterise belief change operator focus well know postulate iterated belief change provide syntactic representation belief change operator dynamic context well new negative result regard possibility represent iterated belief revision operation use transformation priority graph', 'recent work consider problem extend case iterated belief change call harper identity hi defines single shot contraction term single shot revision present paper considers prospect provide similar extension levi identity li direction definition run way restrict attention three classic iterate revision operator natural restrain lexicographic provide first collective characterisation literature appellation elementary operator consider two prima facie plausible way extend li first proposal involve use rational closure operator offer reductive account iterated revision term iterated contraction second commit reductionism put forward year ago nayak et al establish elementary revision operator mild assumption regard contraction nayak proposal equivalent new set postulate formalise claim contraction neg consider kind mild revision show turn slightly weak assumption jointly amount conjunction pair constraint extension hi recently propose literature finally consider consequence endorse suggestion show would yield identification rational revision natural revision close paper discuss general prospect define iterated revision term iterate contraction']",22167
59,84,59_ride_bike_trip_passenger,"['ride', 'bike', 'trip', 'passenger', 'ridesharing', 'request', 'ride share', 'dispatch', 'transportation', 'taxi']","['ubiquitous growth mobility demand service passenger good delivery bring various challenge opportunity within realm transportation system result intelligent transportation system develop maximize operational profitability user convenience environmental sustainability growth last mile delivery alongside ridesharing call efficient cohesive system transport passenger good exist method address use static rout method consider neither demand request transfer good vehicle route plan paper present dynamic demand aware fleet management framework combine good passenger transportation capable involve passenger driver decision make process allow driver negotiate mutually suitable price passenger accept reject matching good vehicle multi hop transfer good dynamically generate optimal route vehicle consider demand along path base insertion cost determines match dispatch idle vehicle area anticipate high passenger good demand use deep reinforcement learn rl allow distributed inference vehicle collectively optimize fleet objective propose model deployable independently within vehicle minimizes computational cost associate growth distribute system democratizes decision make individual simulation variety vehicle type good passenger utility function show effectiveness approach compare method consider combine load transportation dynamic multi hop route planning', 'growth online good delivery cause dramatic surge urban vehicle traffic last mile delivery hand ride share rise success ride share platform increase research use autonomous vehicle technology rout matching future urban mobility passenger good relies leverage new method minimize operational cost environmental footprint transportation system paper considers combine passenger transportation good delivery improve vehicle base transportation even though problem study define dynamic model transportation system environment paper considers model free approach demonstrate adaptable new erratic environment dynamic propose flexpool distribute model free deep reinforcement learn algorithm jointly serve passenger good workload learn optimal dispatch policy interaction environment propose algorithm pool passenger ride share service delivers good use multi hop transit method flexibility decrease fleet operational cost environmental footprint maintain service level passenger good simulation realistic multi agent urban mobility platform demonstrate flexpool outperforms model free setting serve demand passenger good flexpool achieve high fleet utilization high fuel efficiency comparison model free approach vehicle transport combination passenger good without use multi hop transit ii model free approach vehicle exclusively transport either passenger good', 'significant development ride share service present plethora opportunity transform urban mobility provide personalized convenient transportation ensure efficiency large scale ride pool however core problem service route planning driver fulfill dynamically arrive request satisfy give constraint current model mostly limit static route two ride per vehicle optimally three heuristic paper present dynamic demand aware pricing base vehicle passenger match route planning framework dynamically generate optimal route vehicle base online demand pricing associate ride vehicle capacity location match algorithm start greedily optimizes time use insertion operation involve driver decision make process allow propose different price base expect reward particular ride well destination location future ride influence supply demand compute deep q network allow customer accept reject ride base set preference respect price delay window vehicle type carpooling preference base demand prediction approach balance idle vehicle dispatch area anticipate high demand use deep reinforcement learn rl framework validate use new york city taxi public dataset however consider different vehicle type design customer utility function validate setup study different setting experimental result show effectiveness approach real time large scale setting']",22167
60,83,60_vehicle rout_rout_vrp_delivery,"['vehicle rout', 'rout', 'vrp', 'delivery', 'route', 'truck', 'customer', 'drone', 'vehicle', 'crew']","['crew pair optimization cpo critical airline business viability give crew operate cost second fuel cost cpo aim generate set flight sequence crew pairing cover schedule flight minimum cost satisfy several legality constraint state art heavily rely relax underlie integer program problem linear program problem turn solve column generation cg technique however alarmingly expand airline operation cpo mar curse dimensionality render exact cg implementation obsolete necessitate heuristic base cg implementation yet literature much prevalent large scale complex flight network involve multiple crew base hub speak sub network largely remain uninvestigated paper propose novel cg heuristic enable house development airline crew pair optimizer aircrop efficacy heuristic aircrop test real world large scale complex network instance flight crew base multiple hub speak sub network result billion plus possible pairing notably paper dedicate focus propose cg heuristic entire aircrop framework base balance random exploration pairing exploitation domain knowledge optimal solution feature utilization past computational search effort archive though paper airline context propose cg heuristic may find wider application across different domain serve template utilize domain knowledge well tackle combinatorial optimization problem', 'past year unman aerial vehicle uav also know drone adopt part new logistic method commercial sector call last mile delivery novel approach deploy alongside truck deliver good customer improve quality service reduce transportation cost approach give rise new variant travel salesman problem tsp call tsp drone tsp variant problem aim minimize time truck drone finish service word maximize quality service study work murray chu contrast paper consider new variant tsp objective minimize operational cost include total transportation cost one create waste time vehicle wait problem first formulate mathematically two algorithm propose solution first algorithm tsp l adapt approach propose murray chu optimal tsp solution convert feasible tsp solution local search second algorithm greedy randomize adaptive search procedure grasp base new split procedure optimally split tsp tour tsp solution tsp solution generate improved local search operator numerical result obtain various instance objective function different size characteristic present result show grasp outperforms tsp ls term solution quality acceptable running time', 'unlike deterministic counterpart static stochastic vehicle rout problem ss vrp aim model solve real life operational problem consider uncertainty data consider ss vrptw cr introduce saint guillain et al like s vrp introduce bertsimas search optimal first stage route fleet vehicle handle set stochastic customer demand e demand uncertain know probability addition capacity constraint customer demand also constrain time window unlike s vrp variant ss vrptw cr make assumption time stochastic demand reveal e reveal time stochastic well handle new problem introduce wait location vehicle assign sequence wait location may serve associate demand objective minimize expect number demand cannot satisfied time paper propose two new recourse strategy ss vrptw cr together close form expression efficiently compute expectation first one allow u take vehicle capacity account second one allow u optimize route avoid useless trip propose two algorithm search route optimal expect cost first one extend branch cut algorithm base stochastic integer formulation second one local search base heuristic method also introduce new public benchmark s vrptw cr base real world data come city lyon evaluate two algorithms benchmark empirically demonstrate expect superiority s vrptw cr anticipative action basic wait serve policy']",22167
61,83,61_voter_vote_voting_voting rule,"['voter', 'vote', 'voting', 'voting rule', 'approval', 'election', 'candidate', 'bribery', 'committee', 'winner']","['study complexity various bribery problem one main research focus computational social choice model bribery study far briber pay every voter amount money depend briber want voter report briber budget disposal although model successfully capture many real world application many scenario voter may unwilling deviate much true preference paper study computational complexity problem find preference profile close true preference profile possible still achieve briber goal subject budget constraint call problem optimal bribery consider three important measure distance namely swap distance footrule distance maximum displacement distance resolve complexity optimal bribery problem many common voting rule show problem polynomial time solvable plurality veto voting rule three measure distance hand prove problem np complete class scoring rule include borda vote rule maximin copeland alpha alpha bucklin voting rule three measure distance even distance allow per voter swap maximum displacement distance footrule distance even without budget constraint correspond infinite budget k approval voting rule constant k simplify bucklin voting rule show problem np complete swap distance even distance allow footrule distance even distance allow even without budget constraint', 'many real world situation collective decision make use vote scenario committee board election employ voting rule return multiple winner multi winner approval vote av agent submits ballot consist approval many candidate wish winner choose tally vote choose top k candidate receive approval many scenario agent may manipulate ballot submit order achieve good outcome vote way reflect true preference complex uncertain situation agent may use heuristic instead incur additional effort require compute manipulation favor paper examine vote behavior single winner multi winner approval vote scenario vary degree uncertainty use behavioral data obtain mechanical turk find people generally manipulate vote obtain good outcome often identify optimal manipulation number predictive model agent behavior comsoc psychology literature base cognitively plausible heuristic strategy show exist approach adequately model real world data propose novel model take account size winning set human cognitive constraint demonstrate model effective capture real world behavior multi winner approval voting scenario', 'bribery election important problem computational social choice theory however bribery money often illegal election motivate introduce notion frugal bribery formulate two new pertinent computational problem call frugal bribery frugal bribery capture bribery without money election propose model briber frugal nature capture inability bribe vote certain kind namely non vulnerable vote frugal bribery problem goal make certain candidate win election change vulnerable vote frugal dollar bribery problem vulnerable vote price goal make certain candidate win election change vulnerable vote subject budget constraint briber formulate two natural variant frugal dollar bribery problem namely uniform frugal dollar bribery nonuniform frugal dollar bribery price vulnerable vote respectively different study computational complexity problem unweighted weighted election several commonly use voting rule observe even small number candidate problem intractable voting rule study weighted election sole exception frugal bribery problem plurality voting rule contrast polynomial time algorithms frugal bribery problem plurality veto k approval k veto plurality runoff vote rule unweighted election however frugal dollar bribery problem intractable voting rule study bar plurality veto voting rule unweighted election']",22167
62,82,62_attribution_interpretability_saliency_explanation,"['attribution', 'interpretability', 'saliency', 'explanation', 'cam', 'prototype', 'grad cam', 'grad', 'saliency map', 'bla']","['machine learn widely adopt many domain include high stake application healthcare finance criminal justice address concern fairness accountability transparency prediction make machine learn model critical domain must interpretable one line work approach challenge integrate power deep neural network interpretability case base reason produce accurate yet interpretable image classification model model generally classify input image compare prototype learn train yield explanation form look like however method line work use spatially rigid prototype cannot explicitly account pose variation paper address shortcoming propose case base interpretable neural network provide spatially flexible prototype call deformable prototypical part network deformable protopnet deformable protopnet prototype make several prototypical part adaptively change relative spatial position depend input image enable prototype detect object feature high tolerance spatial transformation part within prototype allow move consequently deformable protopnet explicitly capture pose variation improve model accuracy richness explanation provide compare case base interpretable model use prototype approach achieves competitive accuracy give explanation great context easy train thus enable wider use interpretable model computer vision', 'image recognition prototype consider interpretable alternative black box deep learning model classification depend extent test image look like prototype however perceptual similarity human different similarity learn classification model hence visualise prototype insufficient user understand prototype exactly represent model considers prototype image similar address ambiguity argue prototype explain improve interpretability automatically enhance visual prototype textual quantitative information visual characteristic deem important classification model specifically method clarifies mean prototype quantify influence colour hue shape texture contrast saturation generate global local explanation generality approach improve interpretability similarity base method prototypical image recognition experiment apply method exist prototypical part network protopnet analysis confirm global explanation generalisable often correspond visually perceptible property prototype explanation especially relevant prototype might interpret incorrectly otherwise explain mislead prototype improve interpretability simulatability prototype base classification model also use method check whether visually similar prototype similar explanation able discover redundancy code available http github com nauta explain prototype', 'propose technique produce visual explanation decision large class cnn base model make transparent approach gradient weight class activation map grad cam use gradient target concept flow final convolutional layer produce coarse localization map highlight important region image predict concept grad cam applicable wide variety cnn model family cnns fully connect layer cnns use structured output cnns use task multimodal inputs reinforcement learn without architectural change train combine grad cam fine grain visualization create high resolution class discriminative visualization apply shelf image classification caption visual question answer vqa model include resnet base architecture context image classification model visualization lend insight failure modes b robust adversarial image c outperform previous method localization faithful underlying model e help achieve generalization identify dataset bias caption vqa show even non attention base model localize input devise way identify important neuron grad cam combine neuron name provide textual explanation model decision finally design conduct human study measure grad cam help user establish appropriate trust prediction model show grad cam help untrained user successfully discern strong nodel weak one even make identical prediction code available http github com ramprs grad cam along demo http gradcam cloudcv org video youtu cojub izk e']",22167
63,79,63_dempster_shafer_belief function_dempster shafer,"['dempster', 'shafer', 'belief function', 'dempster shafer', 'belief', 'combination rule', 'shafer evidence', 'evidence', 'mte', 'mass function']","['real world information fusion situation time critical decision must make incomplete information set belief function theory e g dempster shafer theory evidence transferable belief model show provide reasonable methodology process fuse quantitative clue information measurement form incomplete information set decision make pignistic latin pignus bet probability transform show good method use belief basic belief assignment bbas make decision many system one need address probable element set critical system one must evaluate risk wrong decision establish safe probability threshold decision make add great complexity decision make since one must address element set risk decision threshold problem greatly simplify probability fall threshold finding probability transform properly represent mix low high probability event essential article introduces four new pignistic probability transforms implementation use late value beliefs plausibility bbas improve pignistic probability estimate assign small value probability small value beliefs bbas smets pignistic transform also assign high probability value large value beliefs bbas smets pignistic transform probability transforms assign value probability converge fast value risk threshold probability information content pic variable also introduce assigns information content value set probability four operator define help simplify derivation', 'dempster shafer evidence theory widely use various field application flexibility effectiveness model uncertainty without prior information besides proven quantum theory powerful capability solve decision making problem especially model human decision cognition however classical dempster shafer evidence theory model real number cannot integrate directly quantum theory model complex number establish bridge communication classical dempster shafer evidence theory quantum theory answer question generalize dempster shafer evidence theory propose paper main contribution study unlike exist evidence theory mass function generalize dempster shafer evidence theory model complex number call complex mass function addition compare classical dempster combination rule condition term conflict coefficient two evidence k release generalized dempster combination rule general applicable classical dempster combination rule complex mass function degenerate complex number real number generalize dempster combination rule degenerate classical evidence theory condition conflict coefficient evidence k less numerical example illustrate show efficiency generalize dempster shafer evidence theory finally application evidential quantum dynamical model implement integrate generalize dempster shafer evidence theory quantum dynamical model experimental result validate feasibility effectiveness propose method', 'dempster shafer evidence theory widely use various field application flexibility effectiveness model uncertainty without prior information however exist evidence theory insufficient consider situation capability express fluctuation data give phase time execution uncertainty imprecision inevitably involve data occur concurrently change phase periodicity data paper therefore generalize dempster shafer evidence theory propose specific mass function generalize dempster shafer evidence theory model complex number call complex basic belief assignment powerful ability express uncertain information base generalize dempster combination rule exploit contrast classical dempster combination rule condition term conflict coefficient evidence k release generalized dempster combination rule hence general applicable classical dempster combination rule complex mass function degenerate complex number real number generalize dempster combination rule degenerate classical evidence theory condition conflict coefficient evidence k less word generalize dempster shafer evidence theory provide promising way model handle uncertain information']",22167
64,79,64_gpu_parallelism_workload_hpc,"['gpu', 'parallelism', 'workload', 'hpc', 'gpus', 'mpi', 'cpu', 'distribute', 'tensorflow', 'distribute deep']","['reduce training time large scale dnns scientist start explore parallelization strategy like data parallelism model parallelism hybrid parallelism data parallelism extensively study developed several problem exist realize model parallelism hybrid parallelism efficiently four major problem focus define notion distribute model across process implement forward back propagation across process boundary require explicit communication obtain parallel speedup inherently sequential task achieve scalability without lose model accuracy address problem create hypar flow model size type agnostic scalable practical user transparent system hybrid parallel training exploit mpi kera tensorflow hypar flow provide single api use perform data model hybrid parallel training kera model scale create internal distributed representation user provide kera model utilize tf eager execution feature distribute forward back propagation across process exploit pipelining improve performance leverage efficient mpi primitive scalable communication model partition use send recv exchange layer data partial error allreduce use accumulate average gradient across model replica beyond design implementation hypar flow also provide comprehensive correctness performance result three state art hpc system include tacc frontera top org resnet ultra deep model hypar flow provide x speedup horovod base data parallel train x speedup single node stampede node x speedup single node frontera node', 'discuss practical method ensure near wirespeed performance cluster either one two intel r omni path host fabric interface hfi per node intel r xeon phi tm xx knight land processor use linux operate system study evaluate performance improvement achievable require programming approach two distinct example problem firstly cartesian communicator halo exchange problem appropriate structure grid pde solver arise quantum chromodynamics simulation particle physic secondly gradient reduction appropriate synchronous stochastic gradient descent machine learn example accelerate publish baidu research reduction code obtain factor ten speedup original code use technique discuss paper display factor ten speedup strongly scale distribute machine learning could achieve synchronous stochastic gradient descent massively parallelised fix mini batch size find significant improvement performance robustness memory obtain use carefully allocate mb huge virtual memory page imply either non standard allocation routine use communication buffer access via ld preload override manner suggest libhugetlbfs make use intel r mpi library technology preview underlie software enable thread concurrency throughout communication software stake via multiple psm endpoint per process use multiple independent mpi communicator use single mpi process per node find greatly accelerate delivered bandwidth many core intel r xeon phi processor', 'python become dominant programming language emerge area like machine learn ml deep learning dl data science d attractive feature python provide easy use program interface allow library developer enhance performance application harness compute power offer high performance compute hpc platform efficient communication key scale application parallel system typically enabled message pass interface mpi standard compliant library hpc hardware mpi py python base communication library provide mpi like interface python application allow application developer utilize parallel processing element include gpus however currently benchmark suite evaluate communication performance mpi py python mpi cod general modern hpc system order bridge gap propose omb py python extension open source osu micro benchmark omb suite aim evaluate communication performance mpi base parallel application python best knowledge omb py first communication benchmark suite parallel python application omb py consist variety point point collective communication benchmark test implement range popular python library include numpy cupy numba pycuda also provide python implementation several distribute ml algorithms benchmark understand potential gain performance ml dl workloads evaluation reveals mpi py introduces small overhead compare native mpi library also evaluate ml dl workload report x speedup cpu core compare sequential execution plan publicly release omb py benefit python hpc community']",22167
65,78,65_domain adaptation_uda_adaptation_target domain,"['domain adaptation', 'uda', 'adaptation', 'target domain', 'source domain', 'unsupervised domain', 'domain', 'domain generalization', 'target', 'source target']","['unsupervised domain adaptation aim train model label source domain make prediction unlabeled target domain data distribution two domain different result need reduce data distribution difference two domain improve model generalization ability exist method tend align two domain directly domain level perform class level domain alignment base deep feature former ignores relationship various class two domain may cause serious negative transfer latter alleviate introduce pseudo label target domain consider importance perform class level alignment shallow feature representation paper develop work method class level alignment propose method reduce difference two domain dramaticlly align multi level feature case two domain share label space class level alignment implement introduce multi level feature contrastive network mlfcnet practice since category sample target domain unavailable iteratively use cluster algorithm obtain pseudo label minimize multi level contrastive discrepancy mlcd loss achieve accurate class level alignment experiment three real world benchmarks imageclef da office office home demonstrate mlfcnet compare favorably exist state art domain adaptation method', 'self supervise learn ssl recently become favorite among feature learn methodology therefore appeal domain adaptation approach consider incorporate ssl intuition enforce instance level feature consistency predictor become somehow invariant across domain however exist ssl method regime domain adaptation usually treat standalone auxiliary component leave signature domain adaptation unattended actually optimal region domain gap vanishes instance level constraint ssl peruses may coincide point present particular paradigm self supervise learning tailor domain adaptation e transferrable contrastive learning tcl link ssl desire cross domain transferability congruently find contrastive learning intrinsically suitable candidate domain adaptation instance invariance assumption conveniently promote cross domain class level invariance favor domain adaptation task base particular memory bank construction pseudo label strategy tcl penalizes cross domain intra class domain discrepancy source target clean novel contrastive loss free lunch thanks incorporation contrastive learning tcl relies move average key encoder naturally achieve temporally ensembled version pseudo label target data avoids pseudo label error propagation extra cost tcl therefore efficiently reduce cross domain gap extensive experiment benchmarks office home visda digits five pac domainnet single source multi source domain adaptation task tcl demonstrate state art performance', 'unsupervised domain adaptation uda semantic segmentation aim adapt segmentation model train label source domain unlabeled target domain exist method try learn domain invariant feature suffer large domain gap make difficult correctly align discrepant feature especially initial train phase address issue propose novel dual soft paste dsp method paper specifically dsp selects class source domain image use long tail class first sample strategy softly paste correspond image patch source target training image fusion weight technically adopt mean teacher framework domain adaptation paste source target image go student network original target image go teacher network output level alignment carry align probability map target fuse image network use weighted cross entropy loss addition feature level alignment carry aligning feature map source target image student network use weighted maximum mean discrepancy loss dsp facilitate model learn domain invariant feature intermediate domain lead faster convergence well performance experiment two challenge benchmark demonstrate superiority dsp state art method code available url http github com gaolii dsp']",22167
66,78,66_face_face recognition_facial_makeup,"['face', 'face recognition', 'facial', 'makeup', 'landmark', 'face image', 'occlusion', 'base face', 'facial expression', 'makeup transfer']","['deep learning method bring many breakthrough computer vision especially face recognition however bottleneck deep learning base face recognition difficult collect million face whether industry academia view situation many method generate face exist face face data augmentation use train deep face recognition model however best knowledge method generate face face image train deep face recognition model letter focus role reconstruct facial surface face identification proposes framework aided deep face identification particular propose reconstruct million face scan large scale face database e vggface use deep learning base face reconstruction method e expnet adopt two phase training approach first phase use million face image pre train deep convolutional neural network dcnn second phase use normal component image nci reconstruct face scan train dcnn extensive experimental result illustrate propose approach greatly improve rank score face identification frgc v bosphorus bu dfe face database compare model train face image finally propose approach achieve state art rank score frgc v bosphorus bu dfe databases experimental result show reconstructed facial surface useful aid deep face identification framework meaningful facing scarcity face', 'face play magnificent role human robot interaction daily life inherent ability human mind facilitate u recognize person exploit various challenge bad illumination occlusion pose variation etc involved face recognition complex task nature identify human face humanoid robot recent literature face biometric recognition extremely rich application structure environment solve human identification problem application face biometric mobile robotics limited inability produce accurate identification uneven circumstance exist face recognition problem tackle propose component base fragmented face recognition framework propose framework us subset full face eye nose mouth recognize person less search cost encouraging accuracy ability handle various challenge face recognition offer applicability humanoid robot second problem face recognition face spoof face recognition system able distinguish person imposter photo video genuine user problem become detrimental robot use authenticator depth analysis method investigate research work test liveness imposter discriminate legitimate user implication previous earn technique use respect criminal identification nao robot eyewitness interact nao user interface nao ask several question suspect age height facial shape size etc make guess face', 'recent year advent deep learn face recognition achieve exceptional success however many deep face recognition model perform much well handle frontal face compare profile face major reason poor performance handle profile face inherently difficult learn pose invariant deep representation useful profile face recognition paper hypothesize profile face domain possesses latent connection frontal face domain latent feature subspace look exploit latent connection project profile face frontal face common latent subspace perform verification retrieval latent domain leverage couple conditional generative adversarial network cpgan structure find hidden relationship profile frontal image latent common embed subspace specifically cpgan framework consist two conditional gan base sub network one dedicate frontal domain dedicate profile domain sub network tend find projection maximizes pair wise correlation two feature domain common embed feature subspace efficacy approach compare state art demonstrate use cfp cmu multi pie ijb ijb c datasets additionally also implement couple convolutional neural network cpcnn adversarial discriminative domain adaptation network adda profile frontal face recognition evaluate performance cpcnn adda compare propose cpgan finally also evaluate cpgan reconstruction frontal face input profile face contain vggface dataset']",22167
67,75,67_cfr_regret_equilibrium_form game,"['cfr', 'regret', 'equilibrium', 'form game', 'regret minimization', 'counterfactual regret', 'nash', 'nash equilibrium', 'zero sum', 'game']","['paper investigate population base training regime base game theoretic principle call policy space response oracle psro psro general sense encompass well know algorithms fictitious play double oracle special case principle apply general sum many player game despite prior study psro focus two player zero sum game regime wherein nash equilibrium tractably computable move two player zero sum game general setting computation nash equilibrium quickly become infeasible extend theoretical underpinnings psro consider alternative solution concept alpha rank unique thus face equilibrium selection issue unlike nash applies readily general sum many player setting establish convergence guarantee several game class identify link nash equilibrium alpha rank demonstrate competitive performance alpha rank base psro exact nash solver base psro player kuhn leduc poker go beyond reach prior psro application consider player poker game yield instance alpha rank achieves faster convergence approximate nash solver thus establish favorable general game solver also carry initial empirical validation mujoco soccer illustrate feasibility propose approach another complex domain', 'regret minimization powerful tool solve large scale extensive form game state art method rely minimize regret locally decision point work derive new framework regret minimization sequential decision problem extensive form game general compact convex set decision point general convex loss oppose prior work simplex decision point linear loss call framework laminar regret decomposition generalizes cfr algorithm general set furthermore framework enable new proof cfr even know set derive perspective decompose polytope regret thereby lead arguably simple interpretation algorithm generalization convex compact set convex loss allow u develop new algorithms several problem regularize sequential decision make regularized nash equilibrium extensive form game compute approximate extensive form perfect equilibrium generalization also lead first regret minimization algorithm compute reduce normal form quantal response equilibrium base minimize local regret experiment show framework lead algorithms scale rate comparable fast variant counterfactual regret minimization compute nash equilibrium therefore approach lead first algorithm compute quantal response equilibrium extremely large game finally show framework enable new kind scalable opponent exploitation approach', 'counterfactual regret minimization cfr popular method find approximate nash equilibrium two player zero sum game imperfect information cfr solve game travsersing full game tree iteratively limit scalability large game apply cfr solve large scale game previously large scale game abstract small scale game firstly secondly cfr use solve abstract game finally solution strategy map back original large scale game however process require considerable expert knowledge accuracy abstraction closely related expert knowledge addition abstraction also lose certain information eventually affect accuracy solution strategy towards problem recent method textit deep cfr alleviates need abstraction expert knowledge apply deep neural network directly cfr full game paper introduces textit neural network counterfactual regret minimization nncfr improve variant textit deep cfr faster convergence construct duel netwok value network moreover evaluation module design combine value network monte carlo reduce approximation error value network addition new loss function design procedure training policy network propose textit nncfr good make policy network stable extensive experimental test conduct show textit nncfr converges faster performs stable textit deep cfr outperforms textit deep cfr respect exploitability head head performance test game']",22167
68,72,68_trading_stock_market_portfolio,"['trading', 'stock', 'market', 'portfolio', 'financial', 'asset', 'stock market', 'trading strategy', 'price', 'portfolio management']","['present simple model non equilibrium self organize market asset price partially drive investment decision bound rational agent agent act stochastic market environment driven various exogenous alpha signal agent action via market impact noise unlike traditional agent base model agent aggregate trader market rather representative agent therefore identify bounded rational component market provide particular implementation invisible hand market mechanism set market dynamic model fictitious self play bound rational market agent adversarial stochastic environment reward obtain self play market agent observe market data formulate solve simple model market dynamic base neuroscience inspire bound rational information theoretic inverse reinforcement learn brit irl result effective asset price dynamic non linear mean reversion model generate dynamically rather postulated argue model use similar way black litterman model particular represent simple model framework market view common predictive signal market impact imply optimal dynamic portfolio allocation use assess value private signal moreover allow one quantify market imply optimal investment strategy along measure market rationality approach numerically light implement use standard shelf software tensorflow', 'financial portfolio management one applicable problem reinforcement learn rl owe sequential decision making nature exist rl base approach inspire often lack scalability reusability profundity intake information accommodate ever change capital market paper propose mspm modularized scalable multi agent rl base system financial portfolio management mspm involve two asynchronously updated unit evolve agent module eam strategic agent module sam self sustain eam produce signal comprised information specific asset use heterogeneous data input eam employ reusability connection multiple sam sam responsible asset reallocation portfolio use profound information connect eams elaborate architecture multi step condensation volatile market information mspm aim provide customizable stable dedicate solution portfolio management unlike exist approach also tackle data shortage issue newly list stock transfer learn validate indispensability eam four different portfolio experiment year u stock market data prove effectiveness mspm profit accumulation outperformance exist benchmark', 'prediction quantification future volatility return play important role financial model portfolio optimization risk management natural language processing today allow process news social medium comment detect signal investor confidence explore relationship sentiment extract financial news tweet ftse movement investigated strength correlation sentiment measure give day market volatility return observed next day finding suggest evidence correlation sentiment stock market movement sentiment capture news headline could use signal predict market return apply volatility also surprising find sentiment find twitter comment obtain correlation coefficient p value indicate strong negative correlation positive sentiment capture tweet give day volatility observe next day develop accurate classifier prediction market volatility response arrival new information deploy topic model base latent dirichlet allocation extract feature vector collection tweet financial news obtain feature use additional input classifier thanks combination sentiment topic model classifier achieve directional prediction accuracy volatility']",22167
69,69,69_traffic_urban_city_traffic flow,"['traffic', 'urban', 'city', 'traffic flow', 'travel', 'road', 'flow', 'flow prediction', 'gps', 'transportation']","['air traffic flow capacity management atfcm one constituent part air traffic management atm goal atfcm make airport airspace capacity meet traffic demand capacity opportunity exhaust optimise traffic flow meet available capacity one key enablers atfcm accurate estimation future traffic demand available information schedule flight plan etc associate level uncertainty differ across different atfcm planning phase lead qualitative difference type forecast feasible time horizon abundant research conduct tactical trajectory prediction e day operation trajectory prediction pre tactical phase flight plan available receive much less attention consequence method currently use pre tactical traffic forecast still rather rudimentary often result suboptimal atfcm decision make paper proposes machine learn approach prediction airline route choice two airport function route characteristic flight efficiency air navigation charge expect level congestion different predictive model base multinomial logistic regression decision tree formulate calibrated historical traffic data critical evaluation model conduct analyse predictive power model term ability forecast traffic volume level charge zone prove significant potential enhance pre tactical traffic forecast conclude discuss limitation room improvement propose approach well future development require produce reliable traffic forecast high spatial temporal resolution', 'traffic congestion signalize intersection greatly reduce travel time reliability urban area adaptive signal control system ascs advance traffic signal technology regulate signal phasing timing consider pattern real time order reduce congestion real time prediction queue length use adjust phase timing different movement intersection ascs accuracy prediction varies base factor stochastic nature vehicle arrival rate time day weather driver characteristic addition accurate prediction multilane undersaturated saturated traffic scenario challenge thus objective study develop queue length prediction model signalize intersection leverage ascs use four variation grey system first order single variable grey model gm ii gm fourier error correction iii grey verhulst model gvm iv gvm fourier error correction efficacy gm facilitate fast processing model require large amount data would need artificial intelligence model able adapt stochastic change unlike statistical model conduct case study use queue length data five intersection ascs calibrate roadway network lexington south carolina gm compare linear nonlinear time series model long short term memory lstm neural network base analysis find egvm reduces prediction error close compete model e lstm time series model predict average maximum queue length respectively term root mean square error respectively term mean absolute error', 'forecast flow crowd great importance traffic management public safety challenge affect many complex factor include spatial dependency nearby distant temporal dependency closeness period trend external condition e g weather event propose deep learning base approach call st resnet collectively forecast two type crowd flow e inflow outflow every region city design end end structure st resnet base unique property spatio temporal data specifically employ residual neural network framework model temporal closeness period trend property crowd traffic property design branch residual convolutional unit model spatial property crowd traffic st resnet learns dynamically aggregate output three residual neural network base data assign different weight different branch region aggregation combine external factor weather day week predict final traffic crowd every region develop real time system base microsoft azure cloud call urbanflow providing crowd flow monitoring forecast guiyang city china addition present extensive experimental evaluation use two type crowd flow beijing new york city nyc st resnet outperforms nine well know baseline']",22167
70,68,70_transformer_vision transformer_vit_self attention,"['transformer', 'vision transformer', 'vit', 'self attention', 'token', 'attention', 'vits', 'vision', 'mlp', 'mixer']","['recently vision transformer vit continuously establish new milestone computer vision field high computation memory cost make propagation industrial production difficult prune traditional model compression paradigm hardware efficiency widely apply various dnn structure nevertheless stay ambiguous perform exclusive prune vit structure consider three key point structural characteristic internal data pattern vits relate edge device deployment leverage input token sparsity propose computation aware soft pruning framework set vanilla transformer flatten cnn type structure pool base vit pit concretely design dynamic attention base multi head token selector lightweight module adaptive instance wise token selection introduce soft pruning technique integrate less informative token generate selector module package token participate subsequent calculation rather completely discarded framework bound trade accuracy computation constraint specific edge device propose computation aware train strategy experimental result show framework significantly reduces computation cost vits maintain comparable performance image classification moreover framework guarantee identify model meet resource specification mobile device fpga even achieve real time execution deit mobile platform example method reduce latency deit m sim superior exist work mobile device sim high top accuracy imagenet code release soon', 'past ten year cnn reign supreme world computer vision recently transformer rise however quadratic computational cost self attention become serious problem practice application much research architectures without cnn self attention context particular mlp mixer simple architecture design use mlps hit accuracy comparable vision transformer however inductive bias architecture embed token leave open possibility incorporate non convolutional non local inductive bias architecture use two simple idea incorporate inductive bias mlp mixer take advantage ability capture global correlation way divide token mix block vertically horizontally another way make spatial correlation denser among channel token mix approach able improve accuracy mlp mixer reduce parameter computational complexity small model raftmlp comparable state art global mlp base model term parameter efficiency per calculation addition tackle problem fix input image resolution global mlp base model utilize bicubic interpolation demonstrate model could apply backbone architecture downstream task object detection however significant performance mention need mlp specific architecture downstream task global mlp base model source code pytorch version available url http github com okojoalg raft mlp', 'vision transformer vit variant e g swin pvt achieve great success various computer vision task owe capability learn long range contextual information layer normalization ln essential ingredient model however find ordinary ln make token different position similar magnitude normalizes embeddings within token difficult transformer capture inductive bias positional context image ln tackle problem propose new normalizer term dynamic token normalization dtn normalization perform within token intra token across different token inter token dtn several merit firstly build unified formulation thus represent various exist normalization method secondly dtn learns normalize token intra token inter token manner enable transformer capture global contextual information local positional context thirdly simply replace ln layer dtn readily plug various vision transformer vit swin pvt levit vit bigbird reformer extensive experiment show transformer equip dtn consistently outperform baseline model minimal extra parameter computational overhead example dtn outperform ln top accuracy imagenet box ap object detection coco benchmark mce robustness experiment imagenet c accuracy long listops long range arena code make public url http github com wqshao dtn']",22167
71,68,71_mining_pattern mining_pattern_itemset,"['mining', 'pattern mining', 'pattern', 'itemset', 'sequential pattern', 'frequent', 'subsequence', 'itemset mining', 'itemsets', 'frequent pattern']","['paper introduce increase belief criterion association rule mining criterion use recursive application bayes theorem compute rule belief extract rule require belief increase last observation extend taxonomy association rule mine algorithms new branch bayesian rule mining brm use increase belief rule selection criterion contrast well establish frequent association rule mining frm branch relies minimum support concept extract rule derive property increase belief criterion increase belief boundary prior worry conjunctive premise subsequently implement brm algorithm use increase belief criterion illustrate functionality three experiment proof concept illustrate brm property analysis relate socioeconomic information chemical exposure data mining behaviour routine patient undergo neurological rehabilitation illustrate brm capable extract rare rule suffer support dilution furthermore show brm focus individual event generate process frm focus commonality consider brm increase belief alternative criterion threshold rule support often apply frm determine rule usefulness', 'pattern sample propose potential solution infamous pattern explosion instead enumerate pattern satisfy constraint individual pattern sample proportional give quality measure several sample algorithm propose limitation come flexibility term quality measure constraint use guarantee respect sample accuracy therefore present flexics first flexible pattern sampler support broad class quality measure constraint provide strong guarantee regard sample accuracy achieve leverage perspective pattern mining constraint satisfaction problem build upon late advance sample solution sat well exist pattern mining algorithm furthermore propose algorithm applicable variety pattern languages allow u introduce tackle novel task sample set pattern introduce empirically evaluate two variant flexics generic variant address well know itemset sample task novel pattern set sample task well wide range expressive constraint within task specialize variant exploit exist frequent itemset technique achieve substantial speed ups experiment show flexics accurate efficient make useful tool pattern base data exploration', 'base analysis proportion utility support transaction use field data mining high utility occupancy pattern mining huopm recently attract widespread attention unlike high utility pattern mining hupm involve enumeration high utility e g profitable pattern huopm aim find pattern represent collection exist transaction practical application however pattern use valuable example pattern might contain many item pattern might specific therefore lack value user real life achieve qualify pattern flexible length constrain minimum maximum length mine process introduce novel algorithm mining flexible high utility occupancy pattern algorithm refer huopm ensure flexibility pattern tighten upper bound utility occupancy strategy call length upper bound lub present prune search space addition utility occupancy nest list uo nlist frequency utility occupancy table fuo table employ avoid multiple scan database evaluation result subsequent experiment confirm propose algorithm effectively control length derive pattern real world synthetic datasets moreover decrease execution time memory consumption']",22167
72,67,72_eeg_bci_eeg signal_sleep,"['eeg', 'bci', 'eeg signal', 'sleep', 'brain computer', 'computer interface', 'brain', 'seizure', 'electroencephalography', 'electroencephalography eeg']","['lack adequate training sample noisy high dimensional feature key challenge face motor imagery mi decode algorithms electroencephalogram eeg base brain computer interface bci address challenge inspire neuro physiological signature mi paper proposes novel filter bank convolutional network fbcnet mi classification fbcnet employ multi view data representation follow spatial filtering extract spectro spatially discriminative feature multistage approach enables efficient training network even limit training data available significantly fbcnet propose novel variance layer effectively aggregate eeg time domain information design compare fbcnet state art sota bci algorithm four mi datasets bci competition iv dataset bcic iv openbmi dataset two large datasets chronic stroke patient result show achieve class classification accuracy fbcnet set new sota bcic iv dataset three datasets fbcnet yield higher binary classification accuracy additionally use explainable ai technique present one first report difference discriminative eeg feature healthy subject stroke patient also fbcnet source code available http github com ravikiran mane fbcnet', 'age process may lead cognitive physical impairment may affect elderly everyday life recent year use brain computer interface bcis base electroencephalography eeg reveal particularly effective promote enhance rehabilitation procedure especially exploit motor imagery experimental paradigm moreover bcis seem increase patient engagement prove reliable tool elderly overall wellness improvement however eeg signal usually present low signal noise ratio record limited time thus irrelevant information faulty sample could affect bci performance introduce methodology allow extraction informative component eeg signal maintaining intrinsic characteristic may provide solution describe issue noisy data may avoid relevant component combine relevant component may represent good strategy substitute data without require long repeat eeg recording moreover substitute faulty trial may significantly improve classification performance bci translate imagine movement rehabilitation system end work eeg signal decomposition mean multivariate empirical mode decomposition propose obtain oscillatory mode call intrinsic mode function imfs subsequently novel procedure relevant imf selection criterion base imf time frequency representation entropy provide verified reliability eeg signal reconstruction relevant imf relevant imf combine produce new artificial data provide new sample use bci training', 'objective use deep convolutional neural network dcnns classify electroencephalography eeg signal steady state visually evoke potential ssvep base single channel brain computer interface bci require calibration user method eeg signal convert spectrogram serve input train dcnns use transfer learning technique also modify apply data augmentation method specaugment generally employ speech recognition furthermore comparison purpose classify ssvep dataset use support vector machine svms filter bank canonical correlation analysis fbcca result exclude evaluated user data fine tune process reach mean test accuracy mean f score subject open dataset use small data length one electrode oz dcnn transfer learn window slice ws specaugment time mask conclusion dcnn result surpass svm fbcca performance use single electrode small data length transfer learn provide minimal accuracy change make training faster specaugment create small performance improvement successfully combine w yield high accuracy significance present new methodology solve problem ssvep classification use dcnns also modify speech recognition data augmentation technique apply context bcis present methodology surpass performance obtain fbcca svms traditional ssvep classification method bcis small data length one electrode type bci use develop small fast system']",22167
73,63,73_epistemic_epistemic logic_epistemic planning_del,"['epistemic', 'epistemic logic', 'epistemic planning', 'del', 'gossip', 'agent epistemic', 'announcement', 'gossip protocol', 'dynamic epistemic', 'agent know']","['epistemic planning ep refers automate plan set agent reason space knowledge state try find plan reach desirable state current state general form multi agent epistemic planning mep problem involve multiple agent need reason state world information flow agent mep problem multiple approach develop recently vary restriction consider concept knowledge allow idea belief allow complex modal operator need handle dynamic common knowledge diversity approach lead deep understanding problem space lack standardized way specify mep problem independently solution approach create difficulty compare performance planner identify promise technique explore new strategy like ensemble method make easy new researcher contribute research area address situation propose unified way specify ep problem epistemic plan domain definition language e pddl show e ppdl support lead mep planner provide correspond parser code translate ep problem specify e pddl ep problem handle several planner work also useful build general epistemic planning environment envision meta cognitive module take plan problem e pddl identifies assess feature autonomously decide planner best one solve', 'many classical planning framework build first order language first order expressive power desirable compactly represent action via schema specify quantified condition neg exist x mathsf block door x contrast several recent epistemic planning framework build propositional epistemic logic epistemic language useful describe planning problem involve high order reason epistemic goal k neg mathsf problem paper develop first order version dynamic epistemic logic del framework example exist xk x exist mathsf block door formula formalism combine strength del high order reason first order logic lift representation model multi agent epistemic plan paper introduces epistemic language possible world semantics follow novel dynamic give first order action model execution via product update take advantage first order machinery epistemic action schema define provide compact problem independent domain description spirit pddl concern metatheory paper defines axiomatic normal term modal logic show canonical model theorem like result allows establish completeness frame characterization formula show decidability finite agent case show general completeness result dynamic extension reduction axiom', 'last year concept artificial intelligence become central different task concern daily life several working scenario among task automate plan always central ai research community particular manuscript focus specialized kind planning know multi agent epistemic planning mep epistemic planning ep refers automate plan set agent reason space knowledge beliefs state try find plan reach desirable state start one general form mep problem involve multiple agent need reason state world information flow agent tackle mep problem several tool develop diversity approach lead deep understanding problem space propose tool lack ability allow comprehensive investigation information flow objective work formalize environment complete characterization agent knowledge beliefs interaction update possible particular aim achieve goal define new action base language multi agent epistemic planning implement epistemic planner base solver provide tool flexible enough reason different domain e g economy security justice politics consider others knowledge belief could lead win strategy']",22167
74,63,74_character_document_document image_handwritten,"['character', 'document', 'document image', 'handwritten', 'ocr', 'chinese character', 'script', 'stroke', 'icdar', 'historical map']","['last decade blossom deep learning witness rapid development scene text recognition however recognition low resolution scene text image remain challenge even though super resolution method propose tackle problem usually treat text image general image ignore fact visual quality stroke atomic unit text play essential role text recognition accord gestalt psychology human capable compose part detail similar object guide prior knowledge likewise human observe low resolution text image inherently use partial stroke level detail recover appearance holistic character inspire gestalt psychology put forward stroke aware scene text image super resolution method contain stroke focus module sfm concentrate stroke level internal structure character text image specifically attempt design rule decompose english character digit stroke level pre train text recognizer provide stroke level attention map positional clue purpose control consistency generate super resolution image high resolution ground truth extensive experimental result validate propose method indeed generate distinguishable image textzoom manually construct chinese character dataset degrade ic furthermore since propose sfm use provide stroke level guidance train bring time overhead test phase code available http github com fudanvi fudanocr tree main text gestalt', 'handwritten character recognition hcr challenge learn problem pattern recognition mainly due similarity structure character different handwrite style noisy datasets large variety languages script hcr problem study extensively decade limit research script independent model factor like diversity script focus conventional research effort handcraft feature extraction technique language script specific always available unavailability public datasets cod reproduce result hand deep learning witness huge success different area pattern recognition include hcr provide end end learn e automate feature extraction recognition paper propose novel deep learning architecture exploit transfer learn image augmentation end end learn script independent handwritten character recognition call hcr net network base novel transfer learn approach hcr low layer pre train vgg network utilise due transfer learn image augmentation hcr net provide faster train good performance well generalisation experimental result publicly available datasets bangla punjabi hindi english swedish urdu farsi tibetan kannada malayalam telugu marathi nepali arabic language prove efficacy hcr net establishes several new benchmark reproducibility result advancement hcr research complete code publicly release href http github com jmdvinodjmd hcr net github', 'dead sea scroll tangible evidence bible ancient scribal culture palaeography study ancient handwrite provide access scribal culture however one problem traditional palaeography determine writer identity write style near uniform exemplify great isaiah scroll qisaa end use pattern recognition artificial intelligence technique innovate palaeography scroll regard writer identification pioneer microlevel individual scribe open access bible ancient scribal culture although many scholar believe qisaa write one scribe report new evidence break point series columns scroll without prior assumption writer identity base point cloud reduce dimensionality feature space find column first second half manuscript end two distinct zone scatter plot notably range digital palaeography tool address different featural aspect script sample secondary independent analysis assume writer difference use yet another independent feature method several different type statistical test switch point find column series clear phase transition apparent around column give statistically significant difference two half tertiary post hoc analysis perform demonstrate two main scribe responsible great isaiah scroll study shed new light bible ancient scribal culture provide new tangible evidence ancient biblical text copy single scribe multiple scribe could closely collaborate one particular manuscript']",22167
75,63,75_quantum_quantum like_order effect_cognition,"['quantum', 'quantum like', 'order effect', 'cognition', 'interference effect', 'quantum probability', 'quantum cognition', 'interference', 'response replicability', 'quantum decision']","['present general geometrico dynamical description physical abstract entity call general tension reduction gtr model state also measurement interaction represent associated outcome probability calculate underlying model hypothesis indeterminism manifest consequence unavoidable fluctuation experimental context accordance hidden measurement interpretation quantum mechanic structure state space hilbertian measurement universal kind e result average possible way select outcome gtr model provide prediction bear rule therefore provide natural complete version quantum mechanic however structure state space non hilbertian possible way select outcome available actualized prediction model generally differ quantum one especially sequential measurement consider paradigmatic example discuss take physic human cognition particular attention give known psychological effect like question order effect response replicability show able generate non hilbertian statistic also suggest realistic interpretation gtr model apply human cognition decision think could become generally adopt interpretative framework quantum cognition research', 'elaborate quantum model meaning associate corpus write document like page form world wide web end guide physicist construct quantum theory microscopic entity unlike classical object cannot fully represent spatial theater suggest similar construction need carry linguist computational scientist capture full meaning carry collection documental entity precisely show associate quantum like entity meaning language entity form printed document consider latter collection trace leave former specific result search action describe measurement word offer perspective collection document like web describe space manifestation complex entity qweb object model draw inspiration previous study operational realistic approach quantum physic quantum model human cognition decision make emphasize consistent qweb model need account observed correlation word appear printed document e g co occurrence latter would depend mean connection exist concept associate word respect show context interference quantum effect require explain probability calculate count relative number document contain certain word co ocurrrences word', 'general tension reduction gtr model recently consider derive quantum probability universal average possible form non uniform fluctuation explain considerable success describe experimental situation also outside domain physic instance ambit quantum model cognition decision yet result also highlight possibility observe violation prediction bear rule situation average would large enough would alter combination multiple measurement article show indeed case typical psychological measurement exhibit question order effect show statistic outcomes inherently non hilbertian require large framework gtr model receive exact mathematical description also consider another unsolved problem quantum cognition response replicability observe question order effect response replicability occur together situation cannot handle anymore quantum theory however show easily naturally describe gtr model base finding motivate adoption cognitive science hidden measurement interpretation quantum formalism gtr model generalization natural interpretational framework explain data psychological measurement conceptual entity']",22167
76,62,76_deepfake_deepfakes_face_spoof,"['deepfake', 'deepfakes', 'face', 'spoof', 'pixelation', 'fake', 'deepfake detection', 'anti spoof', 'privacy', 'face recognition']","['advance user friendly powerful video editing tool anyone easily manipulate video without leave prominent visual trace frame rate conversion fruc representative temporal domain operation increase motion continuity videos low frame rate use malicious counterfeiter video tamper generate fake frame rate video without improve quality mix temporally splice video fruc base frame interpolation scheme subtle artifact remain interpolated frame often difficult distinguish hence detect forgery trace critical issue video forensics paper propose frame rate conversion detection network fcdnet learn forensic feature cause fruc end end fashion propose network use stack consecutive frame input effectively learns interpolation artifact use network block learn spatiotemporal feature study first attempt apply neural network detection fruc moreover cover follow three type frame interpolation scheme near neighbor interpolation bilinear interpolation motion compensate interpolation contrast exist method exploit frame verify integrity propose approach achieve high detection speed observe six frame test authenticity extensive experiment conduct conventional forensic method neural network video forensic task validate research propose network achieve state art performance term detect interpolated artifact fruc experimental result also demonstrate trained model robust unseen dataset unlearned frame rate unlearned quality factor', 'date privacy protection intend pixelation task still labor intensive yet study prevail video live streaming establish online face pixelation mechanism stream urgency paper develop new method call face pixelation video live streaming fpvls generate automatic personal privacy filter unconstrained stream activity simply apply multi face tracker encounter problem target drift compute efficiency pixelation therefore fast accurate pixelation irrelevant people face fpvls organize frame video structure two core stage individual frames fpvls utilizes image base face detection embed network yield face vector raw trajectory generation stage propose position incremental affinity propagation piap cluster algorithm leverage face vector position information quickly associate person face across frame frame wise accumulate raw trajectory likely intermittent unreliable video level hence introduce trajectory refinement stage merges proposal network two sample test base empirical likelihood ratio elr statistic refine raw trajectory gaussian filter laid refine trajectory final pixelation video live streaming dataset collect fpvls obtains satisfy accuracy real time efficiency contain pixelation problem', 'significant advance deep learn obtain hallmark accuracy rate various computer vision application however advance deep generative model also lead generation realistic fake content also know deepfakes cause threat privacy democracy national security current deepfake detection method deem binary classification problem distinguish authentic image videos fake one use two class convolutional neural network cnns method base detect visual artifact temporal color inconsistency produce deep generative model however method require large amount real fake data model training performance drop significantly cross dataset evaluation sample generate use advanced deepfake generation technique paper thoroughly evaluate efficacy deep face recognition identify deepfakes use different loss function deepfake generation technique experimental investigation challenge celeb df faceforensics deepfake datasets suggest efficacy deep face recognition identify deepfakes two class cnns ocular modality report result suggest maximum area curve auc equal error rate eer detect deepfakes use face recognition celeb df dataset eer lower compare eer obtain two class cnn ocular modality celeb df dataset faceforensics dataset auc eer obtain use biometric facial recognition technology advantage bypass need large amount fake data model training obtain good generalizability evolve deepfake creation technique']",22167
77,62,77_defender_attacker_security_adversary,"['defender', 'attacker', 'security', 'adversary', 'cyber', 'attack path', 'defense', 'security game', 'mtd', 'deception']","['stackelberg security game model associate computational tool see deployment number high consequence security setting lax canine patrol federal air marshal service model focus isolated system one defender despite part complex system multiple player furthermore many real system transportation network power grid exhibit interdependency target consequently decision maker jointly charge protect understand multidefender strategic interaction present security investigate game theoretic model security game multiple defender unlike prior analysis focus situation defender must protect multiple target even single defender best response decision general highly non trivial start analytical investigation multidefender security game independent target offer equilibrium price anarchy analysis three model increase generality model find defender incentive protect target time significantly additionally simple model find price anarchy unbounded linearly increase number defender number target per defender consider interdependency among target develop novel mixed integer linear program formulation compute defender best response make use formulation approximate nash equilibrium game apply approach towards computational strategic analysis several model network represent interdependency include real world power network analysis show network structure probability failure spread determine propensity defender invest security', 'field cybersecurity mostly cat mouse game discovery new attack lead way take away attacker advantage reconnaissance researcher propose proactive defense method move target defense mtd find good movement strategy researcher model mtd leader follower game defender cyber adversary argue exist model inadequate sequential setting incomplete information rational adversary yield sub optimal movement strategy exist array work learn defense policy sequential setting cyber security either unpopular due scalability issue arise incomplete information tend ignore strategic nature adversary simplifying scenario use single agent reinforcement learn technique address concern propose unifying game theoretic model call bayesian stackelberg markov game bsmgs model uncertainty attacker type nuance mtd system bayesian strong stackelberg q learn bss q approach via interaction learn optimal movement policy bsmgs within reasonable time situate bsmgs landscape incomplete information markov game characterize notion strong stackelberg equilibrium sse show learn approach converges sse bsmg highlight learn movement policy improve state art mtd web application security converges optimal policy mtd domains incomplete information adversary even prior information reward transition absent', 'cyber security important societal concern cyber attack increase number well extent damage cause every attack large organization operate cyber security operation center csoc form first line cyber defense inspection cyber alert critical part csoc operation recent work collaboration army research lab usa propose reinforcement learn rl base approach prevent cyber alert queue length grow large overwhelming defender give potential deployment approach csocs run u defense agency perform red team adversarial evaluation approach recent attack learn system even important test limit rl approach towards end learn adversarial alert generation policy best response defender inspection policy surprisingly find defender policy quite robust best response attacker order explain observation extend early rl model game model show exist defender policy robust adversarial policy also derive competitive baseline game theory model compare rl approach however go exploit assumption make mdp rl model discover attacker policy overwhelms defender use double oracle approach retrain defender episode discover attacker policy make defender robust discover attacker policy harmful attacker policy discover overall adversarial rl double oracle approach rl general technique applicable rl usage adversarial environment']",22167
78,61,78_malware_android_malware detection_android malware,"['malware', 'android', 'malware detection', 'android malware', 'malicious', 'file', 'malware family', 'metamorphic', 'malware classification', 'malware sample']","['malware one damaging threats computer span across multiple operate system various file format defend ever increase ever evolve threat malware tremendous effort make propose variety malware detection method attempt effectively efficiently detect malware recent study show one hand exist ml dl enable superior detection newly emerge previously unseen malware however hand ml dl model inherently vulnerable adversarial attack form adversarial example maliciously generate slightly carefully perturb legitimate input confuse target model basically adversarial attack initially extensively study domain computer vision quickly expand domain include nlp speech recognition even malware detection paper focus malware file format portable executable pe family windows operate system namely windows pe malware representative case study adversarial attack method adversarial setting specific start first outline general learning framework windows pe malware detection base ml dl subsequently highlight three unique challenge perform adversarial attack context pe malware conduct comprehensive systematic review categorize state art adversarial attack pe malware detection well correspond defense increase robustness pe malware detection conclude paper first present related attack windows pe malware detection beyond adversarial attack shed light future research direction opportunity', 'paper propose novel mechanism normalize metamorphic obfuscate malware opcode level hence create advance metamorphic malware de obfuscation defense system name system drldo deep reinforcement learn base de obfuscator inclusion drldo sub component exist intrusion detection system could augment defensive capability zero day attack obfuscate metamorphic variant exist malware gain importance exist system date use advanced drl intelligently automatically normalize obfuscation even opcode level also drldo system mandate change exist id drldo system even mandate id classifier retrain new dataset containing obfuscate sample hence drldo could easily retrofit exist id deployment design develop conduct experiment system evaluate multiple simultaneous attack obfuscation generate malware sample standardize dataset contain multiple generation malware experimental result prove drldo able successfully make otherwise un detectable obfuscate variant malware detectable exist pre train malware classifier detection probability raise well cut mark classifier detect obfuscate malware unambiguously de obfuscate variant generate drldo achieve high correlation base malware observation validate drldo system actually learn de obfuscate exploit trivial trick', 'machine learn ml use static portable executable pe malware detection typically employ per file numerical feature vector representation input one target label train however much orthogonal information glean textit context file see paper propose utilizing static source contextual information path pe file auxiliary input classifier file path malicious benign provide valuable context malicious benign determination unlike dynamic contextual information file path available little overhead seamlessly integrated multi view static ml detector yield high detection rate high throughput minimal infrastructural change propose multi view neural network take feature vector pe file content well correspond file path input outputs detection score ensure realistic evaluation use dataset approximately million sample file file path user endpoint actual security vendor network conduct interpretability analysis via lime model ensure classifier learn sensible representation see part file path contribute change classifier score find model learns useful aspect file path classification also learn artifact customer test vendor product e g download directory malware sample name hash prune artifacts test dataset demonstrate reduction false negative rate false positive rate fpr fpr similar topology single input pe file content model']",22167
79,61,79_submodular_submodular function_convex_approximation ratio,"['submodular', 'submodular function', 'convex', 'approximation ratio', 'greedy', 'nonconvex', 'monotone', 'maximization', 'submodularity', 'approximation']","['evolutionary algorithm eas general purpose optimization algorithms inspired natural evolution recent theoretical study show eas achieve good approximation guarantee solve problem class submodular optimization wide range application maximum coverage sparse regression influence maximization document summarization sensor placement name though provided theoretical explanation general purpose nature ea consider submodular objective function define set multisets complement line research paper study problem class maximize monotone submodular function sequence objective function depend order item prove kind previously study monotone submodular objective function sequence e prefix monotone submodular function weakly monotone strongly submodular function dag monotone submodular function simple multi objective ea e gsemo always reach improve best know approximation guarantee run polynomial time expectation note best know approximation guarantee obtain different greedy style algorithms empirical study various application e g accomplish task maximize information gain search track recommender system show excellent performance gsemo', 'submodular function broad class set function naturally arise diverse area many algorithms suggested maximization function unfortunately function deviate submodularity know algorithm may perform arbitrarily poorly amend issue obtain approximation result set function generalize submodular function focus recent work one class know weakly submodular function receive lot attention key result prove da kempe show approximation ratio greedy algorithm weakly submodular maximization subject cardinality constraint degrades smoothly distance submodularity however result obtain maximization subject constraint beyond cardinality particular know whether greedy algorithm achieve non trivial approximation ratio constraint paper prove randomized version greedy algorithm previously use buchbinder et al different problem achieve approximation ratio gamma maximization weakly submodular function subject general matroid constraint gamma parameter measure distance function submodularity moreover also experimentally compare performance version greedy algorithm real world problem natural benchmark show algorithm study performs well also practice best knowledge first algorithm non trivial approximation guarantee maximize weakly submodular function subject constraint simple cardinality constraint particular first algorithm guarantee important broad class matroid constraint', 'regularization algorithm use inexact function value inexact derivative propose evaluation complexity analyze algorithm applicable unconstrained problem problem inexpensive constraint constraint whose evaluation enforcement negligible cost assumption derivative high degree beta h lder continuous feature flexible adaptive mechanism determine inexactness allow iteration compute objective function value derivative complexity analysis cover arbitrary optimality order arbitrary degree available approximate derivative extend result cartis gould toint evaluation complexity inexact case q th order minimizer seek use approximation first p derivative prove suitable approximate minimizer within epsilon compute propose algorithm epsilon frac p beta p q beta iteration log epsilon epsilon frac p beta p q beta approximate evaluation algorithmic variant although rigid practice prove find approximate minimizer log epsilon epsilon frac p beta p q beta evaluation propose framework remain far conceptual high degree order show yield simple computationally realistic inexact method specialize unconstrained bound constrain first second order case deterministic complexity result finally extend stochastic context yield adaptive sample size rule subsampling method typical machine learning']",22167
80,60,80_instruction_visual intelligence_spcoa_spatial,"['instruction', 'visual intelligence', 'spcoa', 'spatial', 'embody', 'veca', 'ar', 'eqa', 'spatial relation', 'robot']","['open world set inevitable intelligent agent e g robot encounter visual object attribute relationship recognize work develop agent empower visual curiosity e ability ask question oracle e g human content image e g object leave side red cube build visual recognition model base answer receive e g cylinder order agent must understand recognize formulate valid unambiguous informative language query question ask oracle derive parameter visual classifier oracle response leverage update visual classifier ask clarified question specifically propose novel framework formulate learn visual curiosity reinforcement learn problem framework component agent visual recognition module see question generation policy ask answer digestion module understand graph memory module memorize learn entirely end end maximize reward derive scene graph obtain agent consequence dialog oracle importantly question generation policy disentangle visual recognition system specific environment consequently demonstrate sort double generalization question generation policy generalize new environment new pair eye e new visual system train synthetic dataset result show agent learn new visual concept significantly faster several heuristic baseline even test synthetic environment novel object well realistic environment', 'augment reality ar glass access onboard sensor ability display relevant information user present opportunity provide user assistance quotidian task many task characterize object rearrangement task introduce novel framework compute display ar assistance consist associate optimal action sequence policy embody agent present sequence user suggestion ar system head display embodied agent comprises hybrid ar system user ar system observation space e sensor user action space e task execution action policy learn minimize task completion time initial study assume ar system observation include environment map localization object user choice allow u formalize problem compute ar assistance object rearrangement task planning problem specifically capacitate vehicle rout problem introduce novel ar simulator enable web base evaluation ar like assistance associate scale data collection via habitat simulator embody artificial intelligence finally perform study evaluate user response propose form ar assistance specific quotidian object rearrangement task house clean use propose ar simulator mechanical turk particular study effect propose ar assistance user task performance sense agency range task difficulty result indicate provide user assistance improves overall performance user report negative impact agency may still prefer proposed assistance assistance', 'embodiedqa task training embodied agent intelligently navigate simulate environment gather visual information answer question exist approach fail explicitly model mental imagery function agent mental imagery crucial embody cognition close relation many high level meta skill generalization interpretation paper propose novel mental imagery enhance mind module embody agent well relevant deep reinforcement framework training mind module model dynamic environment e g might happen agent pass door also help agent create good understand environment e g refrigerator usually kitchen knowledge make agent faster good learner locate feasible policy trail furthermore mind module generate mental image treat short term subgoals propose deep reinforcement framework mental image facilitate policy learn since short term subgoals easy achieve reusable yield well plan efficiency algorithm learn policy directly primitive action finally mental image visualize agent intention way human understand endow agent action interpretability experimental result analysis prove agent mind module superior counterpart eqa performance many aspect route plan behavioral interpretation ability generalize example']",22167
81,59,81_sensorimotor_body_affordance_motor,"['sensorimotor', 'body', 'affordance', 'motor', 'affordances', 'sensory', 'perception action', 'perception', 'physical reasoning', 'developmental']","['provide artificial agent computational model biological system way understand intelligent behaviour may emerge present active inference body perception action model work first time humanoid robot model relies free energy principle propose brain perception action goal minimise prediction error gradient descent variational free energy bound body state latent variable infer minimise difference observe visual proprioceptive sensor value predict one simultaneously action make sensory data sample good correspond prediction make inner model formalise implemented algorithm icub robot test visual space online adaptation visual change sensory noise discrepancy model real robot also compare approach classical inverse kinematics reach task analyse suitability neuroscience inspire approach real world interaction algorithm give robot adaptive body perception upper body reach head object track toddler like able incorporate visual feature online close loop manner without increase computational complexity moreover model predicted involuntary action presence sensorimotor conflict show path potential proof active inference human', 'human animal excel combine information multiple sensory modality control complex body adapt growth failure use tool capability also highly desirable robot display machine extent yet often case artificial creature lag behind key foundation internal representation body agent human animal robot develop biological realm evidence accumulate diverse discipline give rise concept body image body schema others robotics model robot indispensable component enables control machine article compare character body representation biology robotic counterpart relate difference performance observe put forth number ax regard nature body model fix vs plastic amodal v modal explicit v implicit serial v parallel modular v holistic centralize v distribute interesting trend emerge many ax sequence robot body model body image body schema body representation lower animal like octopus sense robot lot common ian waterman man lose body rely explicit veridical body model body image take extreme lack implicit multimodal representation like body schema body detail robot inform biological science deal body representation finally study feature body brain transferred robot give rise adaptive resilient self calibrate machine', 'young infant explore body sensorimotor system immediately accessible part environment course month create model peripersonal space useful reach grasp object around draw constraint empirical literature infant behavior present preliminary computational model learn process implement evaluate physical robot learn agent explores relationship configuration space arm sensing joint angle proprioception visual perception hand grippers result knowledge represent peripersonal space pps graph node represent state arm edge represent safe movement paths represent safe trajectories one pose another model learn process drive intrinsic motivation repeatedly perform action agent learn typical result also detect unusual outcomes motivate learn make unusual result reliable arm motion typically leave static background unchanged occasionally bump object change static position reach action learn reliable way bump move object environment similarly reliable reach action learn typically make quasi static change environment move object one static position another unusual outcome object accidentally grasp thanks innate palmar reflex thereafter move dynamically hand learn make grasps reliable complex reach demonstrate significant progress current result step toward autonomous sensorimotor learn motion reach grasp peripersonal space base unguided exploration intrinsic motivation']",22167
82,58,82_tsp_ttp_salesman_travel salesman,"['tsp', 'ttp', 'salesman', 'travel salesman', 'tour', 'travel', 'combinatorial optimization', 'salesman tsp', 'lkh', 'tsp solver']","['paper propose novel landscape smooth method symmetric travel salesman problem tsp first define homotopic convex hc transformation tsp convex combination well constructed simple tsp original tsp simple tsp call convex hull tsp construct transform know local global optimum observe control coefficient convex combination local global optimum landscape hc transform tsp smoothed term number local optimum reduce compare original tsp ii fitness distance correlation hc transform tsp increase observe smooth effect hc transformation depend highly quality use optimum high quality optimum lead well smooth effect low quality optimum propose iterative algorithmic framework propose hc transformation combine within heuristic tsp solver work escape scheme local optimum aim improve global search ability combine heuristic case study use opt lin kernighan local search heuristic solver show resultant algorithms significantly outperform counterpart two smooth base tsp heuristic solver test instance city', 'travel thief problem ttp multi component optimisation problem involve two interdependent np hard component travel salesman problem tsp knapsack problem kp recent state art ttp solver modify underlie tsp kp solution iterative interleaved fashion tsp solution cyclic tour typically change deterministic way change kp solution typically involve random search effectively result quasi meander exploration ttp solution space plateau reach iterative search ttp solution space restart use new initial tsp tour propose make search efficient adaptive surrogate model base customised form support vector regression learn characteristic initial tsp tour lead good ttp solution model use filter non promise initial tsp tour effect reduce amount time spend find good ttp solution experiment broad range benchmark ttp instance indicate propose approach filter considerable number non promise initial tour cost omit small number best ttp solution', 'travel thief problem ttp representative multi component optimisation problem interact component ttp combine knapsack problem kp travel salesman problem tsp thief performs cyclic tour set city pursuant collection plan collect subset item rent knapsack finite capacity aim maximise profit minimise rent cost exist ttp solver typically solve kp tsp component interleave manner solution one component keep fixed solution component modify suggests low coordination solve two component possibly lead low quality ttp solution opt heuristic often use solve tsp component revers segment tour within ttp opt take account collection plan result low objective value turn result tour modification reject solver propose expanded form opt change collection plan coordination tour modification item regard less profitable collected city locate earlier reversed segment substitute item tend profitable collected city locate later reverse segment collection plan change modified form hill climb bit flip search change collection state permit boundary item define low profitable collect item high profitable uncollected item restriction reduces time spend kp component allow tour evaluate tsp component within time budget propose approach form basis new cooperative coordination solver show outperform several state art ttp solver']",22167
83,57,83_seismic_equation_rock_pdes,"['seismic', 'equation', 'rock', 'pdes', 'cfd', 'fluid', 'porosity', 'differential equation', 'physic', 'pde']","['computational fluid dynamic cfd simulation broadly apply engineering physic standard description fluid dynamic require solve navier stokes n equation different flow regime however application cfd simulation computationally limited availability speed parallelism high performance compute improve computational efficiency machine learn technique use create accelerate data driven approximation cfd majority approach rely large label cfd datasets expensive obtain scale necessary build robust data driven model develop weakly supervise approach solve steady state n equation various boundary condition use multi channel input boundary geometric condition achieve state art result without labeled simulation data use custom data driven physic informed loss function use small scale solution prime model solve n equation improve resolution predictability train stack model increase complexity generate numerical solution n equation without expensive computation model achieves high predictability variety obstacle boundary condition give high flexibility model generate solution x domain within ms regular desktop computer time faster regular cfd solver translation interactive cfd simulation local consumer compute hardware enable new application real time prediction internet thing device data transfer prohibitive increase scale speed computational cost boundary value fluid problem', 'introduce hybrid modify genetic algorithm multilevel stochastic gradient descent mga msgd training algorithm considerably improve accuracy efficiency solve mechanical problem describe strong form pdes via anns artificial neural network present approach allow selection number location interest state variable expect fulfil govern equation associate physical problem unlike classical pde approximation method finite difference finite element method need establish reconstruct physical field quantity throughout computational domain order predict mechanical response specific location interest basic idea mga msgd manipulation learnable parameter component responsible error explosion train network relatively large learn rate avoids trap local minimum propose train approach less sensitive learn rate value training point density distribution random initial parameter distance function minimise introduce pdes include physical law condition call physic inform ann genetic algorithm modify suitable type ann coarse level stochastic gradient descent csgd exploit make decision offspring qualification employ present approach considerable improvement accuracy efficiency compare standard training algorithms classical sgd adam optimiser observed local displacement accuracy study ensured introducing result finite element method fem sufficiently fine mesh reference displacement slightly complex problem solve ensure feasibility', 'numerical method finite element flourish past decade model solid mechanic problem via solve govern partial differential equation pdes salient aspect distinguishes numerical method approximate physical field interest physic inform deep learning novel approach recently develop model pde solution show promise solve computational mechanic problem without use label data philosophy behind approximate quantity interest e g pde solution variable deep neural network dnn embed physical law regularize network end training network equivalent minimization well design loss function contain pde residual initial boundary condition bcs paper present physic inform neural network pinn mix variable output model elastodynamics problem without resort label data bcs hardly impose particular displacement stress component take dnn output inspire hybrid finite element analysis largely improve accuracy trainability network since conventional pinn framework augments residual loss component soft manner lagrange multiplier weakly impose bcs cannot well satisfied especially complex bcs present overcome issue composite scheme dnns establish base multiple single dnns bcs satisfy forcibly hard manner propose pinn framework demonstrate several numerical elasticity example different bcs include static dynamic problem well wave propagation truncate domain result show promise pinn context computational mechanic application']",22167
84,56,84_cluster_clustering_eca_biclustering,"['cluster', 'clustering', 'eca', 'biclustering', 'number cluster', 'cluster algorithms', 'bi cluster', 'correlation cluster', 'representativity', 'representativity fairness']","['paper describe cluster problem combinatorial viewpoint brief systemic survey present include follow basic cluster problem e g classification cluster sort cluster order cluster ii basic approach assessment object object proximity e scale comparison aggregation issue iii basic approach evaluation local quality characteristic cluster total quality characteristic cluster solution iv cluster multicriteria optimization problem v generalize modular clustering framework vi basic clustering model method e g hierarchical clustering k mean cluster minimum span tree base cluster cluster assignment detection clisue quasi clique base cluster correlation cluster network community base cluster special attention target formulation cluster multicriteria optimization model combinatorial optimization model use auxiliary problem e g assignment partition knapsack problem multiple choice problem morphological clique problem search consensus median structure numerical example illustrate problem formulation solve method application material use follow research survey b fundamental designing structure architecture composite modular cluster software c bibliography reference collection tutorial', 'article present data use evaluate performance evolutionary clustering algorithm star eca compare five traditional modern cluster algorithms two experimental method employ examine performance eca genetic algorithm cluster genclust learn vector quantisation lvq expectation maximisation em k mean km k mean km algorithm apply heterogenous multi feature datasets determine one performs well three test one ther paper examines efficiency eca contradiction correspond algorithms use cluster evaluation measure validation criterion objective function cluster quality measure another suggest performance rating framework measurethe performance sensitivity algorithms varos dataset feature cluster dimensionality number cluster cluster overlap cluster shape cluster structure contribution experiment two fold eca exceeds counterpart aloriths ability find right cluster number ii eca less sensitive towards dataset feature compare competitive technique nonetheless result experiment perform demonstrate limitation eca eca fully apply base premise prior knowledge exist ii adapt utilise eca several real application achieve yet', 'well know ubiquitous cluster problem encounter nearly every branch science undoubtedly k mean give set data point parameter k select k centre partition data point k cluster around centre sum square distance point cluster centre minimize typically data point lie mathbb r geq k mean first algorithms introduce since hundred paper study problem many algorithm propose commonly use algorithm know lloyd forgy also refer k mean algorithm various extension often work well practice however may produce solution whose cost arbitrarily large compare optimum solution kanungo et al analyze simple local search heuristic get polynomial time algorithm approximation ratio epsilon fix epsilon k mean euclidean space find algorithm good approximation guarantee remain one big open question area particular whether one get true ptas fix dimension euclidean space settle problem show simple local search algorithm provide ptas k mean mathbb r fix precisely error parameter epsilon local search algorithm considers swap rho cdot epsilon epsilon centre time find solution use exactly k centre whose cost epsilon factor great optimum finally provide first demonstration local search yield ptas uncapacitated facility location problem k median non uniform opening cost double metric']",22167
85,54,85_lstm_rnns_rnn_recurrent,"['lstm', 'rnns', 'rnn', 'recurrent', 'recurrent neural', 'lstms', 'sequence', 'network rnns', 'lstm network', 'standard lstm']","['paper develop general framework learn interpretable data representation via long short term memory lstm recurrent neural network hierarchal graph structure instead learn lstm model pre fix structure propose learn intermediate interpretable multi level graph structure progressive stochastic way data lstm network optimization thus call model structure evolve lstm particular start initial element level graph representation node small data element structure evolve lstm gradually evolve multi level graph representation stochastically merge graph node high compatibility along stacked lstm layer lstm layer estimate compatibility two connect node correspond lstm gate output use generate merge probability candidate graph structure accordingly generate node group clique merge probability produce new graph structure metropolis hasting algorithm alleviates risk get stick local optimum stochastic sample acceptance probability graph structure accept high level graph construct take partitioned clique node evolve process representation becomes abstract high level redundant information filter allow efficient propagation long range data dependency evaluate effectiveness structure evolve lstm application semantic object parse demonstrate advantage state art lstm model standard benchmark', 'credit assignment traditional recurrent neural network usually involve back propagate long chain tie weight matrix length chain scale linearly number time step network run time step create many problem vanish gradient well study contrast nnem architecture recurrent activity involve long chain activity though architecture ntm utilize traditional recurrent architecture controller rather externally store embed vector use time step message pass previous time step mean vanish gradient problem necessary gradient path short however path extremely numerous one per embed vector memory reuse long time leave memory thus forward pass information memory must store entire duration memory problematic additional storage far surpass actual memory extent large memory infeasible back propagate high dimensional setting one way get around need hold onto forward pas information recalculate forward pas whenever gradient information available however observation large store domain interest direct reinstatement forward pas cannot occur instead rely learned autoencoder reinstate observation use embed network recalculate forward pas since recalculate embed vector unlikely perfectly match one stored memory try approximation utilize error gradient w r vector memory', 'article expand research do develop recurrent neural network rnn capable predicting aircraft engine vibration use long short term memory lstm neuron lstm rnns provide generalizable robust method prediction analytical calculation engine vibration analytical calculation must solve iteratively base specific empirical engine parameter make approach ungeneralizable across multiple engine initial work multiple lstm rnn architecture propose evaluate compare research improve performance effective lstm network design propose previous work use promising neuroevolution method base ant colony optimization aco develop enhance lstm cell structure network parallelize version aco neuroevolution algorithm develop evolve lstm rnns compare previously use fix topology evolve network train large database flight data record obtain airline contain flight suffer excessive vibration result obtain use mpi message pass interface high performance compute hpc cluster evolve different lstm cell structure use core day new evolved lstm cell show improvement reduce prediction error predict excessive engine vibration second future time dramatically reduce number weight']",22167
86,53,86_accelerator_fpga_hardware_chip,"['accelerator', 'fpga', 'hardware', 'chip', 'energy efficiency', 'hardware accelerator', 'systolic', 'memory', 'dsp', 'bit']","['accelerate neural network inference fpga emerge popular option since reconfigurability high performance compute capability fpga intrinsically satisfy computation demand fast evolving neural algorithm however popular neural accelerator fpga e g xilinx dpu mainly utilize dsp resource construct process unit rich lut resource well exploit via software hardware co design approach work develop fpga base heterogeneous compute system neural network acceleration hardware perspective propose accelerator consist dsp lut base general matrix multiplication gemm compute core form entire compute system heterogeneous fashion dsp lut base gemm core compute w r unified instruction set architecture isa unify buffer along data flow neural network inference path computation convolution fully connect layer split two portion handle dsp lut base gemm core asynchronously software perspective mathematically systematically model latency resource utilization propose heterogeneous accelerator regard vary system design configuration leverage reinforcement learning technique construct framework achieve end end selection optimization design specification target heterogeneous accelerator include workload split strategy mixed precision quantization scheme resource allocation dsp lut core virtue propose design framework heterogeneous compute system design outperform state art mix match design latency reduce x high inference accuracy n h core open source https github com elliothe n h core', 'realize today cloud level artificial intelligence functionality directly device distribute edge internet call edge hardware capable processing multiple modality sensory data e g video audio unprecedented energy efficiency ai hardware architecture today cannot meet demand due fundamental memory wall data movement separate compute memory unit consumes large energy incurs long latency resistive random access memory rram base compute memory cim architecture promise bring order magnitude energy efficiency improvement perform computation directly within memory however conventional approach cim hardware design limit functional flexibility necessary processing diverse ai workload must overcome hardware imperfection degrade inference accuracy trade offs efficiency versatility accuracy cannot address isolated improvement single level design co optimize across hierarchy design algorithms architecture circuit device present neurram first multimodal edge ai chip use rram cim simultaneously deliver high degree versatility diverse model architectures record energy efficiency time times well prior art across various computational bit precision inference accuracy comparable software model bite weight measure standard ai benchmark include accuracy mnist cifar image classification accuracy google speech command recognition reduction image reconstruction error bayesian image recovery task work pave way towards build highly efficient reconfigurable edge ai hardware platform demand heterogeneous ai application future', 'paper present programmable memory compute processor demonstrate nm cmos technology data centric workload deep neural network data movement often dominate implement today compute architecture motivate spatial architecture arrangement data storage compute hardware distribute explicitly align computation dataflow notably matrix vector multiplication memory compute spatial architecture processing element correspond dense bit cell provide local storage compute typically employ analog operation though raise potential high energy efficiency throughput analog operation significantly limit robustness scale programmability paper describe kb memory compute accelerator integrate programmable processor architecture exploit recent approach charge domain memory compute architecture take approach tight couple embed cpu accelerator interface enable integration standard processor memory space additionally near memory compute datapath enables diverse computation locally address operation require across application enables bite precision scalability matrix input vector element bite parallel bit serial bp b scheme chip measurement show energy efficiency b top w throughput b top scale linearly matrix input vector element precision vdd v neural network demonstration b b weight activation cifar classification consume mu j image fps accuracy level digital software implementation accuracy']",22167
87,52,87_schedule_job_shop_shop schedule,"['schedule', 'job', 'shop', 'shop schedule', 'scheduling', 'job shop', 'production', 'rostering', 'project schedule', 'parallel machine']","['work online print shop scheduling problem introduce lunardi et al mixed integer linear programming constraint programming model online print shop scheduling problem computer operation research appear consider challenging real scheduling problem emerge nowadays print industry correspond flexible job shop schedule problem sequence flexibility present several complicate specificity resumable operation period unavailability machine sequence dependent setup time partial overlap operation precedence constraint fix operation among others local search strategy metaheuristic approach problem propose evaluate base common representation scheme trajectory populational metaheuristics consider extensive numerical experiment large size instance show propose method suitable solve practical instance problem outperform half heuristic half exact shelf solver large extent numerical experiment classical instance flexible job shop schedule problem show introduce method also competitive apply particular case', 'paper concern single machine total weight tardiness schedule sequence dependent setup time usually refer ij sum w jt j mathcal np hard problem job associate processing time due date weight pair job j may setup time start process j case job schedule immediately objective determine schedule minimize total weighted tardiness tardiness job equal completion time minus due date case job completely process due date equal zero otherwise due complexity problem commonly solve heuristic aim work develop simple yet effective limitation strategy speed local search procedure without significant loss solution quality strategy consist filter mechanism prevents unpromising move evaluate proposed strategy embed local search base metaheuristic literature test classical benchmark instance computational experiment reveal limitation strategy enable metaheuristic extremely competitive compare algorithms literature since allow use large number neighborhood structure without significant increase cpu time consequently high quality solution could achieve matter second addition analyze effectiveness propose strategy two well know metaheuristics experiment also carry benchmark instance problem ij sum j', 'paper introduce new problem field production plan call production leveling problem task assign order production period load period production resource balance capacity limit exceed order priority take account production level important intermediate step long term plan final scheduling order within production period responsible select good subset order schedule within period formal model problem propose np hardness show reduction bin back exact method solve moderately size instance introduce mip formulation solve large problem instance metaheuristic local search investigate greedy heuristic two neighborhood structure local search propose order apply use variable neighborhood descent simulate anneal regard exact technique main question research size instance solvable within fixed amount time metaheuristic approach aim show produce near optimal solution small instance also scale well large instance set realistic problem instance industrial partner contribute literature well random instance generator experimental evaluation conveys propose mip model work well instance order investigate metaheuristic approach simulate anneal achieves best result show produce solution less average optimality gap small instance scale well thousand order dozen period product present metaheuristic method already use industry']",22167
88,51,88_video_video question_story_videoqa,"['video', 'video question', 'story', 'videoqa', 'qa', 'video ground', 'video retrieval', 'video story', 'question answer', 'video understand']","['trec video retrieval evaluation trecvid trec style video analysis retrieval evaluation goal promote progress research development content base exploitation retrieval information digital video via open metric base evaluation last twenty year effort yield well understand system effectively accomplish process one reliably benchmark performance trecvid fund nist national institute standard technology u government agency addition many organization individual worldwide contribute significant time effort trecvid represent continuation four task addition two new task total team various research organization worldwide complete one follow six task ad hoc video search av instance search ins disaster scene description index dsdi video text description vtt activity extend video actev video summarization vsum paper introduction evaluation framework task data measure use evaluation campaign', 'develop video understand intelligence quite challenging require holistic integration image script sound base natural language process temporal dependency reason recently substantial attempt make several video datasets associate question answer qa large scale however exist evaluation metric video question answer videoqa provide meaningful analysis make progress argue well make framework establish way human understand require explain evaluate performance understand detail propose top evaluation system videoqa base cognitive process human story element cognitive module evaluation cogme cogme compose three cognitive module target content think interaction among module understand procedure express one sentence follow understand content target way think module sub component derive story element specify require aspect understand annotate sub component individual question cogme thus provide framework elaborated specification videoqa datasets examine suitability videoqa dataset validate video understanding intelligence evaluate baseline model dramaqa dataset apply cogme evaluation reveals story element unevenly reflect exist dataset model base dataset may cause biased prediction although study able grasp narrow range story expect offer first step consider cognitive process human video understanding intelligence human ai', 'video qa challenge modeler multiple front model video necessitates build spatio temporal model dynamic visual channel also multimodal structure associate information channel subtitle audio video qa add least two layer complexity select relevant content channel context linguistic query compose spatio temporal concept relation response query address requirement start two insight content selection relation construction jointly encapsulate conditional computational structure b video length structure compose hierarchically paper introduces general reusable neural unit dub conditional relation network crn take input set tensorial object translate new set object encode relation input generic design crn help ease common complex model building process video qa simple block stack flexibility accommodate input modality condition feature across different domain result realize insight b introduce hierarchical conditional relation network hcrn video qa hcrn primarily aim exploit intrinsic property visual content video accompany channel term compositionality hierarchy near far term relation hcrn apply video qa two form short form answer reason solely visual content long form associate information subtitle present rigorous evaluation show consistent improvement sotas well study benchmark include large scale real world datasets tgif qa tvqa demonstrate strong capability crn unit hcrn complex domain video qa']",22167
89,51,89_explanation_generate explanation_explanation generation_plan,"['explanation', 'generate explanation', 'explanation generation', 'plan', 'rationale', 'rationalization', 'understand explanation', 'contrastive explanation', 'verbal explanation', 'explainable plan']","['provide explanation consider imperative ability ai agent human robot team framework right explanation provide rationale behind ai agent decision make however maintain human teammate cognitive demand comprehend provide explanation prior work focus provide explanation specific order intertwine explanation generation plan execution moreover approach consider degree detail require share throughout provide explanation work argue agent generate explanation especially complex one abstract align level detail human teammate desire maintain recipient cognitive load therefore learn hierarchical explanation model challenge task moreover agent need follow consistent high level policy transfer learn teammate preference new scenario low level detailed plan different evaluation confirm process understand explanation especially complex detailed explanation hierarchical human preference reflect aspect correspond exactly create employ abstraction knowledge assimilation hide deeply cognitive process show hierarchical explanation achieve well task performance behavior interpretability reduce cognitive load result shed light design explainable agent utilizing reinforcement learn plan across various domain', 'ai become integral part live development explainable ai embody decision make process ai robotic agent become imperative robotic teammate ability generate explanation justify behavior one key requirement explainable agency prior work explanation generation focus support rationale behind robot decision behavior approach however fail consider mental demand understand received explanation word human teammate expect understand explanation matter much information present work argue explanation especially complex nature make online fashion execution help spread information explain thus reduce mental workload human highly cognitive demanding task however challenge different part explanation may dependent must take account generate online explanation end general formulation online explanation generation present three variation satisfy different online property new explanation generation method base model reconciliation set introduce prior work evaluate method human subject simulate rover domain use nasa task load index tlx synthetically ten different problem across two standard ipc domain result strongly suggest method generate explanation perceive less cognitively demand much prefer baseline computationally efficient', 'prior work generate explanation plan decision make context focus provide rationale behind ai agent decision make method provide right explanation explainer perspective fail heed cognitive requirement understand explanation explainee human perspective work set address issue first consider influence information order explanation progressiveness explanation intuitively progression build later concepts previous one know contribute well learning work aim investigate similar effect explanation generation explanation break multiple part communicate sequentially challenge lie model human preference information order receive explanation assist understand give sequential process formulation base goal base mdp generate progressive explanation present reward function mdp learn via inverse reinforcement learn base explanation retrieve via human subject study first evaluate approach scavenger hunt domain demonstrate effectively capture human preference upon analyze result reveal something fundamental preference arise strongly domain dependent independence feature correlation domain independent feature push u verify result escape room domain result confirm hypothesis process understand explanation dynamic process human preference reflect aspect correspond exactly progression knowledge assimilation hide deeply cognitive process']",22167
90,50,90_envy_allocation_envy freeness_freeness,"['envy', 'allocation', 'envy freeness', 'freeness', 'indivisible', 'fair division', 'envy free', 'efx', 'maximin share', 'ef']","['consider problem fairly allocate set indivisible good set strategic agent additive valuation function assume monetary transfer therefore mechanism set algorithm take input report rather true value agent main goal explore whether exist mechanism pure nash equilibrium every instance time provide fairness guarantee allocation correspond equilibria focus two relaxation envy freeness namely envy freeness one good ef envy freeness good efx positively answer question particular study two algorithm know produce allocation non strategic set round robin ef allocation number agent cut choose algorithm plaut roughgarden siam journal discrete mathematics efx allocation two agent round robin show pure nash equilibrium induce allocation ef respect underlie true value algorithm plaut roughgarden show corresponding allocation efx also satisfy maximin share fairness something true algorithm non strategic set show weak version latter result hold mechanism two agent always pure nash equilibrium induce efx allocation', 'classical cake cut problem resource must divide among agent different utility agent believe receive fair share resource relative agent introduce variant problem model underlie social network agent graph agent evaluate share relative neighbor network formulation capture many situation unrealistic assume global view also expose interesting phenomenon original problem specifically say allocation locally envy free agent envy neighbor allocation locally proportional agent value allocation much average value neighbor allocation former imply latter global envy freeness implies local envy freeness global proportionality imply local proportionality vice versa general result two distinct graph set node allocation exist set valuation function allocation locally proportional one fully characterize set graph oblivious single cutter protocol protocol use single agent cut cake piece admit bound protocol n query complexity locally envy free allocation robertson webb model also consider price envy freeness compare total utility optimal allocation best utility allocation envy free show lower bound omega sqrt n price envy freeness global allocation fact hold local envy freeness connect undirected graph thus sparse graph surprisingly provide flexibility respect quality envy free allocation', 'multi type resource allocation mtra problem p ge type item n agent demand one unit item type strict linear preference bundle consist one item type mtras indivisible item first result impossibility theorem direct contrast single type p set mechanism output always decomposable probability distribution discrete assignment item split agent satisfy sd efficiency sd envy freeness circumvent impossibility result consider natural assumption lexicographic preference provide extension probabilistic serial p call lexicographic probabilistic serial lexips prove lexips satisfies sd efficiency sd envy freeness retain desirable property ps moreover lexips satisfies sd weak strategyproofness agent allow misreport importance order mtras divisible item show exist multi type probabilistic serial mp mechanism satisfies strong efficiency notion lexi efficiency sd envy free strict linear preference sd weak strategyproof lexicographic preference also prove mp characterize leximin ptimality item wise ordinal fairness family eat algorithms mp belongs characterize generalized cycle condition']",22167
91,50,91_id_person_reid_person identification,"['id', 'person', 'reid', 'person identification', 'person id', 'identification id', 'camera', 'identification', 'vehicle identification', 'person image']","['exist person identification id method mostly follow centralise learning paradigm share train data collection model learn paradigm limit data different source cannot share due privacy concern resolve problem two recent work introduce decentralise federated id learn construct globally generalise model server without direct access local training data share data across different source domains client however method poor adapt generalise model maximise performance individual client domain id task different id label space due lack understanding data heterogeneity across domain call poor model personalisation work present new selective knowledge aggregation approach decentralise person id optimise trade model personalisation generalisation specifically incorporate attentive normalisation normalisation layer deep reid model propose learn local normalisation layer specific domain decouple global model aggregation federate id learning help preserve model personalisation knowledge local client domain learn instance specific information introduce dual local normalisation mechanism learn generalise normalisation layer local model transmit global model central aggregation facilitates selective knowledge aggregation server construct global generalise model box deployment unseen novel domain extensive experiment eight person id datasets show propose approach decentralise id significantly outperform state art decentralise method', 'person identification reid across non overlap camera challenge task reason work prior art rely supervised feature learn label dataset match person different view however demand time consume task labeling acquire data prohibit fast deployment specially forensic scenario unsupervised domain adaptation uda emerge promise alternative performs feature learn adaptation model train source target domain without identity label annotation however uda base algorithm rely upon complex loss function several hyper parameter hinders generalization different scenario moreover uda depend translation domain important select reliable data unseen domain thus avoid error propagation cause noisy example target data often overlook problem sense propose novel uda base reid method optimize simple loss function one hyper parameter take advantage triplet sample create new offline strategy base diversity camera within cluster new strategy adapts model also regularize avoid overfitting target domain also introduce new self ensembling strategy weight different iteration aggregate create final model combine knowledge distinct moment adaptation evaluation consider three well know deep learning architecture combine final decision making propose method use person rank label target domain outperforms state art much simple setup market duke challenge market msmt duke msmt adaptation scenario', 'person identification id aim match person image across non overlap camera view majority id method focus small scale surveillance system pedestrian captured different camera view adjacent scene however large scale surveillance system cover large area require track pedestrian interest across distant scene e g criminal suspect escape one city another since pedestrian appear limited local area difficult collect train data cross camera pair person work study intra camera supervise person identification across distant scene ic ds id us cross camera unpaired data intra camera identity label train challenge cross camera pair data play crucial role learn camera invariant feature exist id method learn camera invariant representation cross camera unpaired training data propose cross camera feature prediction method mine cross camera self supervision information camera specific feature distribution transform fake cross camera positive feature pair minimize distance fake pair furthermore automatically localize extract local level feature transformer joint learn global level local level feature form global local cross camera feature prediction scheme mining fine grain cross camera self supervision information finally cross camera self supervision intra camera supervision aggregate framework experiment conduct ic ds set market sct duke sct msmt sct datasets evaluation result demonstrate superiority method gain significant improvement rank map market sct compare second best method']",22167
92,49,92_slam_localization_map slam_grid map,"['slam', 'localization', 'map slam', 'grid map', 'simultaneous localization', 'vo', 'inertial', 'localization map', 'map', 'odometer']","['autonomous drive require map provide accurate date information semantic landmark due wider availability low cost camera compare laser scanner vision base mapping attract much attention academia industry among exist solution structure motion sfm technology prove feasible building map crowdsourced data since allows unordered image input previous work sfm mainly focused issue relate building point cloud calculate camera pose leave issue automatic change detection localization open propose paper sfm base solution automatic map update focus real time change detection localization solution build comparison semantic map data e g type location traffic sign novel design pixel wise localization algorithm system locate object detect image space utilize sparse sfm point cloud experiment dashcam video collect two urban area prove system able locate visible traffic sign front along drive direction median distance error meter moreover detect change median distance error meter result analysis also show potential significantly improve system performance future increase accuracy background technology use include particularly object detection point cloud geo registration algorithm', 'odometer proven significantly improve accuracy global navigation satellite system inertial navigation system gnss in integrate vehicle navigation gnss challenge environment however odometer inaccessible many application especially aftermarket device apply forward speed aid without hardware wheel odometer propose odonet untethered one dimensional convolution neural network cnn base pseudo odometer model learn single inertial measurement unit imu act alternative wheel odometer dedicate experiment conduct verify feasibility robustness odonet result indicate imu individuality vehicle load road condition little impact robustness precision odonet imu bias mount angle may notably ruin odonet thus data clean procedure add effectively mitigate impact imu bias mount angle compare process use non holonomic constraint nhc employ pseudo odometer position error reduce around percentage around hardware wheel odometer conclusion propose odonet employ untethered pseudo odometer vehicle navigation efficiently improve accuracy reliability position gnss deny environment', 'wide penetration smart robot multifarious field simultaneous localization map slam technique robotics attract grow attention community yet collaborate slam multiple robot still remain challenging due performance contradiction intensive graphic computation slam limit compute capability robot traditional solution resort powerful cloud server act external computation provider show real world measurement significant communication overhead data offload prevents practicability real deployment tackle challenge paper promotes emerge edge compute paradigm multi robot slam propose recslam multi robot laser slam system focus accelerate map construction process robot edge cloud architecture contrast conventional multi robot slam generate graphic map robot completely merges cloud recslam develops hierarchical map fusion technique direct robots raw data edge server real time fusion send cloud global merging optimize overall pipeline efficient multi robot slam collaborative processing framework introduce adaptively optimize robot edge offload tailor heterogeneous edge resource condition meanwhile ensure workload balancing among edge server extensive evaluation show recslam achieve process latency reduction state art besides proof concept prototype develop deployed real scene demonstrate effectiveness']",22167
93,49,93_pose_human pose_pose estimation_body,"['pose', 'human pose', 'pose estimation', 'body', 'mesh', 'human body', 'hand pose', 'hand', 'estimation', 'shape estimation']","['human shape estimation become increasingly important theoretically practically instance mesh estimation distance garment production computational forensics mention examples specialization emph human body dimension estimation hbde focus estimate human body measurement like shoulder width chest circumference image mesh usually use supervise learning approach main obstacle context data scarcity problem collect ground truth require expensive difficult procedure obstacle overcome obtain realistic human measurement human mesh however well establish method calculate hbds mesh b benchmark fairly compare result hbde task contribution twofold one hand present method calculate right leave arm length shoulder width inseam crotch height mesh focus potential medical virtual try distance tailor application hand use four additional body dimension calculate use recently publish method assemble set eight body dimension use supervision signal neural anthropometer convolutional neural network capable estimate dimension assess estimation train neural anthropometer synthetic image mesh calculate hbds observe network overall mean estimate error mm relative error result present fully reproducible establish fair baseline research task hbde therefore enable community valuable method', 'introduce human large multimodal dataset contain variety human activity simultaneously capture professional marker base mocap volumetric capture audio record system capture female male professional actor perform various full body movement expression human provide diverse set motion pose encounter part single multi person daily physical social activity jump dance etc along multi rgbd mrgbd volumetric audio data despite existence multi view color datasets capture use hardware hw synchronization best knowledge human first public resource provide volumetric depth map high synchronization precision due use intra inter sensor hw sync moreover spatio temporally align scan rigged character complement human enable joint research time vary high quality dynamic mesh provide evaluation baseline benchmarking human state art human pose estimation compression method former apply pose estimation algorithm single multi view data cue latter benchmark open source codecs volumetric data respect online volumetric video encode steady bit rate furthermore qualitative quantitative visual comparison mesh base volumetric data reconstruct different quality showcases available option respect representation human introduce computer vision graphic research community enable joint research spatio temporally align pose volumetric mrgbd audio data cue dataset code available http tofis github io myurls human', 'current method learn realistic animatable clothe avatar need either posed scan image carefully control user pose contrast goal learn avatar image people unconstrained pose give set image method estimate detail surface image combine animatable avatar implicit function well suit first task capture detail like hair clothes current method however robust varied human pose often produce surface break disembodied limb miss detail non human shape problem method use global feature encoders sensitive global pose address propose icon implicit clothe human obtain normal use local feature instead icon two main module exploit smpl x body model first icon infers detail clothed human normal front back condition smpl x normal second visibility aware implicit surface regressor produce iso surface human occupancy field importantly inference time feedback loop alternate refine smpl x mesh use infer clothed normal refine normal give multiple reconstruct frame subject varied pose use scanimate produce animatable avatar evaluation agora cape datasets show icon outperforms state art reconstruction even heavily limited training data additionally much robust distribution sample e g wild pose image frame crop icon take step towards robust clothe human reconstruction wild image enable create avatar directly video personalized natural pose dependent cloth deformation']",22167
94,48,94_pairwise comparison_mcda_criterion_multiple criterion,"['pairwise comparison', 'mcda', 'criterion', 'multiple criterion', 'ahp', 'criterion decision', 'inconsistency index', 'inconsistency', 'comparison matrix', 'owa']","['cat sd multiple criterion decision aid method deal nominal classification problem action assess accord multiple criterion assign one category set reference action use define category assignment action give category depends comparison action reference set accord likeness threshold distinct set criteria weight interaction coefficient likeness threshold define per category propose apply multiple criterion hierarchy process mchp cat sd adapt mchp propose take account possible interaction effect criterion structure hierarchical way basis know deck card method also consider imprecise elicitation parameter permit take account interaction antagonistic effect criterion elicitation procedure propose apply electre method purpose explore assignment obtain cat sd consider possible set parameter propose apply stochastic multicriteria acceptability analysis smaa smaa methodology allow draw statistical conclusion classification action propose method smaa hcat sd help decision maker check effect variation parameter classification different level hierarchy propose also procedure base concept loss function obtain final classification fulfilling requirement give decision maker take account hierarchy criterion probabilistic assignment obtain apply smaa also procedure apply classification electre method', 'supplier selection problem gain extensive attention prior study however research base fuzzy multi attribute decision make f madm approach rank resilient supplier logistic still infancy traditional madm approach fail address resilient supplier selection problem logistic primarily large amount data concern attribute quantitative yet difficult process make decision besides qualitative attribute prevalent logistic entail imprecise perceptual judgmental decision relevant information substantially different consider traditional suppler selection problem study develop decision support system ds help decision maker incorporate process imprecise heterogeneous data unify framework rank set resilient supplier logistic environment propose framework induces triangular fuzzy number large scale temporal data use probability possibility consistency principle large number non temporal data present graphically compute extract granular information imprecise nature fuzzy linguistic variable use map qualitative attribute finally fuzzy base topsis method adopt generate rank score alternative supplier rank score use input multi choice goal program mcgp model determine optimal order allocation respective supplier finally sensitivity analysis assess supplier cost versus resilience index scri change differential priority set respective cost resilience attribute', 'individual group decision complex often involve choose apt alternative multitude option evaluate pairwise comparison break complex decision problem tractable one pairwise comparison matrix pcms regularly use solve multiple criterion decision make mcdm problem example use saaty analytic hierarchy process ahp framework however two significant drawback use pcms first humans evaluate pcms inconsistent manner second entry large pcm reliably fill human decision maker address two issue first establish novel connection pcms time irreversible markov process specifically show every pcm induces family dissipative maximum path entropy random walk merw set alternative show consistent pcms correspond detail balanced merws identify non equilibrium entropy production induce merws metric inconsistency underlie pcms notably entropy production satisfies recently lay criterion reasonable consistency index also propose approach use incompletely fill pcms ahp potential future avenue discuss well keywords analytic hierarchy process markov chain maximum entropy']",22167
95,48,95_explicable_robot_tom_human robot,"['explicable', 'robot', 'tom', 'human robot', 'teammate', 'mind', 'fluency', 'explicability', 'teammates', 'plan explicability']","['robot daily surroundings increase day day usability acceptability largely depend explicit implicit interaction capability fellow human being result social behavior one sought quality robot possess however specific aspect feature defines socially acceptable behavior largely depend situation application society article investigate one social behavior collocate robot imagine group people interact want join group human being socially acceptable manner e within group position way participate group activity without disturb obstruct anybody possess quality first robot need determine formation group determine position human implicitly theory f formation utilize purpose type formation diverse detect social group trivial task article provide comprehensive survey exist work social interaction group detection use f formation robotics application also put forward novel holistic survey framework combine possible concern module relevant problem define taxonomy base method camera view datasets detection capability scale evaluation approach application area discuss certain open challenge limitation current literature along possible future research direction base framework particular discus exist method technique relative merit demerit application provide set unsolved relevant problem domain', 'major challenge cognitive science ai understand autonomous agent might acquire predict behavioral mental state agent course complex social interaction agent model goal beliefs action agent interacts computational principle model theory mind tom deep learning approach address question fall short well understand problem part due black box nature deep network wherein computational mechanism tom readily reveal consider alternative hypothesis seek model brain might realize tom particular propose embody situated agent model base distributed adaptive control theory predict action agent five different game theoretic task harmony game hawk dive stag hunt prisoner dilemma battle ex multi layer control model implement top prediction adaptive reactive layer control bottom error feedback reactive adaptive layer test cooperative competitive strategy among seven different agent model cooperative greedy tit tat reinforcement base rational predictive model agent show compare pure reinforcement base strategy probabilistic learn agent model rational predictive model phenotype perform good game theoretic metric across task autonomous multi agent model capture system level process underlie tom highlight architectural principle tom control theoretic perspective', 'human robot team one important application artificial intelligence fast grow field robotics effective team robot must maintain behavioral model human teammate project team status also aware human teammates expectation aware human teammates expectation lead robot behavior better align human expectation thus facilitate efficient potentially safer team work address problem human robot cooperation consideration teammate model sequential domain leverage concept plan explicability plan explicability however human consider solely observer paper extend plan explicability consider interactive setting human robot behavior influence term new measure interactive plan explicability compare joint plan generate consideration measure use fast forward planner ff plan create ff without consideration well plan create actual human subject result indicate explicability score plan generate algorithm comparable human plan well plan create ff without consider measure imply plan create algorithms align well expect joint plan human execution lead efficient collaboration practice']",22167
96,47,96_blockchain_fraud_smart contract_transaction,"['blockchain', 'fraud', 'smart contract', 'transaction', 'financial', 'contract', 'payment', 'fraud detection', 'credit card', 'blockchains']","['supply chain integration remain elusive goal construction engineering industry high degree fragmentation reliance third party financial institution push physical financial supply chain apart paper demonstrate blockchain base crypto asset crypto currency crypto token address limitation use conditioning flow fund base flow product paper contrast integration cash product flow supply chain rely fiat currency crypto asset payment settlement two facet crypto asset enable integration atomicity granularity introduce thesis validate context construction progress payment build data capture unmanned aerial ground vehicle pass autonomous smart contract base method utilizes crypto currency crypto tokens payment settlement result payment datasets write ethereum blockchain analyzed term integration product cash flow work conclude discussion finding implication industry', 'deep neural network dnns could useful blockchain application defi nft trading however train run large scale dnns part smart contract infeasible today blockchain platform due two fundamental design issue platform first blockchains nowadays typically require node maintain complete world state time mean node must execute transaction every block prohibitively expensive computationally intensive smart contract involve dnns second exist blockchain platform expect smart contract transaction deterministic reproducible result effect contrast dnns usually trained run lock free massively parallel compute device gpus tpus compute cluster often yield deterministic result paper propose novel platform design collectively call new hope anh address issue main idea compute intensive smart contract transaction execute node need result specialize serviced provider ii non deterministic smart contract transaction lead uncertain result still validate though relatively high cost specifically dnns validation cost often reduce verify property result instead exact value addition discuss various implication anh include effect token fungibility sharding private transaction fundamental mean smart contract', 'machine learn recently enable large advance artificial intelligence result highly centralized large datasets require generally proprietary prediction often sell per query basis publish model quickly become date without effort acquire data maintain publish proposal provide model data free certain task include microsoft research decentralize collaborative ai blockchain framework allow participant collaboratively build dataset use smart contract share continuously updated model public blockchain initial proposal give overview framework omit many detail model use incentive mechanism real world scenario work evaluate use several model configuration order propose best practice use self assessment incentive mechanism model remain accurate well intended participant submit correct data chance profit analyze simulation three model perceptron na ive bayes near centroid classifier three different datasets predict sport user activity endomondo sentiment analysis movie review imdb determine news article fake compare several factor dataset model host smart contract public blockchain accuracy time balance good bad user transaction cost gas deploy update collect refund collect reward free open source implementation ethereum blockchain simulation write python provide http github com microsoft xdeca b version update gas cost use new optimization write original publication']",22167
97,46,97_consciousness_conscious_distinction graph_iit,"['consciousness', 'conscious', 'distinction graph', 'iit', 'turing', 'ctm', 'distinction', 'graphtropy', 'conscious machine', 'turing machine']","['rise deep learning bring artificial intelligence ai forefront ultimate goal ai realize machine human mind consciousness exist achievement mainly simulate intelligent behavior computer platforms achievement belong weak ai rather strong ai achieve strong ai know yet field intelligence science currently field call new paradigm especially theory cognitive relativity tcr tcr aim summarize simple elegant set first principle nature intelligence least include principle world relativity principle symbol relativity principle world relativity state subjective world intelligent agent observe strongly constrain way perceives objective world principle symbol relativity state intelligent agent use physical symbol system express observes subjective world two principle derive scientific fact life experience think experiment show important understand high level intelligence necessary establish scientific theory mind consciousness rather brain like intelligence tcr indeed advocate promise change direction realize true ai e artificial general intelligence artificial consciousness particularly different human animal furthermore tcr creed present extended reveal secret consciousness guide realization conscious machine sense true ai could diversely implement brain different way tcr would probably drive intelligence revolution combination additional first principle', 'quest understand consciousness purview philosopher theologians actively pursue scientist many stripe paper study consciousness perspective theoretical computer science formalize global workspace theory gwt originate cognitive neuroscientist bernard baars develop stanislas dehaene others major contribution lie precise formal definition conscious turing machine ctm also call conscious ai define ctm spirit alan turing simple yet powerful definition computer turing machine tm look complex model brain cognition simple model admittedly complex concept consciousness formally define ctm give formal definition consciousness ctm suggest ctm feeling consciousness reasonableness definition explanation judge well agree commonly accept intuitive concept human consciousness breadth relate concept model explain easily naturally extent agreement scientific evidence', 'quest understand consciousness purview philosopher theologians actively pursue scientist many stripe examine consciousness perspective theoretical computer science tc branch mathematics concerned understand underlying principle computation complexity include implication surprising consequence resource limitation spirit alan turing simple yet powerful definition computer turing machine tm perspective computational complexity theory formalize modify version global workspace theory gwt consciousness originate cognitive neuroscientist bernard baars develop stanislas dehaene jean pierre changeaux others look complex model brain cognition simple computational model admittedly complex concept consciousness define conscious turing machine ctm also call conscious ai define consciousness related notion ctm mathematical tc definition suggest ctm feeling consciousness tcs perspective provide simple formal framework employ tool computational complexity theory machine learn help u understand consciousness relate concept previously explore high level explanation feeling pain pleasure ctm consider three example relate vision blindsight inattentional blindness change blindness follow discussion dream free alter state consciousness']",22167
98,46,98_social dilemma_dilemma_cooperation_prisoner dilemma,"['social dilemma', 'dilemma', 'cooperation', 'prisoner dilemma', 'prisoner', 'sequential social', 'opponent', 'public good', 'social', 'good game']","['consider scenario two reinforcement learn agent repeatedly play matrix game update parameter round agent decision make transparent allows agent predict opponent play prevent infinite regress agent recursively predict indefinitely agent require give opponent independent response probability least epsilon transparency also allow agent anticipate shape agent gradient step e move region parameter space opponent gradient point direction favourable study result dynamic experimentally use two algorithms previous literature lola sos opponent aware learn find combination mutually transparent decision make opponent aware learn robustly lead mutual cooperation single shot prisoner dilemma game chicken agent try manoeuvre opponent towards prefer equilibrium converge mutually beneficial outcome turn much hard opponent aware learn even lead bad case outcomes agent highlight need develop opponent aware learn algorithms achieve acceptable outcome social dilemma involve equilibrium selection problem', 'upon start collective endeavour important understand partner preference strongly commit common goal establish prior commitment agreement term posterior benefit consequence engage provide important mechanism secure cooperation resort method evolutionary game theory egt analyse prior commitment also adopt tool enhance coordination outcome exhibit asymmetric payoff structure pairwise multiparty interaction arguably coordination complex achieve cooperation since might several desirable collective outcome coordination problem compare mutual cooperation desirable collective outcome cooperation dilemma analysis analytically via numerical simulation show whether prior commitment would viable evolutionary mechanism enhance coordination overall population social welfare strongly depend collective benefit severity competition importantly asymmetric benefit resolve commitment deal moreover multiparty interaction prior commitment prove crucial high level group diversity require optimal coordination result robust different selection intensity overall analysis provide new insight complexity beauty behavioral evolution drive human capacity commitment well design self organise distribute multi agent system ensure coordination among autonomous agent', 'matrix game like prisoner dilemma guide research social dilemma decade however necessarily treat choice cooperate defect atomic action real world social dilemma choice temporally extend cooperativeness property applies policy elementary action introduce sequential social dilemma share mixed incentive structure matrix game social dilemma also require agent learn policy implement strategic intention analyze dynamic policy learn multiple self interested independent learn agent use deep q network two markov game introduce fruit gathering game wolfpack hunt game characterize learn behavior domain change function environmental factor include resource abundance experiment show conflict emerge competition share resource shed light sequential nature real world social dilemma affect cooperation']",22167
99,45,99_football_player_sport_soccer,"['football', 'player', 'sport', 'soccer', 'esports', 'team', 'season', 'league', 'athlete', 'fantasy']","['goal thesis investigate potential predictive modelling football injury work conduct close collaboration tottenham hotspurs fc thfc pga european tour participation wolverhampton wanderer ww three investigation conduct predict recovery time football injury use uefa injury recording uefa recording common standard record injury professional football investigation three datasets uefa injury recording available different machine learning algorithm use order build predictive model performance machine learn model improve use feature selection conduct correlation base subset feature selection random forest predict injury professional football use exposure record relationship exposure training hour match hour professional football athlete injury incidence studied common problem football understand training schedule athlete affect chance get injure task predict number day player train get injured predicting intrinsic injury incidence use train gps measurement significant percentage football injury attribute overtraining fatigue gps data collect training session might provide indicator fatigue might use detect intense training session lead overtraining research use gps data gather training session first team thfc order predict whether injury would take place week', 'fantasy sport allow fan manage team favorite athlete compete friend fantasy platform aligns real world statistical performance athlete fantasy score steadily rise popularity estimate million player per month billion player card view espn fantasy football platform parallel sport medium community produce news story blog forum post tweet videos podcasts opinion piece within outside context fantasy sport however human fantasy football player analyze average source information work discuss result machine learn pipeline manage espn fantasy football team use train statistical entity detector document vector model apply news source million article videos podcasts day enable system comprehend natural language analogy test accuracy keyword test accuracy deep learn feedforward neural network provide player classification player bust boom play hidden injury play meaningful touch cumulative accuracy finally multiple regression ensemble us deep learn output espn projection data provide point projection top fantasy football player point projection maintain rmse point best fit probability density function set select visualize score spread within first week product launch total number user spend cumulative time year view ai insight train data model provide web archive webhose espn statistic rotowire injury report use fantasy football data test set', 'even skilled fantasy football manager disappoint mid season roster player inevitably fall short draft day expectation team manager quickly discover team low score ceiling even start best active player novel diverse combinatorial optimization system propose high volume unique player trade complementary team balance trade fairness several algorithm create valuation fantasy football player ensemble compute model quantum support vector classifier permutation importance qsvc pi quantum support vector classifier accumulate local effect qsvc ale variational quantum circuit permutation importance vqc pi hybrid quantum neural network permutation importance hqnn pi extreme gradient boost classifier xgb subject matter expert sme rule valuation player personalize base league rule roster selection cost trading away player related team roster depth position slot count position importance team pair together trade base cosine dissimilarity score team offset strengths weakness knapsack algorithm computes outgo player team postprocessors apply analytics deep learning model measure different objective measure trade national football league nfl season group expert ibm espn evaluate trade quality football error analysis tool feat session system start high quality trade deploy season high quality trade increase trade quantity quantum classical rule base compute trade uniqueness use qiskit quantum simulator throughout work']",22167
100,44,100_object detection_bound box_anchor_iou,"['object detection', 'bound box', 'anchor', 'iou', 'detector', 'spinenet', 'detection', 'box', 'coco', 'object']","['rotation detection serve fundamental build block many visual application involve aerial image scene text face etc differ dominant regression base approach orientation estimation paper explore relatively less studied methodology base classification hope inherently dismiss boundary discontinuity issue encounter regression base detector propose new technique push frontier two aspect new encode mechanism design two densely cod label dcl angle classification replace sparsely cod label scl exist classification base detector lead three time train speed increase empirically observed across benchmark notable improvement detection accuracy ii loss weight propose angle distance aspect ratio sensitive weighting adarsw improve detection accuracy especially square like object make dcl base detector sensitive angular distance object aspect ratio extensive experiment visual analysis large scale public datasets aerial image e dota ucas aod hrsc well scene text dataset icdar mlt show effectiveness approach source code available http github com thinklab sjtu dcl retinanet tensorflow also integrate open source rotation detection benchmark http github com yangxue rotationdetection', 'four variable independent regression localization loss smooth ell loss use default modern detector nevertheless kind loss oversimplify inconsistent final evaluation metric intersection union iou directly employ standard iou also infeasible since constant zero plateau case non overlap box non zero gradient minimum may make trainable accordingly propose systematic method address problem firstly propose new metric extend iou eiou well define two box overlap reduced standard iou overlap secondly present convexification technique ct construct loss basis eiou guarantee gradient minimum zero thirdly propose steady optimization technique sot make fractional eiou loss approach minimum steadily smoothly fourthly fully exploit capability eiou base loss introduce interrelate iou predict head boost localization accuracy propose contribution new method incorporate faster r cnn resnet fpn backbone yield textbf map gain voc textbf map gain coco baseline smooth ell loss almost textbf training inferencing computational cost specifically stricter metric notable gain improve textbf map voc textbf map coco metric ap', 'object detection fundamental task computer vision approach axis align bound box detection make substantial progress recent year perform poorly orient object common several real world scenario aerial view imagery security camera footage case large part predict bound box undesirably cover non object relate area therefore orient object detection emerge aim generalize object detection arbitrary orientation enable tight fit orient object lead good separation bound box especially case dense object distribution vast majority work area focus complex two stage anchor base approach anchor act prior bound box shape require attentive hyper parameter fine tune per dataset basis increase model size come computational overhead work present dafne dense one stage anchor free deep network orient object detection one stage model dafne performs prediction dense grid input image architecturally simpler faster well easy optimize two stage counterpart furthermore anchor free model dafne reduces prediction complexity refrain employ bound box anchor moreover introduce orientation aware generalization center ness function arbitrarily orient bound box weight low quality prediction center corner bound box prediction strategy improve object localization performance dafne improve prediction accuracy previous best one stage anchor free model result dota map set new state art result achieve map']",22167
101,43,101_bandit_arm_regret_contextual bandit,"['bandit', 'arm', 'regret', 'contextual bandit', 'arm bandit', 'multi arm', 'estimator', 'thompson', 'ope', 'thompson sample']","['consider problem contextual bandits stochastic expert variation traditional stochastic contextual bandit expert problem problem setting assume access class stochastic expert expert conditional distribution arm give context propose upper confidence bound ucb algorithm problem employ two different importance sample base estimator mean reward expert estimator leverage information leakage among expert thus use sample collect expert estimate mean reward give expert lead instance dependent regret bound mathcal leave lambda pmb mu mathcal log delta right lambda pmb mu term depend mean reward expert delta small gap mean reward optimal expert rest mathcal quantifies information leakage among expert show assumption lambda pmb mu typically mathcal log n n number expert implement algorithm stochastic expert generate cost sensitive classification oracle show superior empirical performance real world datasets compare state art contextual bandit algorithm', 'multi arm bandit problem form foundation solve wide range line stochastic optimization problem simple yet effective mechanism one simply cast problem gambler repeatedly pull one n slot machine arm elicit random reward learn reward probability combine reward maximization carefully balance reward exploration reward exploitation paper address particularly intriguing variant multi arm bandit problem refer stochastic point location spl problem gambler tell whether optimal arm point lie leave right arm pull feedback erroneous probability pi formulation thus capture optimization continuous action space informative deceptive feedback tackle class problem formulate compact scalable bayesian representation solution space simultaneously capture location optimal arm well probability receive correct feedback introduce accompany thompson sample guide stochastic point location t spl scheme balance exploration exploitation learn pi t spl also support deceptive environment lie direction optimal arm turn allow u solve fundamental stochastic root find srf problem empirical result demonstrate scheme deal deceptive informative environment significantly outperform compete algorithms srf spl', 'partial monitoring game repeat game learner receives feedback might different adversary move even reward gain learner recently general model combinatorial partial monitoring cpm game propose cite lincombinatorial learner action space exponentially large adversary sample move bound continuous space accord fix distribution paper give confidence bound base algorithm gcb achieves log distribution independent log distribution dependent regret bound implementation algorithm depend two separate offline oracle distribution dependent regret additionally require existence unique optimal action learner adopt cpm model first contribution phase exploration greedy exploitation pege algorithmic framework problem different algorithm within framework achieve sqrt log distribution independent log distribution dependent regret respectively crucially framework need simpler argmax oracle gcb distribution dependent regret require existence unique optimal action second contribution another algorithm pege combine gap estimation pege algorithm achieve log regret bound match gcb guarantee remove dependence size learner action space however like gcb pege require access offline oracle existence unique optimal action finally discuss algorithm efficiently apply cpm problem practical interest namely online rank feedback top']",22167
102,42,102_semantic segmentation_segmentation_semantic_pixel,"['semantic segmentation', 'segmentation', 'semantic', 'pixel', 'pascal', 'wsss', 'image level', 'weakly supervise', 'segmentation network', 'pascal voc']","['current weakly supervise semantic segmentation wsss framework usually contain separated mask refinement model main semantic region mining model approach would contain redundant feature extraction backbone bias learn objective make computational complex yet sub optimal address wsss task solve problem paper establish compact learn framework embeds classification mask refinement component unified deep model share feature extraction backbone model able facilitate knowledge share two component preserve low computational complexity encourage high quality knowledge interaction propose novel alternative self dual teaching asdt mechanism unlike conventional distillation strategy knowledge two teacher branch model alternatively distil student branch pulse width modulation pwm generate pw wave like selection signal guide knowledge distillation process way student branch help prevent model fall local minimum solution cause imperfect knowledge provide either teacher branch comprehensive experiment pascal voc coco stuff k demonstrate effectiveness propose alternative self dual teaching mechanism well new state art performance approach', 'increase number image data lack correspond label weakly supervise learn drawn lot attention recently computer vision task especially fine grain semantic segmentation problem alleviate human effort expensive pixel pixel annotation method focus weakly supervise semantic segmentation wsss image level tags much easy obtain huge gap exist pixel level segmentation image level label reflect image level semantic information pixel important question explore congeneric semantic region class maximum construct patch level graph neural network p gnn base self detected patch different image contain class label patch frame object much possible include little background possible graph network establish patch node maximize mutual learning similar object regard embed vector patch node use transformer base complementary learning module construct weight edge accord embed similarity different node moreover well supplement semantic information propose soft complementary loss function match whole network structure conduct experiment popular pascal voc benchmark model yield state art performance', 'costly process obtain semantic segmentation label drive research towards weakly supervise semantic segmentation wsss method use image level point box label lack dense scene representation require method increase complexity obtain additional semantic information scene often do multiple stage train refinement current state art sota model leverage image level label produce class activation map cam go multiple stage refinement thresholded make pseudo mask supervision multi stage approach computationally expensive dependency image level label cams generation lack generalizability complex scene contrary method offer single stage approach generalizable arbitrary dataset trainable scratch without dependency pre train backbone classification separate refinement task utilize point annotation generate reliable fly pseudo mask refine filtered feature method require point annotation slightly expensive image level annotation demonstrate sota performance benchmark datasets pascalvoc well significantly outperform sota wsss method recent real world datasets craid citypersons iad']",22167
103,42,103_program synthesis_program_zoea_output example,"['program synthesis', 'program', 'zoea', 'output example', 'synthesis', 'input output', 'program induction', 'pbe', 'synthesize program', 'program size']","['recent year see proposal number neural architecture problem program induction give set input output example architectures able learn mapping generalize new test input achieve impressive result approach number important limitation computationally expensive hard train b model trained task program separately c hard interpret verify correctness learn mapping define neural network paper propose novel technique neuro symbolic program synthesis overcome mention problem trained approach automatically construct computer program domain specific language consistent set input output example provide test time method base two novel neural module first module call cross correlation network give set input output example produce continuous representation set example second module recursive reverse recursive neural network r nn give continuous representation example synthesize program incrementally expand partial program demonstrate effectiveness approach apply rich complex domain regular expression base string transformation experiment show r nn model able construct program new input output example also able construct new program task never observe training', 'inductive program synthesis input output example provide opportunity automatically create program scratch without presuppose algorithmic form solution induction general program loop opposed loop free program synthesis domain specific languages state art level introductory program assignment problem require algorithmic subtlety fast sort remain reach without benefit significant problem specific background knowledge key challenge identify cue available guide search towards correct loop program present makespeare simple delay acceptance hillclimbing method synthesizes low level loop program input output example search delay acceptance bypass small gain identify significantly improve step stone program tend generalize enable progress method performs well set establish benchmark succeed previously unsolved collatz number program synthesis problem additional benchmark include problem rapidly sort integer array observe emergence comb sort shell sort variant empirically fast makespeare also synthesize record set program one puzzle ti assembly language programming game', 'thesis look program example pbe find program mapping give input give output pbe traditionally see split formal versus neural approach formal approach typically involve deductive technique sit solver type neural approach involve train sample input output correspond program typically use sequence base machine learn technique lstms result split program type yet use neural program synthesis technique propose way incorporate programming type neural program synthesis approach pbe introduce type neuro symbolic program synthesis tnsps method base idea test functional programming context empirically verify type information may help improve generalization neural synthesizer limit size datasets tnsps model build upon exist neuro symbolic program synthesis nsps tree base neural synthesizer combine info input output example plus current program expose information type input output example grammar production rule well hole wish expand program explain generate dataset within domain us limit subset haskell synthesis language finally discuss several topic interest may help take idea reproducibility release code publicly']",22167
104,42,104_agent base_abm_innovation diffusion_em,"['agent base', 'abm', 'innovation diffusion', 'em', 'pram', 'base simulation', 'mdd', 'sopra', 'social practice', 'organize multi']","['advance healthcare quality life significantly increase human life expectancy age population new un face challenge bring science human body naturally select well functioning age reproduction keep specie alive however lifespan extend unseen problem due body deterioration emerge several age relate disease appropriate treatment therefore complex age phenomenon need understanding immunosenescence age immune system highly correlate negative effect age increase auto inflammatory disease decrease responsiveness new disease besides clinical mathematical tool believe opportunity exploit simulation tool understand immunosenescence compare real world experimentation benefit include time cost effectiveness due laborious resource intensiveness biological environment possibility conduct experiment without ethic restriction contrast mathematical model simulation model suitable represent complex system emergence addition belief simulation model easier communicate interdisciplinary context work investigate usefulness simulation understand immunosenescence employ two different simulation method agent base system dynamic simulation case study immune cell depletion age', 'agent base model popular number different area example use range domains range model tumor growth immune system molecule model social network crowd computer mobile self organize network one reason success intuitiveness similarity human cognition however power abstraction spite easily applicable wide number domain hard validate agent base model addition build valid credible simulation challenge task also crucial exercise ensure model level abstraction model conceptual system system mind paper address important area validation agent base model present novel technique broad applicability apply kind agent base model present framework virtual overlay multi agent system use validate simulation model addition since agent base model typically grow parallel multiple domain cater present new single validation technique applicable agent base model technique allow validation agent base simulation use vomas virtual overlay multi agent system overlay multi agent system comprise various type agent form overlay top agent base simulation model need validate able watch log agent contain clearly define constraint violate logged real time demonstrate effectiveness show broad applicability wide variety simulation model range social science computer network spatial non spatial conceptual model', 'model simulation complex system key explore understanding social process benefit formal mechanism derive global level property local level interaction paper extend body knowledge formal method complex system apply eb devs novel formalism tailor modelling simulation live identification emergent property guide reader implementation different classical model vary social system introduce good modelling practice showcase advantage limitation model emergence eb devs particular live emergence detection capability work provide case study drive evidence neatness compactness approach model communication structure explicit implicit static dynamic without multilevel interaction weak strong emergent behaviour throughout example show eb devs permit conceptualise analysed society incorporate emergent behaviour require namely integrate macro level aggregate gini index sugarscape model fad fashion dissemination culture model size bias degree distribution preferential attachment model happiness index segregation model quarantine sir epidemic model example discuss role communication structure development multilevel simulation model illustrate micro macro feedback loop enable model macro level property result stress relevance multilevel feature support robust approach model simulation complex system']",22167
105,41,105_anomaly_anomaly detection_outlier_outlier detection,"['anomaly', 'anomaly detection', 'outlier', 'outlier detection', 'anomalous', 'detect anomaly', 'log', 'oesnn', 'badac', 'detection']","['recently phishing scam pose significant threat blockchains phishing detector direct effort hunt phishing address detector extract target address transaction behavior feature random walk construct static subgraphs random walk method unfortunately usually miss structural information due limit sample sequence length static subgraph method tend ignore temporal feature lie evolve transaction behavior importantly performance undergoes severe degradation malicious user intentionally hide phishing behavior address challenge propose tegdetector dynamic graph classifier learn evolve behavior feature transaction evolution graph teg first cast transaction series multiple time slice capture target address transaction behavior different period provide fast non parametric phishing detector narrow search space suspicious address finally tegdetector considers spatial temporal evolution towards complete characterization evolve transaction behavior moreover tegdetector utilizes adaptively learnt time coefficient pay distinct attention different period provide several novel insight extensive experiment large scale ethereum transaction dataset demonstrate propose method achieve state art detection performance', 'much world data stream time series data anomaly give significant information critical situation example abound domain finance security medical energy yet detect anomaly stream data difficult task require detector process data real time batch learn simultaneously make prediction benchmark adequately test score efficacy real time anomaly detector propose numenta anomaly benchmark nab attempt provide control repeatable environment open source tool test measure anomaly detection algorithm stream data perfect detector would detect anomaly soon possible trigger false alarm work real world time series data across variety domain automatically adapt change statistic reward characteristic formalize nab use score algorithm design stream data nab evaluate detector benchmark dataset label real world time series data present component give result analyse several open source commercially use algorithms goal nab provide standard open source framework research community compare evaluate different algorithm detect anomaly stream data', 'unsupervised anomaly discovery stream data research topic many practical application however many case easy collect enough training data label anomaly supervise learn anomaly detector order deploy later identification real anomaly stream data thus important design anomaly detector correctly detect anomaly without access label training data idea adapt online evolve spike neural network oesnn classifier anomaly detection task result offer online evolve spike neural network unsupervised anomaly detection algorithm oesnn uad unlike oesnn work unsupervised way separate output neuron disjoint decision class oesnn uad us propose new two step anomaly detection method also derive new theoretical property neuronal model input layer encode oesnn enable effective efficient detection anomaly oesnn uad approach propose oesnn uad detector experimentally compare state art unsupervised semi supervise detector anomaly stream data numenta anomaly benchmark yahoo anomaly datasets repositories approach outperforms solution provide literature case data stream numenta anomaly benchmark repository also case real data file yahoo anomaly benchmark repository oesnn uad outperforms select algorithms whereas case yahoo anomaly benchmark synthetic data file provide competitive result result recently report literature']",22167
106,41,106_continual_forget_catastrophic_catastrophic forget,"['continual', 'forget', 'catastrophic', 'catastrophic forget', 'continual learn', 'lifelong', 'lifelong learn', 'catastrophic forgetting', 'incremental', 'forgetting']","['artificial learn system continual learning time stream data essential burgeon study supervise continual learning achieve great progress study catastrophic forgetting unsupervised learn still blank among unsupervised learn method self supervise learn method show tremendous potential visual representation without label data scale improve visual representation self supervise learn large vary data need real world unlabeled data generate time circumstance provide huge advantage learn self supervised method however current paradigm pack previous data current data together train waste time resource thus continual self supervise learn method badly need paper make first attempt implement continual contrastive self supervise learn propose rehearsal method keep exemplars previous data instead directly combine save exemplar current data set training leverage self supervise knowledge distillation transfer contrastive information among previous data current network mimic similarity score distribution infer old network set save exemplar moreover build extra sample queue assist network distinguish previous current data prevent mutual interference learn feature representation experimental result show method performs well cifar imagenet sub compare baseline learn task without take technique improve image classification top accuracy cifar imagenet sub imagenet full incremental step set', 'deep neural network dnn could forget knowledge early task learn new task know textit catastrophic forget recent continual learning method capable alleviate catastrophic problem toy size datasets issue still remain tackled apply real world problem recently fast mask base learn method e g piggyback cite mallya piggyback propose address issue learn binary element wise mask fast manner keep backbone model fix however binary mask limit model capacity new task recent work cite hung compact proposes compress grow base method cpg achieve good accuracy new task partially train backbone model order high training cost make infeasible deployed popular state art edge mobile learn primary goal work simultaneously achieve fast high accuracy multi task adaption continual learn set thus motivate propose new training method call textit kernel wise soft mask ksm learn kernel wise hybrid binary real value soft mask task use backbone model soft mask view superposition binary mask properly scale real value tensor offer rich representation capability without low level kernel support meet objective low hardware overhead validate ksm multiple benchmark datasets recent state art method e g piggyback packnet cpg etc show good improvement accuracy training cost', 'ability continuously acquire new knowledge without forget previous task remain challenge problem computer vision system standard continual learning benchmark focus learn static iid image offline set examine challenge realistic online continual learning problem call online stream learn like human ai agent learn incrementally continuous temporal stream non repeat data propose novel model hypothesis driven augment memory network hamn efficiently consolidate previous knowledge use augmented memory matrix hypotheses replay reconstruct image feature avoid catastrophic forgetting compare pixel level generative replay approach advantage hamn two fold first hypothesis base knowledge consolidation avoids redundant information image pixel space make memory usage far efficient second hypothesis augment memory use learn new task improve generalization transfer learn ability give lack online incremental class learn datasets video stream introduce adapt two additional video datasets toybox ilab online stream learning also evaluate method core online cifar datasets method performs significantly well state art method offer much efficient memory usage source code data publicly available http github com kreimanlab augmem']",22167
107,40,107_conceptual space_conceptual_lattice_geometric way,"['conceptual space', 'conceptual', 'lattice', 'geometric way', 'formal', 'scale measure', 'space geometric', 'instance represent', 'multisets', 'influential conceptual']","['highly influential framework conceptual space provide geometric way represent knowledge instance represent point high dimensional space concept represent convex region space point problem convexity requirement propose formalization conceptual space base fuzzy star shape set formalization us parametric definition concept extend original framework add mean represent correlation different domain geometric way moreover define computationally efficient operation concepts intersection union projection onto subspace show operation support learn reasoning process', 'highly influential framework conceptual space provide geometric way represent knowledge instance represent point similarity space concept represent convex region space point problem convexity requirement propose formalization conceptual space base fuzzy star shape set formalization us parametric definition concept extend original framework add mean represent correlation different domain geometric way moreover define various operation formalization create new concept old one measure relation concept present illustrative toy example sketch research project concept formation base formalization implementation', 'chapter discus soft concept analysis study identifies enrich notion conceptual scale develop formal concept analysis enrich notion linguistic variable discuss fuzzy logic identification enrich conceptual scale enrich linguistic variable make previous paper enrich interpretation robert e kent chapter offer arguments importance identification discuss philosophy spirit practical application conceptual scaling discovery conceptual analysis interpretation categorization network information resource argue linguistic variable define right generalization valuate category provide natural definition process soft conceptual scaling enrichment use valuated category model relation indiscernability notion central importance rough set theory fundamental level soft concept analysis also model derivation formal concept process central importance formal concept analysis soft concept analysis synonymous enrich concept analysis one viewpoint study soft concept analysis initiate extend formal concept analysis soft computational structure another viewpoint soft concept analysis provide natural foundation soft computation unify explain notion soft computation term suitably generalize notion formal concept analysis rough set theory fuzzy set theory']",22167
108,40,108_variational_posterior_dgps_variational inference,"['variational', 'posterior', 'dgps', 'variational inference', 'gp', 'gaussian', 'gps', 'normalize flow', 'uncertainty estimate', 'variational posterior']","['previously identify equivalence wide fully connect neural network fcns gaussian process gps equivalence enables instance test set prediction would result fully bayesian infinitely wide train fcn compute without ever instantiate fcn instead evaluate correspond gp work derive analogous equivalence multi layer convolutional neural network cnns without pool layer achieve state art result cifar gps without trainable kernel also introduce monte carlo method estimate gp correspond give neural network architecture even case analytic form many term computationally feasible surprisingly absence pool layer gps correspond cnns without weight share identical consequence translation equivariance beneficial finite channel cnns train stochastic gradient descent sgd guarantee play role bayesian treatment infinite channel limit qualitative difference two regime present fcn case confirm experimentally scenarios performance sgd train finite cnns approach correspond gps channel count increase careful tune sgd train cnns significantly outperform correspond gps suggest advantage sgd training compare fully bayesian parameter estimation', 'gaussian process gps ubiquitously use science engineering metamodels standard gps however handle numerical quantitative variable paper introduce latent map gaussian process lmgps inherit attractive property gps also applicable mixed data quantitative qualitative input core idea behind lmgps learn continuous low dimensional latent space manifold encodes qualitative input learn manifold first assign unique prior vector representation combination qualitative input use low rank linear map project prior manifold characterizes posterior representation posterior quantitative directly use standard correlation function gaussian matern hence optimal map correspond manifold along hyperparameters correlation function systematically learn via maximum likelihood estimation wide range analytic real world examples demonstrate advantage lmgps state art method term accuracy versatility particular show lmgps handle variable length input explainable neural network interpretation provide insight qualitative input affect response interact also employ lmgps bayesian optimization illustrate discover optimal compound composition efficiently conventional method convert composition qualitative variable via manual featurization', 'bayesian inference structure model typically rely ability infer posterior distribution underlie hidden variable however inference implicit model complex posterior distribution hard popular tool learn implicit model generative adversarial network gans learn parameter generator fool discriminator typically gans consider model understood context inference current technique rely inefficient global discrimination joint distribution perform learn consider discriminate single output variable overcome limitation treat gans basis likelihood free inference generative model generalize bayesian posterior inference factor graph propose local learning rule base message pass minimize global divergence criterion involve cooperate local adversary use sidestep explicit likelihood evaluation allow u compose model yield unify inference learning framework adversarial learning framework treat model specification inference separately facilitate richly structure model within family direct acyclic graph include component intractable likelihood non differentiable model simulator generally cumbersome model key result treatment insight bayesian inference structure model perform sample discrimination use nonparametric variational family without access explicit distribution side result discus link likelihood maximization approach hold promise useful toolbox probabilistic modeler enrich gamut current probabilistic programming application']",22167
109,40,109_subspace_tsne_dimensionality reduction_subspace cluster,"['subspace', 'tsne', 'dimensionality reduction', 'subspace cluster', 'dimensionality', 'dimension reduction', 'rank', 'lrc', 'multi view', 'lrc mcf']","['dimension reduction often need area data mining goal method map give high dimensional data low dimensional space preserve certain property initial data two kind technique purpose first projective method build explicit linear projection high dimensional space low dimensional one hand nonlinear method utilizes nonlinear implicit mapping two space case method consider literature usually rely computationally intensive matrix factorization frequently singular value decomposition svd computational burden svd quickly render dimension reduction method infeasible thanks ever increase sizes practical datasets paper present new decomposition strategy reduce basis decomposition rbd inspire reduced basis method rbm give x high dimensional data method approximate approx x low dimensional surrogate transformation matrix obtain greedy algorithm thus extremely efficient fact significantly faster svd comparable accuracy compute fly moreover unlike many compression algorithm easily find map arbitrary sample vector come error indicator certify accuracy compression numerical result show validate claim', 'practical application common utilize multiple feature different view represent one object among work multi view subspace base clustering gain extensive attention many researcher aim provide cluster solution multi view data however exist method fail take full use locality geometric structure similarity relationship among sample multi view scenario solve issue propose novel multi view learn method locality relationship constraint explore problem multi view cluster call locality relationship constrain multi view cluster framework lrc mcf lrc mcf aim explore diversity geometric consensus complementary information among different view capture locality relationship information common similarity relationship among multiple view moreover lrc mcf take sufficient consideration weight different view find common view locality structure straightforwardly produce final cluster effectually reduce redundancy learn representation low rank constraint common similarity matrix consider additionally solve minimization problem lrc mcf alternate direction minimization adm method provide iteratively calculate variable lrc mcf extensive experimental result seven benchmark multi view datasets validate effectiveness lrc mcf method', 'development information technology witness age data explosion produce large variety data fill redundant information dimension reduction essential tool embeds high dimensional data low dimensional subspace avoid redundant information attract interest researcher world however face feature multiple view difficult dimension reduction method fully comprehend multi view feature integrate compatible complementary information feature construct low dimensional subspace directly furthermore multi view dimension reduction method cannot handle feature nonlinear space high dimension therefore construct multi view dimension reduction method deal multi view feature high dimensional nonlinear space vital importance challenge order address problem propose novel method name co regularize multi view sparse reconstruction embed cmsre paper exploit correlation sparse reconstruction multiple view cmsre able learn local sparse structure nonlinear manifold multiple view construct significative low dimensional representation due propose co regularize scheme correlation sparse reconstruction multiple view preserve cmsre much possible furthermore sparse representation produce meaningful correlation feature single view help cmsre gain good performance various evaluation base application document classification face recognition image retrieval demonstrate effectiveness propose approach multi view dimension reduction']",22167
110,40,110_emotion_emotion recognition_visual emotion_arousal,"['emotion', 'emotion recognition', 'visual emotion', 'arousal', 'valence', 'aff wild', 'aff', 'wild', 'emotional', 'arousal valence']","['past year many research effort devote field affect analysis various approach propose discrete emotion recognition term primary facial expression ii emotion analysis term facial action unit aus assume fix expression intensity iii dimensional emotion analysis term valence arousal va approach effective develop use large appropriately annotated database show behavior people wild e uncontrolled environment aff wild first large scale wild database include around frame videos annotate term va vast majority exist emotion database annotation limit either primary expression valence arousal action unit paper first annotate part around frame aff wild database term aus another part around frame term basic emotion category part database annotate term va well aus primary expression set tackle multi task learn emotion recognition well facial image generation multi task learning perform use deep neural network share hidden layer learn emotional attribute exploit inter dependency ii discriminator generative adversarial network gan hand image generation implement generator gan two task carefully design loss function fit examine set experiment presented illustrate good performance propose approach apply new annotated part aff wild database', 'automatic understanding human affect use visual signal problem attract significant interest past year however human emotional state quite complex appraise state display real world setting need expressive emotional descriptor capable capture describe complexity circumplex model affect describe term valence e positive negative emotion arousal e power activation emotion use purpose recent progress emotion recognition domain achieve development deep neural architecture availability large training database end aff wild first large scale wild database contain around frame paper build upon database extend subject new video frame call union aff wild additional data aff wild video download youtube large variation pose age illumination condition ethnicity profession database specific well cross database experiment perform paper utilize aff wild along recola database develop deep neural architecture base joint training state art convolutional recurrent neural network attention mechanism thus exploit invariant property convolutional feature model temporal dynamic arise human behaviour via recurrent layer obtain result show premise utilization extend aff wild well developed deep neural architecture visual analysis human behaviour term continuous emotion dimension', 'automatic understanding human affect use visual signal great importance everyday human machine interaction appraise human emotional state behavior reaction display real world setting accomplish use latent continuous dimension e g circumplex model affect valence e positive negative emotion arousal e power activation emotion constitute popular effective affect representation nevertheless majority collect datasets far although contain naturalistic emotional state capture highly control recording condition paper introduce aff wild benchmark training evaluate affect recognition algorithm also report result first affect wild challenge organize conjunction cvpr aff wild database first ever challenge estimation valence arousal wild furthermore design extensively train end end deep neural architecture performs prediction continuous emotion dimension base visual cue propose deep learning architecture affwildnet include convolutional recurrent neural network layer exploit invariant property convolutional feature also model temporal dynamic arise human behavior via recurrent layer affwildnet produce state art result aff wild challenge exploit affwild database learning feature use prior achieve best performance dimensional well categorical emotion recognition use recola afew va emotiw datasets compare method design goal database emotion recognition model available http ibug doc ic ac uk resource first affect wild challenge']",22167
111,39,111_estimator_kl_divergence_hoeffding,"['estimator', 'kl', 'divergence', 'hoeffding', 'mathcal', 'mathcal mathcal', 'kl mathcal', 'hoeffding inequality', 'huber', 'concave distribution']","['mixture expert moe model popular framework model heterogeneity data regression classification problem statistic machine learn due flexibility abundance statistical estimation model choice tool flexibility come allow mixture weight gate function moe model depend explanatory variable along expert component density permit model data arise complex data generate process compare classical finite mixture finite mixture regression model whose mix parameter independent covariates use moe model high dimensional setting number explanatory variable much large sample size e p gg n challenge computational point view particular theoretical point view literature still lack result deal curse dimensionality statistical estimation feature selection consider finite mixture expert model soft max gate function gaussian expert high dimensional regression heterogeneous data l regularize estimation via lasso focus lasso estimation property rather feature selection property provide low bound regularization parameter lasso function ensure l oracle inequality satisfy lasso estimator accord kullback leibler loss', 'examine new form smooth approximation zero one loss learning perform use reformulation widely use logistic function approach base use posterior mean novel generalize beta bernoulli formulation lead generalize logistic function approximate zero one loss retain probabilistic formulation confer number useful property approach easily generalize kernel logistic regression easily integrate method structure prediction present experiment learn model use optimization method consist combination gradient descent coordinate descent use localize grid search escape local minimum experiment indicate optimization quality improve learning meta parameter optimize use validation set experiment show improved performance relative widely use logistic hinge loss method wide variety problem range standard uc irvine libsvm evaluation datasets product review prediction visual information extraction task observe approach robust outlier compare logistic hinge loss outperform comparable logistic max margin model large scale benchmark problem combine gaussian laplacian mixture prior parameter kernelized version formulation yield sparser solution support vector machine classifier integrate probabilistic structured prediction technique approach provide accurate probability yield improved inference increase information extraction performance', 'understanding efficiency high dimensional linear model longstanding problem interest classical work small dimensional problem date back huber bickel illustrate benefit efficient loss function number parameter p order sample size n p approx n efficiency pattern different one huber recently establish work consider effect model selection estimation efficiency penalize method particular explore whether sparsity result new efficiency pattern p n interest derive asymptotic mean square error regularize estimator use powerful framework approximate message pass propose novel robust sparse approximate message pass algorithm ramp adaptive error distribution algorithm include many non quadratic non differentiable loss function derive asymptotic mean square error show convergence allow p n infty n p n infty identify new pattern relative efficiency regard number penalize estimator p much large n show classical information bound longer reachable even light tail error distribution show penalize least absolute deviation estimator dominate penalize least square estimator case heavy tailed distribution observe pattern choice number non zero parameter leq n approx n non penalize problem p approx n opposite regime hold therefore discover presence model selection significantly change efficiency pattern']",22167
112,39,112_ml_software_se_software engineering,"['ml', 'software', 'se', 'software engineering', 'intelligent service', 'engineering', 'software engineer', 'engineer', 'ai engineer', 'ml software']","['paper present ml quadrat open source research prototype base eclipse model framework emf state art literature model drive software engineering mdse smart cyber physical system cps internet thing iot envision user mostly software developer might deep knowledge skill heterogeneous iot platform diverse artificial intelligence ai technology specifically regard machine learn ml ml quadrat release term apache license github additionally demonstrate early tool prototype driotdata web base low code platform target citizen data scientist citizen end user software developer driotdata exploit adopts ml quadrat industry offering extended version subscription base service company mainly small medium size enterprise sme current preliminary version driotdata three web base model editor text base tree form base diagram base latter design domain expert problem use case domains namely iot vertical domain might knowledge skill field finally short video demonstrating tool available youtube https youtu vauz w k', 'paper propose novel approach support domain specific model driven software engineering mdse real world use case scenario smart cyber physical system cps internet thing iot argue majority available data nature artificial intelligence ai specifically machine learn ml unlabeled hence unsupervised semi supervise ml approach practical choice however prior work literature mdse consider supervised ml approach work label training data propose approach fully implement integrated exist state art mdse tool serve cps iot domain moreover validate propose approach use portion open data refit reference dataset smart energy system domain model code transformation code generator provide full source code desire iot service model instance automate manner currently generate source code java python python code responsible ml functionality use apis several ml library frameworks namely scikit learn kera tensorflow unsupervised semi supervise learn apis scikit learn deploy addition pure mdse approach certain ml method e g k mean mini batch k mean db scan spectral cluster gaussian mixture model self train label propagation label spread support flexible hybrid approach also enable support practitioner deploy pre train ml model arbitrary architecture learn algorithm', 'model use software engineering se artificial intelligence ai se model may specify architecture different level abstraction address different concern various stage software development life cycle early conceptualization design verification implementation test evolution however ai model may provide smart capability prediction decision make support instance machine learn ml currently popular sub discipline ai mathematical model may learn useful pattern observe data become capable make prediction goal work create synergy bringing model say community together propose holistic approach model drive software development intelligent system require ml illustrate software model become capable create deal ml model seamless manner main focus domain internet thing iot ml model drive se play key role context need take cyber physical system system perspective targeted architecture integrate design environment se ml sub system would best support optimization overall efficiency implementation result system particular implement propose approach call ml quadrat base thingml validate use case study iot domain well empirical user evaluation transpires propose approach feasible may also contribute performance leap software development smart cyber physical system cps connect iot well enhanced user experience practitioner use propose modeling solution']",22167
113,39,113_visual reasoning_visual_bongard_reasoning,"['visual reasoning', 'visual', 'bongard', 'reasoning', 'visual reason', 'sii', 'reason', 'spatial', 'metaconcepts', 'step transformation']","['prevail framework solve refer expression ground base two stage process detect proposal object detector ground referent one proposal exist two stage solution mostly focus ground step aim align expression proposal paper argue method overlook obvious mismatch role proposal two stage generate proposal solely base detection confidence e expression agnostic hoping proposal contain right instance expression e expression aware due mismatch current two stage method suffer severe performance drop detect ground truth proposal end propose ref nm first method yield expression aware proposal first stage ref nms regard nouns expression critical object introduces lightweight module predict score align box critical object score guide nms operation filter box irrelevant expression increase recall critical object result significantly improve grounding performance since ref nm agnostic grounding step easily integrate state art two stage method extensive ablation study several backbone benchmark task consistently demonstrate superiority ref nms cod available http github com chopinsharp ref nm', 'paper define new visual reasoning paradigm introduce important factor e transformation motivation come fact exist visual reasoning task clevr vqa solely define test well machine understand concepts relation within static setting like one image argue kind textbf state drive visual reasoning approach limitation reflect whether machine ability infer dynamic different state show important state level reason human cognition piaget theory tackle problem propose novel textbf transformation drive visual reasoning task give initial final state target infer correspond single step multi step transformation represent triplet object attribute value sequence triplet respectively follow definition new dataset namely trance construct basis clevr include three level setting e basic single step transformation event multi step transformation view multi step transformation variant view experimental result show state art visual reasoning model perform well basic still far human level intelligence event view believe propose new paradigm boost development machine visual reasoning advance method real data need investigate direction resource tvr available http hongxin github io tvr', 'spatial temporal reason challenge task artificial intelligence ai due demand unique nature theoretic requirement represent reason base spatial temporal knowledge mind apply requirement high level cognitive system capable navigate act space time recent work focus abstract reason task kind raven progressive matrix rpm despite encouraging progress rpm achieve human level performance term accuracy modern approach neither treatment human like reason generalization potential generate answer fill gap propose neuro symbolic probabilistic abduction execution prae learner central prae learner process probabilistic abduction execution probabilistic scene representation akin mental manipulation object specifically disentangle perception reason monolithic model neural visual perception frontend predict object attribute later aggregate scene inference engine produce probabilistic scene representation symbolic logical reason backend prae learner use representation abduce hidden rule answer predict executing rule probabilistic representation entire system train end end analysis synthesis manner without visual attribute annotation extensive experiment demonstrate prae learner improve cross configuration generalization capable render answer contrast prior work merely make categorical choice candidate']",22167
114,38,114_rationality_bound rationality_rational_fdt,"['rationality', 'bound rationality', 'rational', 'fdt', 'decision maker', 'rational decision', 'causal decision', 'maker', 'decision', 'edt']","['collective intelligence believe underly remarkable success human society formation accurate share belief one key component human collective intelligence accurate share belief form group fallible individual answer question require multiscale analysis must understand individual decision mechanism people use property dynamic mechanisms aggregate yet mathematical tool approach lack address gap introduce new analytical framework propose group arrive accurate share belief via distributed bayesian inference distribute inference occur information process individual level yield rational belief formation group level instantiate framework new model human social decision make validate use dataset collect user online social trading platform investor mimic others trade use real money foreign exchange asset market find set people use decision mechanism popularity treat prior distribution decision best make mechanism boundedly rational individual level prove aggregate implement type approximate thompson sample well know highly effective single agent bayesian machine learn algorithm sequential decision make perspective distribute bayesian inference therefore reveals collective rationality emerge boundedly rational decision mechanism people use', 'deviation rational decision making due limit computational resource study field bound rationality originally propose herbert simon number different approach model bound rationality range optimality principle heuristic take information theoretic approach bound rationality information processing cost measure relative entropy posterior decision strategy give fix prior strategy case multiple environment show optimal prior rendering bound rationality problem equivalent rate distortion problem lossy compression information theory accordingly optimal prior posterior strategy compute well know blahut arimoto algorithm require computation partition sum possible outcome cannot apply straightforwardly continuous problem derive sample base alternative update rule adaptation prior behavior decision maker show convergence optimal prior predict rate distortion theory importantly update rule avoids typical infeasible operation computation partition sum show simulation proof concept discrete action environment domains approach interest generic computational method might also provide realistic model human decision making process occur fast slow time scale', 'bound rationality important consideration stem fact agent often limit process ability make assumption perfect rationality inapplicable many real task propose information theoretic approach inference agent decision smithian competition model explicitly capture boundedness agent limited information processing capacity cost information acquisition expand prior beliefs expansion measure kullblack leibler divergence posterior decision prior beliefs information acquisition free homo economicus agent recover case information acquisition become costly agent instead revert prior belief maximum entropy principle use infer least biased decision base upon notion smithian competition formalise within quantal response statistical equilibrium framework incorporation prior beliefs framework allow u systematically explore effect prior beliefs decision make presence market feedback well importantly add temporal interpretation framework verify propose model use australian housing market data show incorporation prior knowledge alters result agent decision specifically allow separation past beliefs utility maximisation behaviour agent well analysis evolution agent belief']",22167
115,38,115_neuron_cortical_backpropagation_synaptic,"['neuron', 'cortical', 'backpropagation', 'synaptic', 'plasticity', 'calcium', 'synapsis', 'neocortex', 'biologically', 'neuronal']","['recently daily routine associative neural network propose network hebbian learns awake state thus behave standard hopfield model sleep state optimize information storage consolidate pure pattern remove spurious one force synaptic matrix collapse projector one ultimately approach kanter sompolinksy model procedure keep learn hebbian base biological must take advantage properly stylize sleep phase still reach maximal critical capacity symmetric interaction far emerge picture well bulk paper unlearn technique support solely mathematically challenge route e g mainly replica trick analysis numerical simulation rely extensively guerra interpolation technique develop neural network particular extend generalize stochastic stability approach case confine description within replica symmetric approximation previous one lie picture paint regard generalization previously exist variation theme entirely confirm still rely guerra scheme develop systematic fluctuation analysis check ergodicity break analysis entirely absent previous investigation find long network awake ergodicity bound amit gutfreund sompolinsky critical line network sleep sleep destroys spin glass state extend retrieval well ergodic region entire sleeping session solely survive region retrieval ergodic one allow network achieve perfect retrieval regime number storable pattern equal number neuron network', 'learn useful dynamic long time scale neuron must use plasticity rule account long term circuit wide effect synaptic change word neural circuit must solve credit assignment problem appropriately assign responsibility global network behavior individual circuit component furthermore biological constraint demand plasticity rule spatially temporally local synaptic change depend variable accessible pre postsynaptic neuron artificial intelligence offer computational solution credit assignment namely backpropagation time bptt solution wildly biologically implausible require nonlocal computation unlimited memory capacity synaptic change complicate function entire history network activity similar nonlocality issue plague approach force sussillo et al overall still miss model learn recurrent circuit work computationally use local update leverage recent advance machine learn approximate gradient bptt derive biologically plausible plasticity rule enable recurrent network accurately learn long term dependency sequential data solution take form neuron segregate voltage compartment several synaptic sub population different functional property network operate distinct phase synaptic sub population update local plasticity rule result provide new insight potential role segregate dendritic compartment branch specific inhibition global circuit phase learn', 'paper propose framework biological learn mechanism general learning system proposal follow burst tonic mode fire pattern find many neuron type brain correspond two separate mode information process one mode result awareness another mode subliminal coding scheme neuron burst state code high level perceptual abstraction represent pattern sensory stimulus volitional abstraction represent pattern muscle contraction sequence within ms minimum integration time experience burst neuron form synchrony ensemble allow bind relate percept degree different bursting neuron merge synchrony ensemble depend underlying cortical connection represent degree perceptual similarity synchrony ensembles compete selective attention remain active dominant synchrony ensemble trigger episodic memory recall hippocampus form new episodic memory current sensory stimulus result stream thought neuromodulation modulate top selection synchrony ensembles memory formation episodic memory store hippocampus transfer semantic procedural memory cortex rapid eye movement sleep updating cortical neuron synaptic weight spike time dependent plasticity update synaptic weight new neuron become burst previous burst neuron become tonic allow burst neuron move high level perceptual abstraction finally propose learn mechanism compare back propagation algorithm use deep neural network proposal credit assignment problem address current proposal present']",22167
116,38,116_ilp_inductive logic_ilasp_hypothesis,"['ilp', 'inductive logic', 'ilasp', 'hypothesis', 'program ilp', 'inductive', 'logic program', 'hypothesis space', 'program', 'background knowledge']","['describe class calculus expressive enough describe improve learn process design debug program satisfy give input output constraint base ontology previously learn program improve model world check actual result action robotic activator instance could check black box car crash determine probably cause electric failure stick electronic gate dark ice condition must add ontology order meet sub goal prevent crash future class algebra basically define eval eval galois connection residuated boolean algebra equivalence class super sub class class algebra type expression residual boolean algebra biclique relationship distinguishes formulas equivalent entail unrelated base simplification algorithm may think produce unique pair karnaugh map describe rough set maximal bicliques relation map divide n dimensional space n conjunction n proposition clopen e close set region boundary causal set class algebra generalize type fuzzy class algebra use relative frequency probability also generalize class calculus involve assignment change state program index term value boolean logic artificial intelligence causal set class algebra consciousness intelligent design hierarchy mathematical logic meta theory pointless topological space residuated lattice rough set type fuzzy set', 'describe inductive logic program ilp approach call learning failure approach ilp system learner decompose learn problem three separate stage generate test constrain generate stage learner generate hypothesis logic program satisfies set hypothesis constraint constraint syntactic form hypotheses test stage learner test hypothesis train example hypothesis fail entail positive example entail negative example hypothesis fail constrain stage learner learn constraint fail hypothesis prune hypothesis space e constrain subsequent hypothesis generation instance hypothesis general entail negative example constraint prune generalisation hypothesis hypothesis specific entail positive example constraint prune specialisation hypothesis loop repeat either learner find hypothesis entail positive none negative example ii hypotheses test introduce popper ilp system implement approach combine answer set program prolog popper support infinite problem domains reason list number learn textually minimal program learn recursive program experimental result three domain toy game problem robot strategy list transformation show constraint drastically improve learn performance ii popper outperform exist ilp system term predictive accuracy learn time', 'goal inductive logic program ilp learn program explain set example recently research ilp target learn prolog program ilasp system instead learn answer set program asp learn expressive program widen applicability ilp considerably example enable preference learn learn common sense knowledge include default exception learn non deterministic theory early version ilasp consider meta level ilp approach encode learning task logic program delegate search asp solver recently ilasp shift towards new method inspire conflict drive sit asp solver fundamental idea approach call conflict driven ilp cdilp iteratively interleave search hypothesis generation constraint explain current hypothesis cover particular example coverage constraint allow ilasp rule current hypothesis entire class hypotheses satisfy coverage constraint paper formalise cdilp approach present ilasp ilasp system cdilp demonstrate scalable previous ilasp system particularly presence noise consideration theory practice logic program tplp']",22167
117,37,117_rough_attribute reduction_upper approximation_rough base,"['rough', 'attribute reduction', 'upper approximation', 'rough base', 'heuristic attribute', 'fuzzy', 'granular', 'contamination', 'operator space', 'granular operator']","['one perspective main theme research revolve around inverse problem context general rough set concern existence rough basis give approximation context granular operator space variant recently introduce present author optimal framework anti chain base algebraic semantics general rough set inverse problem framework various sub type crisp non crisp object identifiable may miss restrictive formalism also latter case concept complementation negation take granted reality complicate dialectical basis motivate general approach dialectical rough set build previous work present author figure opposition paper dialectical rough logic invent semantic perspective concept dialectical predicate formalise connection dialetheias glutty negation establish parthood analyze studied viewpoint classical dialectical figure opposition present author method become geometrical encompass parthood primary relation oppose roughly equivalent object algebraic semantics', 'granular operator space variant introduce used theoretical investigation foundation general rough set present author last year research high order version present uniformly partial algebraic system also adapt practical application data representable data table like structure accord minimalist schema avoid contamination issue relate valuation use information system table also address concept contamination introduce studied present author across number paper concern mix information across semantic domain domains discourse rough inclusion function textsf rif variant numeric function often direct indirect role contaminate algorithms solution seek replace avoid propose investigated present author earlier paper multiple kind solution interest contamination problem granular generalization rifs propose investigated interesting representation result prove core algebraic strategy generalize skowron polkowski style rough mereology though different purpose formulate number example add illustrate key part proposal high order variant granular operator space algorithms ground mereological nearness suit decision make human machine interaction context propose present author application granular textsf rif partial soft solution inverse problem also invent paper', 'theory introduce present developed paper concern enriched extension theory rough set pioneer zdzislaw pawlak enrichment discuss sense valuated category develop f w lawvere paper relate rough set abstraction theory fuzzy set pioneer lotfi zadeh provide natural foundation soft computation paraphrase lotfi zadeh impetus transition hard theory soft theory derives fact generality theory applicability real world problem substantially enhance replace various hard concept soft counterpart discuss correspond enrich notion indiscernibility subset upper low approximation rough set throughout indicate linkage theory formal concept analysis pioneer rudolf wille pay particular attention important notion linguistic variable develop enriched extension compare notion conceptual scale formal concept analysis discuss pragmatic issue creation use interpretation data pragmatic issue exemplify discovery conceptual analysis interpretation categorization network information resource wave web analysis visualization environment currently develop management interpretation universe resource information distribute world wide web']",22167
118,37,118_galaxy_solar_black hole_merger,"['galaxy', 'solar', 'black hole', 'merger', 'astronomical', 'hole merger', 'texttt', 'observatory', 'astrophysical', 'binary black']","['space telescope solar hard x ray image provide observation make sample fourier component incoming photon flux aim study design image reconstruction method rely enhanced visibility interpolation fourier domain method head mandatory interpolation base method apply synthetic visibility generate mean simulation software implement within framework spectrometer telescope image x ray stix mission board solar orbiter application experimental visibility observe reuven ramaty high energy solar spectroscopic imager rhessi also consider order interpolate visibility data utilize approach base variably scaled kernel vsks able realize feature augmentation exploit prior information flare source use first time image reconstruction purpose result head mandatory compare interpolation base reconstruction algorithm previously introduce rhessi vsks offer significantly good performance particularly case stix image characterize notably sparse sample fourier domain case rhessi data novel approach particularly reliable either flaring source characterize narrow ribbon like shape high resolution detector utilized observation conclusion head optional leave empty necessary use vsks interpolate hard x ray visibility allow notable image reconstruction accuracy information flare source encode small set scatter fourier data visibility surface affect significant oscillation frequency domain', 'present deep learn artificial intelligence model capable learn forecast late inspiral merger ringdown numerical relativity waveform describe quasi circular spin non precess binary black hole merger use nrhybsur dq surrogate model produce train validation test set ell waveform cover parameter space binary black hole merger mass ratio q leq individual spin z leq waveform cover time range textrm textrm mark merger event define maximum value waveform amplitude harness thetagpu supercomputer argonne leadership compute facility train ai model use train set million waveform use nvidia dgx node consist nvidia tensor core gpus amd rome cpu fully train model within hour finding show artificial intelligence accurately forecast dynamical evolution numerical relativity waveform time range textrm textrm sample test set waveform find average overlap target predict waveform gtrsim entire parameter space consideration also combine scientific visualization accelerate compute identify component model take knowledge early late time waveform evolution accurately forecast latter part numerical relativity waveform work aims accelerate creation scalable computationally efficient interpretable artificial intelligence model gravitational wave astrophysics', 'spin distribution binary black hole merger contain key information concern formation channel object astrophysical environment form evolve coalesce quantify suitability deep learning characterize signal manifold quasi circular spin non precess binary black hole merger introduce modify version wavenet train novel optimization scheme incorporate general relativistic constraint spin property astrophysical black hole neural network model train validate test million ell waveform generate within regime validity nrhybsur dq e mass ratio q leq individual black hole spin z leq use neural network model quantify accurately infer astrophysical parameter black hole merger absence noise compute overlap waveform test data set corresponding signal whose mass ratio individual spin predict neural network find convergence high performance compute physic inspired optimization algorithm enable accurate reconstruction mass ratio individual spin binary black hole merger across parameter space consideration significant step towards inform utilization physic inspire deep learning model reconstruct spin distribution binary black hole merger realistic detection scenario']",22167
119,37,119_track_tracker_object track_mot,"['track', 'tracker', 'object track', 'mot', 'vot', 'track object', 'tracking', 'object tracker', 'gmot', 'visual tracking']","['motion blur cause move object camera exposure key challenge visual object track affect track accuracy significantly work explore robustness visual object tracker motion blur new angle e adversarial blur attack aba main objective online transfer input frames natural motion blur counterpart mislead state art tracker track process end first design motion blur synthesize method visual tracking base generation principle motion blur consider motion information light accumulation process synthetic method propose optimization base aba op aba iteratively optimize adversarial objective function track w r motion light accumulation parameter op aba able produce natural adversarial example iteration cause heavy time cost make unsuitable attack real time tracker alleviate issue propose one step aba os aba design train joint adversarial motion accumulation predictive network jamanet guidance op aba able efficiently estimate adversarial motion accumulation parameter one step way experiment four popular datasets e g otb vot uav lasot demonstrate method able cause significant accuracy drop four state art tracker high transferability please find source code url http github com tsingqguo aba', 'computer vision domain move object track consider one tough problem many factor associate like illumination light noise occlusion sudden start stop move object shade make track even hard problem dynamic background also static background paper present new object track algorithm base dominant point track object use quantum particle swarm optimization qpso new different version pso base quantum theory novelty approach successfully applicable variable background well static background application quantum pso make algorithm run lot fast basic pso algorithm fail due heavy computation approach firstly dominants point tracked object detect group particles form swarm initialize randomly image search space start search curvature connect two consecutive dominant point satisfy fitness criterion obviously multi swarm approach multiple dominant point move curvature move curvature movement track swarm throughout video eventually swarm reach optimal solution bound box drawn base particles final position experimental result demonstrate propose qpso base method work efficiently effectively visual object track dynamic static environment run time show run closely fast basic pso approach also apply parallelism use matlab parfor command show less number iteration swarm size enable u successfully track object', 'compare visible object track thermal infrared tir object track track arbitrary target total darkness since cannot influence illumination variation however many unwanted attribute constrain potential tir track absence visual color pattern low resolution recently structure output support vector machine sosvm discriminative correlation filter dcf successfully apply visible object track respectively motivate paper propose large margin structure convolution operator lmsco achieve efficient tir object track improve track performance employ spatial regularization implicit interpolation obtain continuous deep feature map include deep appearance feature deep motion feature tir target finally collaborative optimization strategy exploit significantly update operator approach inherits advantage strong discriminative capability sosvm also achieve accurate robust track high dimensional feature dense sample best knowledge first incorporate advantage dcf sosvm tir object track comprehensive evaluation two thermal infrared track benchmark e vot tir vot tir clearly demonstrate lmsco tracker achieve impressive result outperforms state art tracker term accuracy robustness sufficient frame rate']",22167
120,37,120_worker_crowdsourcing_crowd_crowdsourcing platform,"['worker', 'crowdsourcing', 'crowd', 'crowdsourcing platform', 'peer assessment', 'crowdsourced', 'crowd worker', 'requester', 'responsive prize', 'quizz']","['context success software crowdsourcing depends steady task supply active worker pool exist analysis reveals average task failure ratio software crowdsourcing market goal objective study empirically investigate pattern effect task diversity software crowdsourcing platform order improve success efficiency software crowdsourcing method propose conceptual task diversity model develop approach measure analyze task diversity specifically include group similar task rank base competition level identify dominant attribute distinguish among level study impact task diversity task success worker performance crowdsourcing platform empirical study conduct one year real world data topcoder lead software crowdsourcing platform result identify monetary prize task complexity dominant attribute differentiate among different competition level base dominant attribute find three task diversity pattern configuration worker behavior perspective responsive prize responsive prize complexity responsive prize study support responsive prize configuration provide high level task density worker reliability platform responsive prize complexity configuration lead attract high level trustworthy worker responsive prize configuration result high task stability low failure ratio platform high similar task', 'crowdsourcing system commonly face problem aggregate multiple judgment provide potentially unreliable worker addition several aspect design efficient crowdsourcing process define worker bonus fair price time limit task involve knowledge likely duration task hand bring together work introduce new time sensitive bayesian aggregation method simultaneously estimate task duration obtain reliable aggregation crowdsourced judgment method call bcctime build key insight time take worker perform task important indicator likely quality produce judgment capture bcctime use latent variable represent uncertainty worker completion time task duration worker accuracy relate quality judgment time worker spend task model assume task complete within latent time window within worker propensity genuinely attempt label task e spammer expect submit judgment contrast worker low propensity valid labeling spammer bots lazy labelers assume perform task considerably faster slow time require normal worker specifically use efficient message pass bayesian inference learn approximate posterior probability confusion matrix worker ii propensity valid labeling worker iii unbiased duration task iv true label task use two real world public datasets entity link task show bcctime produce accurate classification informative estimate task duration compare state art method', 'describe quizz gamified crowdsourcing system simultaneously assess knowledge user acquire new knowledge quizz operate ask user complete short quiz specific topic user answer quiz question quizz estimate user competence acquire new knowledge quizz also incorporate question know answer answer give competent user provide useful signal select correct answer question quizz actively try identify knowledgeable user internet run advertising campaign effectively leverage target capability exist publicly available ad placement service quizz quantifies contribution user use information theory send feedback advertisingsystem user feedback allow ad target mechanism optimize ad placement experiment involve ten thousand user confirm crowdsource knowledge curation niche specialize topic advertise network automatically identify user desired expertise interest give topic present control experiment examine effect various incentive mechanism highlight need short term reward goal incentivize user contribute finally cost quality analysis indicate cost approach hire worker pay crowdsourcing platform offer additional advantage give access billion potential user planet able reach user specialize expertise typically available exist labor marketplace']",22167
121,37,121_moral_ethical_va_value alignment,"['moral', 'ethical', 'va', 'value alignment', 'ethic', 'machine ethic', 'ama', 'alignment', 'artificial moral', 'wrongness']","['ambitious goal machine learn create agent behave ethically capacity abide human moral norm would greatly expand context autonomous agent could practically safely deploy e g fully autonomous vehicle encounter charge moral decision complicate deployment ethical agent could train reward correct behavior specific moral theory e g utilitarianism remain widespread disagreement nature morality acknowledge disagreement recent work moral philosophy propose ethical behavior require act moral uncertainty e take account act one credence split across several plausible ethical theory paper translate insight field reinforcement learn proposes two train method realize different point among compete desiderata train agent simple environment act moral uncertainty result illustrate uncertainty help curb extreme behavior commitment single theory several technical complication arise attempt ground moral philosophy rl e g principled trade two compete incomparable reward function reach aim catalyze progress towards morally competent agent highlight potential rl contribute towards computational ground moral philosophy', 'field machine ethic concerned question embed ethical behavior mean determine ethical behavior artificial intelligence ai system goal produce artificial moral agent amas either implicitly ethical design avoid unethical consequence explicitly ethical design behave ethically van wynsberghe robbins paper critique reason make artificial moral agent critically address reason offer machine ethicist pursue ama research paper co author machine ethicist commentator aim contribute machine ethic conversation respond critique reason develop amas discuss van wynsberghe robbins inevitable developed prevention harm necessity public trust prevention immoral use machine well moral reasoner human build machine would lead good understand human morality paper co author address reason turn paper demonstrate reason critique share co author machine ethicist reason research amas express diverse range view six reason van wynsberghe robbins critique nevertheless share opinion scientific study amas considerable value', 'much debate machine ethic appropriate way introduce ethical reason capability intelligent autonomous machine recent incident involve autonomous vehicle human kill injured raise question ensure vehicle ethical dimension behaviour therefore trustworthy main problem hardwiring machine rule cause harm damage consistent notion autonomy intelligence also ethical hardwiring leave intelligent autonomous machine course action encounter situation dilemmas programmed harm cause matter course action take teach machine learn ethic may also problematic give recent finding machine learn machine pick prejudice bias embed learn algorithms data paper describe fuzzy reason approach machine ethic paper show possible ethic architecture reason take human driver morally justify design behind ethical reasoner also apply ethical dilemma resolution case one major advantage approach ethical reasoner generate data learn moral rule hence autometric thereby reduce possibility pick human bias prejudice result show new type metric base ethic appropriate autonomous intelligent machine feasible current concept ethical reason largely qualitative nature may need revise want construct future autonomous machine ethical dimension reason become moral machine']",22167
122,33,122_physical_intuitive physic_physic_physical interaction,"['physical', 'intuitive physic', 'physic', 'physical interaction', 'voe', 'physical reasoning', 'learn intuitive', 'physical event', 'intuitive', 'physic engine']","['recent work computer vision cognitive reasoning give rise increase adoption violation expectation voe paradigm synthetic datasets inspire infant psychology researcher evaluate model ability label scene either expect surprising knowledge expect scene however exist voe base datasets physical reason provide mainly vision data little heuristic inductive bias cognitive model physical reason reveal infant create high level abstract representation object interaction capitalize knowledge establish benchmark study physical reason curating novel large scale synthetic voe dataset arm ground truth heuristic label causally relevant feature rule validate dataset five event category physical reasoning benchmarked analyzed human performance also propose object file physical reasoning network ofpr net exploit dataset novel heuristic outperform baseline ablation model ofpr net also flexible learn alternate physical reality showcasing ability learn universal causal relationship physical reason create system well interpretability', 'accurate prediction physical interaction outcomes crucial component human intelligence important safe efficient deployment robot real world exist vision base intuitive physic model learn predict physical interaction outcomes mostly focus generate short sequence future frame base physical property e g mass friction velocity extract visual input latent space however lack intuitive physic model test long physical interaction sequence multiple interaction among different object hypothesize selective temporal attention approximate mental simulation help human physical interaction outcome prediction motivation propose novel scheme physical interaction prediction via mental simulation span selection pip utilizes deep generative model model approximate mental simulation generate future frame physical interaction employ selective temporal attention form span selection predict physical interaction outcome evaluate model propose large scale space dataset synthetic video long sequence three prime physical interaction environment experiment show pip outperforms human baseline relate intuitive physic model utilize mental simulation furthermore pip span selection module effectively identify frame indicate key physical interaction among object allow added interpretability', 'work propose unified framework call visual reasoning differ entiable physic vrdp jointly learn visual concept infer physic model object interaction videos language achieve seamlessly integrate three component visual perception module concept learner differentiable physic engine visual perception module parse video frame object centric trajectory represent latent scene representation concept learner ground visual concept e g color shape material object centric representation base language thus provide prior knowledge physic engine differentiable physic model implement impulse base differentiable rigid body simulator performs differentiable physical simulation base grounded concept infer physical property mass restitution velocity fitting simulated trajectory video observation consequently learn concept physical model explain see imagine happen future counterfactual scenario integrate differentiable physic dynamic reason framework offer several appeal benefit accurate dynamic prediction learn physic model enable state art performance synthetic real world benchmark still maintain high transparency interpretability notably vrdp improves accuracy predictive counterfactual question compare best counterpart vrdp also highly data efficient physical parameter optimize videos even single video sufficient finally physical parameter infer vrdp quickly learn new concept example']",22167
123,31,123_bayesian optimization_bo_acquisition function_knowledge gradient,"['bayesian optimization', 'bo', 'acquisition function', 'knowledge gradient', 'bayesian', 'optimization', 'function evaluation', 'surrogate', 'optimization bo', 'hyperparameter']","['key drawback current generation artificial decision maker adapt well change unexpected situation paper address situation ai aerial dog fight tunable parameter govern behavior optimize behavior respect objective function must evaluate learned simulation objective function model agent choose desire behavior different situation bayesian optimization gaussian process surrogate use method investigate objective function one key benefit optimization gaussian process learn global estimate true objective function predict outcomes statistical measure confidence area investigate yet however standard bayesian optimization perform consistently provide accurate gaussian process surrogate function highly volatile objective function treat problem introduce novel sampling technique call hybrid repeat multi point sample technique give ai ability learn optimum behavior highly uncertain environment importantly improve reliability optimization also create well model entire objective surface improve model agent equip good adapt behavior', 'recent advance computationally efficient non myopic bayesian optimization bo improve query efficiency traditional myopic method like expect improvement modestly increase computational cost advance largely limited however unconstrained optimization constrain optimization exist non myopic bo method require heavy computation instance one exist non myopic constrain bo method lam willcox relies computationally expensive unreliable brute force derivative free optimization monte carlo rollout acquisition function method use reparameterization trick efficient derivative base optimization non myopic acquisition function unconstrained set like sample average approximation infinitesimal perturbation analysis extend constraint introduce discontinuity sample acquisition function surface hinder optimization moreover argue non myopic even important constrain problem fear violate constraint push myopic method away sample boundary feasible infeasible region slow discovery optimal solution tight constraint paper propose computationally efficient two step lookahead constrain bayesian optimization acquisition function opt c support sequential batch setting enable fast acquisition function optimization develop novel likelihood ratio base unbiased estimator gradient two step optimal acquisition function use reparameterization trick numerical experiment opt c typically improve query efficiency x previous method case x', 'key requirement current generation artificial decision maker adapt well change unexpected situation paper address situation ai aerial dog fight tunable parameter govern behavior must optimize behavior respect objective function evaluate learned simulation bayesian optimization gaussian process surrogate use method investigate objective function one key benefit optimization gaussian process learn global estimate true objective function predict outcomes statistical measure confidence area investigate yet model objective function important able understand possible outcome decision space example crucial training provide feedback human pilot however standard bayesian optimization perform consistently provide accurate gaussian process surrogate function highly volatile objective function treat problem introduce novel sampling technique call hybrid repeat multi point sample technique give ai ability learn optimum behavior highly uncertain environment importantly improve reliability optimization also create well model entire objective surface improve model agent equip accurately efficiently predict performance unexplored scenario']",22167
124,30,124_mcts_tree search_search mcts_carlo tree,"['mcts', 'tree search', 'search mcts', 'carlo tree', 'uct', 'tree', 'monte carlo', 'monte', 'carlo', 'search tree']","['monte carlo tree search mcts famously use game play artificial intelligence e g game go well know strategy construct approximate solution sequential decision problem primary innovation use heuristic know default policy obtain monte carlo estimate downstream value state decision tree information use iteratively expand tree towards region state action optimal policy might visit however guarantee convergence optimal action mcts require entire tree expand asymptotically paper propose new technique call primal dual mcts utilize sample information relaxation upper bound potential action create possibility ignore part tree stem highly suboptimal choice allow u prove despite converge partial decision tree limit recommend action primal dual mcts optimal new approach show significant promise use optimize behavior single driver navigate graph operate ride share platform numerical experiment real dataset trip new jersey suggest primal dual mcts improve upon standard mcts produce deep decision tree exhibit reduce sensitivity size action space', 'monte carlo tree search mcts extremely popular computer go determines action enormous simulation broad deep search tree however human expert select action pattern analysis careful evaluation rather brute search million future nteractions paper propose computer go system follow expert way think play system consist two part first part novel deep alternative neural network dann use generate candidate next move compare exist deep convolutional neural network dcnn dann insert recurrent layer convolutional layer stack alternative manner show set preserve context local feature evolution beneficial move prediction second part long term evaluation lte module use provide reliable evaluation candidate rather single probability move predictor consistent human expert nature play since foresee ten step give accurate estimation candidate system candidate lte calculates cumulative reward several future interaction local variation settle combine criterion two part system determine optimal choice next move comprehensive experiment introduce new professional go dataset pgd consist professional record experiment gogod pgd datasets show dann substantially improve performance move prediction pure dcnn combine lte system outperform relevant approach open engine base mcts', 'monte carlo tree search mcts sample best first method search optimal decision mcts popularity base extraordinary result challenge two player base game go game consider much hard chess recently consider infeasible artificial intelligence method success mcts depend heavily tree build selection process play fundamental role one particular selection mechanism prove reliable base upper confidence bound tree commonly refer uct uct attempt nicely balance exploration exploitation consider value store statistical tree mcts however tune mcts uct necessary work well work use evolutionary algorithm ea evolve mathematical expression goal substitute uct mathematical expression compare propose approach call evolution strategy mcts es mcts five variant mcts uct three variant star minimax family algorithms well random controller game carcassonne also use variant propose ea base controller dub es partially integrated mcts show es mcts controller able outperform intelligent controller include robust mcts uct controller']",22167
125,29,125_super resolution_super_resolution_vsr,"['super resolution', 'super', 'resolution', 'vsr', 'video super', 'blur', 'sr', 'lr', 'sisr', 'image super']","['video super resolution vsr aim estimate high resolution hr frame low resolution lr frame key challenge vsr lie effective exploitation spatial correlation intra frame temporal dependency consecutive frame however previous method treat different type spatial feature identically extract spatial temporal feature separate module lead lack obtain meaningful information enhance fine detail vsr three type temporal modeling framework convolutional neural network cnn cnn recurrent neural network rnn among rnn base approach suitable sequential data thus sr performance greatly improve use hidden state adjacent frames however time step recurrent structure rnn base previous work utilize neighboring feature restrictively since range accessible motion per time step narrow still limitation restore miss detail dynamic large motion paper propose group base bi directional recurrent wavelet neural network gbr wnn exploit sequential data spatio temporal information effectively vsr propose group base bi directional rnn gbr temporal modeling framework build well structured process group picture gop propose temporal wavelet attention twa module attention adopt spatial temporal feature experimental result demonstrate propose method achieve superior performance compare state art method quantitative qualitative evaluation', 'paper address space time video super resolution aim generate high resolution hr slow motion video low resolution lr low frame rate lfr video sequence na ive method decompose two sub task video frame interpolation vfi video super resolution vsr nevertheless temporal interpolation spatial upscaling intra relate problem two stage approach cannot fully make use natural property besides state art vfi vsr deep network usually large frame reconstruction module order obtain high quality photo realistic video frame make two stage approach large model thus relatively time consume overcome issue present one stage space time video super resolution framework directly reconstruct hr slow motion video sequence input lr lfr video instead reconstruct miss lr intermediate frame vfi model temporally interpolate lr frame feature miss lr frame capture local temporal context feature temporal interpolation module extensive experiment widely use benchmark demonstrate propose framework achieve well qualitative quantitative performance clean noisy lr frame also several time faster recent state art two stage network source code release http github com mukosame zoom slow mo cvpr', 'recently learn base model enhance performance single image super resolution sisr however apply sisr successively video frame lead lack temporal coherency convolutional neural network cnns outperform traditional approach term image quality metric peak signal noise ratio psnr structural similarity ssim however generative adversarial network gans offer competitive advantage able mitigate issue lack fine texture detail usually see cnns super resolve large upscaling factor present iseebetter novel gan base spatio temporal approach video super resolution vsr render temporally consistent super resolution video iseebetter extract spatial temporal information current neighboring frame use concept recurrent back projection network generator furthermore improve naturality super resolve image eliminate artifact see traditional algorithms utilize discriminator super resolution generative adversarial network srgan although mean square error mse primary loss minimization objective improves psnr ssim metric may capture fine detail image result misrepresentation perceptual quality address use four fold mse perceptual adversarial total variation tv loss function result demonstrate iseebetter offer superior vsr fidelity surpass state art performance']",22167
126,29,126_ecg_respiratory_cough_sound,"['ecg', 'respiratory', 'cough', 'sound', 'lung', 'lung sound', 'heart', 'adventitious', 'respiratory sound', 'inhalation']","['purpose previously establish open access lung sound database hf lung v develop deep learning model inhalation exhalation continuous adventitious sound cas discontinuous adventitious sound das detection amount data use training contributes model accuracy herein collect large quantity data improve model performance moreover issue noisy label sound overlap explore method hf lung v expand hf lung v x increase number audio file convolutional neural network bidirectional gate recurrent unit network model train separately use hf lung v v train hf lung v v train train set test use hf lung v v test hf lung v v test test set respectively segment event detection performance evaluate use f score label quality assess moreover overlap ratio inhalation exhalation ca da label compute result model train use v train exhibit improved f score inhalation exhalation ca detection v test v test da detection poor ca detection attribute quality ca label das detection strongly influence overlap da label inhalation exhalation label conclusion collect great quantity lung sound data vital develop accurate lung sound analysis model build real ground truth label label must rework process ongoing furthermore method address sound overlap problem da detection must formulate', 'auscultation method diagnosis especially internal medicine disease cardiac pulmonary cardio pulmonary listen internal sound body part simplest common physical examination assessment process clinical skill study lung heart sound record synchronously leave right side posterior anterior chest wall back use two digital stethoscope antakya state hospital chest x ray pulmonary function test variable spirometric curve st george respiratory questionnaire sgrq c collect multimedia clinical functional analysis variable patient channel heart sound focused aortic pulmonary tricuspid mitral area channel lung sound focused upper lung middle lung lower lung costophrenic angle area posterior anterior side chest recording validate label two pulmonologists evaluate collect chest x ray pft auscultation sound subject database consist healthy subject subject pulmonary disease asthma chronic obstructive pulmonary disease bronchitis novelty database combination ability auscultation sound result chest x ray pft synchronously assessment capability lung sound image processing base computerized analysis respiratory use chest x ray provide opportunity improve analysis lung sound heart sound pulmonary cardiac disease', 'reliable remote continuous real time respiratory sound monitor automate respiratory sound analysis ability urgently require many clinical scenario monitor disease progression coronavirus disease replace conventional auscultation handheld stethoscope however robust computerize respiratory sound analysis algorithm yet validate practical application study develop lung sound database hf lung v comprise audio file lung sound duration inhalation label exhalation label continuous adventitious sound ca label comprise wheeze label stridor label rhonchi label discontinuous adventitious sound label crackle conduct benchmark test long short term memory lstm gate recurrent unit gru bidirectional lstm bilstm bidirectional gru bigru convolutional neural network cnn lstm cnn gru cnn bilstm cnn bigru model breath phase detection adventitious sound detection also conduct performance comparison lstm base gru base model unidirectional bidirectional model model without cnn result reveal model exhibit adequate performance lung sound analysis gru base model outperform term f score area receiver operate characteristic curve lstm base model define task furthermore bidirectional model outperform unidirectional counterpart finally addition cnn improve accuracy lung sound analysis especially cas detection task']",22167
127,29,127_gp_tgp_genetic programming_tpot,"['gp', 'tgp', 'genetic programming', 'tpot', 'genetic', 'programming gp', 'gp technique', 'programming', 'grammatical', 'symbolic expression']","['several effort predict student failure rate sfr school accurately still remain core problem area face many educational sector procedure forecast sfr rigid often time require data scale conversion binary form case logistic model may lead lose information effect size attenuation also high number factor incomplete unbalanced dataset black boxing issue artificial neural network fuzzy logic system expose need efficient tool currently application genetic programming gp hold great promise produce tremendous positive result different sector regard study develop gpsfarps software application provide robust solution prediction sfr use evolutionary algorithm know multi gene genetic programming approach validate feed test data set evolve gp model result obtain gpsfarps simulation show unique ability evolve suitable failure rate expression fast convergence generation maximum specified generation multi gene system also able minimize evolve model expression accurately predict student failure rate use subset original expression', 'genetic programming gp evolutionary learning technique multiple application machine learn curve fit data model feature selection classification etc gp several inherent parallel step make ideal candidate gpu base parallelization paper describe gpu accelerate stack base variant generational gp algorithm use symbolic regression binary classification selection evaluation step generational gp algorithm parallelize use cuda introduce represent candidate solution expression prefix list enables evaluation use fix length stack gpu memory cuda base matrix vector operation also use computation fitness population program evaluate algorithm synthetic datasets pagie polynomial range size million point profile training time algorithm standard symbolic regression library viz gplearn tensorgp karoogp addition use large scale regression classification datasets usually use compare gradient boost algorithms run performance benchmark algorithm gplearn profile training time test accuracy loss nvidia dgx gpu algorithm outperform previously list framework particular achieves average speedups time time gplearn synthetic large scale datasets respectively', 'genetic programming evolutionary method produce computer program solve specify computational problem parent selection ordinarily base aggregate measure performance across entire training set lexicase selection contrast selects basis performance random sequence train case show enhance problem solve power many circumstance lexicase selection also see well reflect biological evolution model sequence challenge organisms face lifetime recent work demonstrate advantage lexicase selection amplify sample mean random subsample training case use generation see model fact individual organism encounter subset possible environment environment change time provide extensive benchmarking sample lexicase selection date show benefit hold increase scrutiny reason sample help however yet fully understood hypothesis include sample allows generation process budget program evaluation variation train data across generation act change environment encourage adaptation reduces overfitting lead general solution systematically evaluate hypothesis find evidence three instead draw conclusion sample lexicase selection main benefit stem fact allow evolutionary process examine individual within computational budget even though individual examine less completely']",22167
128,29,128_zsl_zero shot_unseen class_shot learn,"['zsl', 'zero shot', 'unseen class', 'shot learn', 'gzsl', 'learn zsl', 'zero', 'shot', 'unseen', 'transzero']","['propose novel loss generative model dub grawd generative random walk deviation improve learn representation unexplored visual space quality learn representation unseen class style critical facilitate novel image generation well generative understand unseen visual class e zero shot learn zsl generate representation unseen class base semantic description e g attribute text generative zsl attempt differentiate unseen see category propose grawd loss define construct dynamic graph include see class style center generate sample current minibatch loss initiate random walk probability center visual generation produce hallucinate unseen class deviation signal encourage random walk eventually land step feature representation difficult classify see class demonstrate propose loss improve unseen class representation quality inductively text base zsl benchmark cub nabirds datasets attribute base zsl benchmark awa sun apy datasets addition investigate ability propose loss generate meaningful novel visual art wikiart dataset result experiment human evaluation demonstrate propose grawd loss improve stylegan stylegan generation quality create novel art significantly preferable code make publicly available http github com vision cair grawd', 'zero shot learn zsl aim recognize novel class transfer semantic knowledge see class unseen one semantic knowledge learn attribute description share different class act strong prior localize object attribute represent discriminative region feature enable significant visual semantic interaction although attention base model attempt learn region feature single image transferability discriminative attribute localization visual feature typically neglected paper propose attribute guide transformer network term transzero refine visual feature learn attribute localization discriminative visual embedding representation zsl specifically transzero take feature augmentation encoder alleviate cross dataset bias imagenet zsl benchmarks improve transferability visual feature reduce entangled relative geometry relationship among region feature learn locality augment visual feature transzero employ visual semantic decoder localize image region relevant attribute give image guidance semantic attribute information locality augment visual feature semantic vector use conduct effective visual semantic interaction visual semantic embedding network extensive experiment show transzero achieves new state art three zsl benchmark cod available url http github com shiming chen transzero', 'zero shot learn zsl tackle novel class recognition problem transfer semantic knowledge see class unseen one exist attention base model struggle learn inferior region feature single image solely use unidirectional attention ignore transferability discriminative attribute localization visual feature paper propose cross attribute guide transformer network term transzero refine visual feature learn accurate attribute localization semantic augment visual embedding representation zsl transzero consist attribute rightarrow visual transformer sub net avt visual rightarrow attribute transformer sub net vat specifically avt first take feature augmentation encoder alleviate cross dataset problem improve transferability visual feature reduce entangled relative geometry relationship among region feature attribute rightarrow visual decoder employ localize image region relevant attribute give image attribute base visual feature representation analogously vat us similar feature augmentation encoder refine visual feature apply visual rightarrow attribute decoder learn visual base attribute feature introduce semantical collaborative loss two attribute guide transformer teach learn semantic augment visual embeddings via semantical collaborative learn extensive experiment show transzero achieves new state art result three challenge zsl benchmark cod available url http github com shiming chen transzero pp']",22167
129,28,129_influence maximization_maximization_influence_influencers,"['influence maximization', 'maximization', 'influence', 'influencers', 'seed', 'im', 'seed node', 'opinion', 'diffusion', 'healer']","['social medium extensively use today world facilitate quick easy share information make good medium advertize product influencers social medium network owe massive popularity provide huge potential customer base however straightforward decide influencers select advertize campaign generate high return low investment work present agent base model abm simulate dynamic influencer advertize campaign variety scenario help discover best influencer marketing strategy system probabilistic graph base model provide additional advantage incorporate real world factor customer interest product customer behavior willingness pay brand investment cap influencers engagement influence diffusion nature product advertize viz luxury non luxury use customer acquisition cost conversion ratio unit economic evaluate performance different kind influencers variety circumstance simulate varying nature product customer interest result exemplify circumstance dependent nature influencer marketing provide insight kind influencers would better strategy respective circumstance instance show nature product varies luxury non luxury performance celebrity decline whereas performance nano influencers improve term customer interest find performance nano influencers decline decrease customer interest whereas performance celebrity improves', 'spread disinformation social medium platform harmful society harm may manifest gradual degradation public discourse also take form sudden dramatic event recent insurrection capitol hill platforms best position prevent spread disinformation best access relevant data expertise use however mitigating disinformation costly implement detection algorithm employ manual effort also limit highly viral content impact user engagement thus potential advertising revenue since cost harmful content borne entity platform therefore incentive exercise socially optimal level effort problem similar environmental regulation cost adverse event directly borne firm mitigation effort firm observable causal link harmful consequence specific failure difficult prove environmental regulation one solution perform costly monitoring ensure firm take adequate precaution accord specified rule however fix rule classify disinformation become less effective time bad actor learn sequentially strategically bypass encode domain markov decision process demonstrate penalty base static rule matter large incentivize adequate effort penalty base adaptive rule incentivize optimal effort counterintuitively regulator sufficiently overreact harmful event require great optimal level effort prescribe design mechanism elicit platform cost precautionary effort relate control disinformation', 'idea social advertising social promotion select group influential individual k emph seed help promote product ideas online social network two major player social advertising ecosystem advertiser platform platform sell viral engagement like advertiser insert ad fee seed seed receive monetary incentive platform exchange participation social advertising campaign ad engage follower seed platform receive fixed amount payment call cost per engagement advertiser ad could potentially attract engagement follower follower trigger viral contagion begin campaign advertiser submits budget platform budget use two purpose recruit seed pay viral engagement generate seed note first part payment go seed latter one actual revenue collect platform setting problem platform recruit group seed collect large possible amount revenue subject budget constraint formulate problem seed selection problem whose objective function non monotone might take negative value make exist result submodular optimization influence maximization applicable setting study problem non adaptive adaptive setting although focus social advertising paper result apply optimization problem whose objective function expectation minimum stochastic submodular function linear function']",22167
130,27,130_evacuation_emergency_emergency response_earthquake,"['evacuation', 'emergency', 'emergency response', 'earthquake', 'disaster', 'incident', 'pedestrian', 'exit', 'shelter', 'responder']","['bushfires pose significant threat australia regional area minimise risk increase resilience community need robust evacuation strategy account people likely behaviour bushfire agent base model abm offer practical way simulate range bushfire evacuation scenario however abm reflect diversity possible human response give community belief desire intention bdi cognitive model capture behaviour compact representation understandable domain expert within bdi abm simulation individual bdi agent assign profile determine likely behaviour population agent collective behaviour characterise community response profile draw exist human behaviour research consultation emergency service personnel capture expect behaviours identify group population prior evacuation realistic representation community form evacuation scenario within simulation use explore possible impact population structure outcomes hop give improved understanding risk associate evacuation lead tailor evacuation plan community help prepare respond bushfire', 'social attachment theory state individual seek proximity attachment figure e g family member friends colleague familiar place object face threat disaster mean family member may seek evacuate gather personal property heading familiar exit place follow group crowd etc hard wired human tendency consider assessment risk creation disaster management plan may result realistic evacuation procedure may minimise number casualty injury context dynamic spatio temporal analysis seismic risk present use solace multi agent model pedestrian behaviour base social attachment theory implement use belief desire intention approach model focus influence human social physical temporal factor successful evacuation human factor consider include perception mobility define age social factor define attachment bond social group population distribution cultural norm physical factor refer location epicentre earthquake spatial distribution layout attribute environmental object building road barrier car placement safe area evacuation route result debris damage earthquake experiment test influence time day presence disable person earthquake intensity initial result show factor influence arrival safe area include human factor age disability speed b pre evacuation behaviours c perception distance social attachment time day social interaction evacuation e physical spatial aspect limitation impose debris damage distance safe area validate result scenario design stakeholder also take part definition serious game recommendation research social physical aspect consider define vulnerability analysis risk', 'emergency response management erm critical problem face community across globe despite common erm system follow myopic decision policy real world principled approach aid erm decision make uncertainty explore fail accepted real system identify key issue impede adoption algorithmic approach emergency response focus reactive post incident dispatch action e optimally dispatch responder textit incident occur however critical nature emergency response dictate incident occurs first responder always dispatch close available responder incident argue crucial period plan erm system post incident incident trivial planning problem major challenge dynamically balance spatial distribution responder complexity problem orthogonal problem erm system plan limited communication particularly important disaster scenario affect communication network address problem propose two partially decentralize multi agent plan algorithms utilize heuristic exploit structure dispatch problem evaluate propose approach use real world data find several contexts dynamic balance spatial distribution emergency responder reduces average response time well variance']",22167
131,27,131_backdoor_backdoor attack_trigger_attack,"['backdoor', 'backdoor attack', 'trigger', 'attack', 'trojan', 'poison', 'steal', 'dnn', 'backdoored', 'ipguard']","['deep neural network dnn show great success many computer vision application however also know susceptible backdoor attack conduct backdoor attack exist approach assume target dnn always available attacker always inject specific pattern training data fine tune dnn model however practice attack may feasible dnn model encrypt available secure enclave paper propose novel black box backdoor attack technique face recognition system conduct without knowledge target dnn model specific propose backdoor attack novel color stripe pattern trigger generate modulate lead specialized waveform also use evolutionary computing strategy optimize waveform backdoor attack backdoor attack conduct mild condition adversary cannot manipulate input unnatural way e g inject adversarial noise adversary cannot access training database adversary knowledge training model well train set use victim party show backdoor trigger quite effective attack success rate base simulation study base physical domain study consider task face recognition verification base three time attempt authentication finally evaluate several state art potential defense towards backdoor attack find attack still effective highlight study reveal new physical backdoor attack call attention security issue exist face recognition verification technique', 'currently burgeon demand deploy deep learning dl model ubiquitous edge internet thing device attribute low latency high privacy preservation however dl model often large size require large scale computation prevents place directly onto iot device resource constrain bit floating point operation unavailable model quantization pragmatic solution enables dl deployment mobile device embed system effortlessly post quantize large high precision model small low precision model retain model inference accuracy work reveals standard quantization operation abuse activate backdoor demonstrate full precision backdoored model backdoor effect presence trigger backdoor dormant activate default tensorflow lite quantization product ready quantization framework date ascertain train float backdoored model exhibit backdoor effect even presence trigger input state art frontend detection approach neural cleanse strip fail identify backdoor float model float model convert int format model standard tflite post training quantization backdoor activate quantized model show stable attack success rate close upon input trigger behaves normally upon non trigger input work highlight stealthy security threat occur end user utilize device post training model quantization toolkits inform security researcher cross platform overhaul dl model post quantization even pass frontend inspection', 'backdoor deep learning dl model behaves normally upon clean input misbehave upon trigger input backdoor attacker desire pose severe consequence dl model deployment state art defenses either limited specific backdoor attack source agnostic attack non user friendly machine learn ml expertise expensive compute resource require work observe exist backdoor attack inevitable intrinsic weakness non transferability trigger input hijack backdoored model cannot effective another model implant backdoor key observation propose non transferability enable backdoor detection ntd identify trigger input model test mut run time specifically ntd allows potentially backdoored mut predict class input meantime ntd leverage feature extractor fe extract feature vector input group sample randomly pick predicted class compare similarity input sample fe latent space similarity low input adversarial trigger input otherwise benign fe free pre train model privately reserve open platform fe mut different source attacker unlikely insert backdoor non transferability trigger effect work mut cannot transfer fe make ntd effective different type backdoor attack evaluate ntd three popular customize task face recognition traffic sign recognition general animal classification result affirm ndt high effectiveness low false acceptance rate usability low false rejection rate low detection latency']",22167
132,27,132_ai safety_asi_agi_safety,"['ai safety', 'asi', 'agi', 'safety', 'ai failure', 'failure', 'dangerous', 'agis', 'nuclear', 'goodhart']","['important challenge safety machine learn artificial intelligence system set related failure involve specification game reward hack fragility distributional shift goodhart campbell law paper present additional failure mode interaction within multi agent system closely related multi agent failure modes complex problematic less well understood single agent case also already occur largely unnoticed motivate discussion example poker play artificial intelligence ai paper explain failure mode sens unavoidable follow paper categorize failure mode provide definition cite example mode accidental steer coordination failure adversarial misalignment input spoof filter goal co option direct hack paper discusses extant literature multi agent ai fail address failure mode identifies work may useful mitigation failure mode', 'instance artificial intelligence ai system fail deliver consistent satisfactory performance legion investigate ai failure occur address narrow subset broad field ai safety focus ai failure account flaws conceptualization design deployment ai safety issue like trade offs privacy security convenience bad actor hack ai system create mayhem bad actor deploy ai purpose harmful humanity scope discussion find ai system fail account omission commission error design ai system well upon failure develop appropriate interpretation input information moreover even significant flaw ai software ai system may fail hardware incapable robust performance across environment finally ai system quite likely fail situation effect call upon deliver moral judgment capability ai possess observe certain trade offs measure mitigate subset ai failure provide recommendation', 'potential advance information age technology undermine nuclear deterrence influence potential nuclear escalation represent critical question international politics one challenge uncertainty trajectory technology autonomous system artificial intelligence ai make assessment difficult paper evaluate relative impact autonomous system artificial intelligence three area nuclear command control nuclear delivery platform vehicle conventional application autonomous system consequence nuclear stability argue country may likely use risky form autonomy fear second strike capability undermine additionally potential deployment uninhabited autonomous nuclear delivery platform vehicle could raise prospect accident miscalculation conventional military application autonomous system could simultaneously influence nuclear force posture first strike stability previously unanticipated way particular need fight machine speed cognitive risk introduce automation bias could increase risk unintended escalation finally use properly many application autonomous system nuclear operation increase reliability reduce risk accident buy time decision maker crisis']",22167
133,27,133_lift_domain size_domain recursion_probabilistic logic,"['lift', 'domain size', 'domain recursion', 'probabilistic logic', 'relational marginal', 'lift inference', 'mlns', 'anytime inference', 'liftable', 'lifted']","['statistical relational model recently probabilistic programming make stride towards integration logic probabilistic reason natural expectation project probabilistic logic reason algorithm reduces logic reason algorithm provide model involve probability exhibit advantage logic reason short circuit intelligibility ability provide proof tree query answer fact take require characteristic present even probabilistic model probability emph near graceful degradation model become uncertain also seek inference amortize constant time complexity model size even still exponential induced width directly relevant portion apply huge knowledge base relatively small portion relevant typical query believe among probabilistic reason algorithms belief propagation similar logic reasoning message propagate among neighboring variable path message pass similar proof tree however belief propagation either applicable tree model approximate without guarantee precision convergence paper present work progress anytime exact belief propagation algorithm similar belief propagation exact even graphical model cycle exhibit soft short circuit amortized constant time complexity model size provide probabilistic proof tree', 'probabilistic sentential decision diagram logic circuit input disjunctive gate annotate probability value allow compact representation joint probability mass function define set boolean variable also consistent logical constraint define circuit probability model usually learn set observation lead overconfident prior dependent inference data scarce unreliable conflict work develop credal sentential decision diagram generalisation probabilistic counterpart allow replace local probability call credal set mass function model induce joint credal set set boolean variable sharply assigns probability zero state inconsistent logical constraint three inference algorithm derive model allow compute low upper probability observation arbitrary number variable ii low upper conditional probability state single variable give observation iii whether probabilistic sentential decision diagram compatible credal specification probable explanation give set variable give observation variable inference tractable three algorithm base bottom traversal local linear program task disjunctive gate solve polynomial time respect circuit size first empirical validation consider simple application base noisy seven segment display image credal model observe properly distinguish easy hard detect instance outperform generative model able cope logical constraint', 'probabilistic logic program major part statistical relational artificial intelligence approach logic probability bring together reason learn relational domain set uncertainty however behaviour statistical relational representation across variable domain size complex scale inference learn large domain remain significant challenge recent year connection emerge domain size dependence lift inference learning sample subpopulation asymptotic behaviour statistical relational representation come scrutiny projectivity investigate strong form domain size dependence query marginals completely independent domain size contribution show every probabilistic logic program distribution semantics asymptotically equivalent acyclic probabilistic logic program consist determinate clause probabilistic fact conclude every probabilistic logic program induce projective family distribution fact everywhere equivalent program fragment investigate consequence projective family distribution expressible probabilistic logic program facilitate application classical result finite model theory introduce abstract distribution semantics define arbitrary logical theory probabilistic fact bridge gap distribution semantics underlie probabilistic logic program representation determinate logic program correspond quantifier free theory make asymptotic quantifier elimination result available set probabilistic logic program paper consideration acceptance tplp']",22167
134,26,134_distillation_teacher_kd_knowledge distillation,"['distillation', 'teacher', 'kd', 'knowledge distillation', 'student', 'teacher student', 'student network', 'distil', 'knowledge teacher', 'sdb']","['performance distillation base compressed network govern quality distillation reason suboptimal distillation large network teacher small network student largely attribute gap learning capacity give teacher student pair hard distill knowledge teacher quality distillation control large extent achieve good performance experiment show quality distillation largely governed quality teacher response turn heavily affect presence similarity information response well trained large capacity teacher lose similarity information class process learn fine grain discriminative property classification absence similarity information cause distillation process reduce one example many class learn one example one class learn thereby throttle flow diverse knowledge teacher implicit assumption instill knowledge distil instead focus knowledge distil process scrutinize knowledge inculcation process argue give teacher student pair quality distillation improve finding sweet spot batch size number epochs train teacher discuss step find sweet spot well distillation also propose distillation hypothesis differentiate behavior distillation process knowledge distillation regularization effect conduct experiment three different datasets', 'knowledge distillation kd recognize useful tool many visual task supervise classification self supervise representation learn main drawback vanilla kd framework mechanism consumes majority computational overhead forward giant teacher network make entire learning procedure inefficient costly relabel recently propose solution suggest create label map entire image training receive cropped region level label roi align pre generate entire label map allow efficient supervision generation without pas teacher many time however kd teacher conventional multi crop train various mismatch global label map region level label technique result performance deterioration study present fast knowledge distillation fkd framework replicate distillation train phase generates soft label use multi crop kd approach training faster relabel since post process roi align softmax operation use conduct multi crop image data load fkd even efficient traditional image classification framework imagenet k obtain resnet outperform relabel faster self supervise learn task also show fkd efficiency advantage project page http zhiqiangshen com project fkd index html source code model available https github com szq fkd', 'although deep convolution neural network dcnn achieve excellent performance human pose estimation network often large number parameter computation lead slow inference speed issue effective solution knowledge distillation transfer knowledge large pre train network teacher small network student however defect exist approach single teacher adopt neglecting potential student learn multiple teacher ii human segmentation mask regard additional prior information restrict location keypoints never utilize iii student small number parameter cannot fully imitate heatmaps provide datasets teacher iv exists noise heatmaps generate teacher cause model degradation overcome defect propose orderly dual teacher knowledge distillation odkd framework consist two teacher different capability specifically weaker one primary teacher pt use teach keypoints information strong one senior teacher st utilized transfer segmentation keypoints information add human segmentation mask take dual teacher together orderly learn strategy propose promote knowledge absorbability moreover employ binarization operation improve learn ability student reduces noise heatmaps experimental result coco ochuman keypoints datasets show propose odkd improve performance different lightweight model large margin hrnet w equip odkd achieves state art performance lightweight human pose estimation']",22167
135,26,135_filler_sensory_semantic memory_intelligence test,"['filler', 'sensory', 'semantic memory', 'intelligence test', 'bind', 'role filler', 'memory', 'unity condition', 'sensory sequence', 'spacetime']","['analyse perception memory use mathematical model knowledge graphs tensor gain insight correspond functionality human mind discussion base concept propositional sentence consist textit subject predicate object spo triple express elementary fact spo sentence basis natural language might also important explicit perception declarative memory well intra brain communication ability argue reason set spo sentence describe knowledge graph transform adjacency tensor introduce tensor model concepts dual representation index associate embeddings two construct believe essential understanding implicit explicit perception memory brain argue biological realization perception memory impose constraint information processing particular propose explicit perception declarative memory require semantic decoder simple realization base four layer first sensory memory layer buffer sensory input second index layer represent concept third memoryless representation layer broadcast information blackboard canvas brain fourth work memory layer processing center data buffer discus operation four layer relate global workspace theory bayesian brain interpretation semantic memory defines prior observable triple statement propose evolution development semantic memory episodic memory natural language evolve emergent property agent process gain deeper understand sensory information', 'apperception engine unsupervised learn system give sequence sensory input construct symbolic causal theory explain sensory sequence also satisfy set unity condition unity condition insist constituent theory object property law must integrate coherent whole theory construct applied predict future sensor reading retrodict early reading impute miss reading paper evaluate apperception engine diverse variety domain include cellular automaton rhythms simple nursery tune multi modal bind problem occlusion task sequence induction intelligence test domain test engine ability predict future sensor value retrodict early sensor value impute miss sensory data engine performs well domains significantly outperforming neural net baseline state art inductive logic program system result significant neural net typically struggle solve bind problem information different modality must somehow combined together different aspect one unified object fail solve occlusion task object sometimes visible sometimes obscured view note particular sequence induction intelligence test system achieve human level performance notable system bespeak system design specifically solve intelligence test general purpose system design make sense sensory sequence', 'paper attempt answer central question unsupervised learn mean make sense sensory sequence formalization make sense involve construct symbolic causal theory explain sensory sequence also satisfy set unity condition unity condition insist constituent causal theory object property law must integrate coherent whole account make sense sensory input type program synthesis unsupervised program synthesis second contribution computer implementation apperception engine design satisfy requirement system able produce interpretable human readable causal theory small amount data strong inductive bias provide unity condition causal theory produce system able predict future sensor reading well retrodict early reading impute fill blank miss sensory reading combination test engine diverse variety domains include cellular automaton rhythms simple nursery tune multi modal bind problem occlusion task sequence induction intelligence test domain test engine ability predict future sensor value retrodict early sensor value impute miss sensory data engine performs well domains significantly performing neural net baseline note particular sequence induction intelligence test system achieve human level performance notable system bespeak system design specifically solve intelligence test general purpose system design make sense sensory sequence']",22167
136,26,136_verification_verification neural_onnx_security property,"['verification', 'verification neural', 'onnx', 'security property', 'verify', 'exact verification', 'prima', 'eev', 'formally check', 'sionnx']","['formal verification neural network active topic research recent advance significantly increase size network verification tool handle however method design verification idealize model actual network work real arithmetic ignores round imprecision idealization stark contrast network quantization technique trade numerical precision computational efficiency therefore often applied practice neglect round error low bit quantized neural network show lead wrong conclusion network correctness thus desire approach verify quantized neural network would one take round error account paper show verify bit exact implementation quantize neural network bite vector specification pspace hard even though verify idealized real value network satisfiability bit vector specification alone np furthermore explore several practical heuristic toward close complexity gap idealized bit exact verification particular propose three technique make smt base verification quantize neural network scalable experiment demonstrate propose method allow speedup three order magnitude exist approach', 'implementation artificial neural network anns might lead failure hardly predict design phase since anns highly parallel parameter barely interpretable develop evaluate novel symbolic verification framework use incremental bound model check bmc satisfiability modulo theory smt invariant inference obtain adversarial case validate coverage method multi layer perceptron mlp exploit incremental bmc base interval analysis compute boundary neuron input latter propagate effectively find neuron output since input next one paper describe first bit precise symbolic verification framework reason actual implementation anns cuda base invariant inference therefore provide guarantee finite precision arithmetic rounding error routinely ignore exist literature implement propose approach top efficient smt base bound model checker esbmc experimental result show successfully verify safety property actual implementation anns generate real adversarial case mlps approach able verify produce adversarial example test case consider different input image property relate cover method although verification time high exist approach methodology consider fix point implementation aspect disregard state art verification methodology', 'due increase deployment deep neural network dnns real world security critical domain include autonomous vehicle collision avoidance system formally check security property dnns especially different attacker capability become crucial exist security test technique dnns try find adversarial example without provide formal security guarantee non existence adversarial example recently several project use different type satisfiability modulo theory smt solver formally check security property dnns however approaches limited high overhead cause solver paper present new direction formally check security property dnns without use smt solver instead leverage interval arithmetic compute rigorous bound dnn output approach unlike exist solver base approach easily parallelizable present symbolic interval analysis along several optimization minimize overestimation output bound design implement evaluate approach part reluval system formally check security property relu base dnns extensive empirical result show reluval outperforms reluplex state art solver base system time average single core machine without gpus within hour reluval able verify security property reluplex deem inconclusive due timeout run day experiment demonstrate symbolic interval analysis promise new direction towards rigorously analyze different security property dnns']",22167
137,25,137_cardest_dbms_query_index,"['cardest', 'dbms', 'query', 'index', 'learn index', 'query optimization', 'query plan', 'database', 'index learn', 'workload']","['cardinality estimation cardest central component query optimizer play significant role generate high quality query plan dbms cardest problem extensively study last several decade use traditional ml enhance method whereas hard problem cardest e estimate join query size multiple table extensively solve current method either reply independence assumption apply technique heavy burden whose performance still far satisfactory even bad exist cardest method often design optimize one goal e inference speed estimation accuracy adapt different occasion paper propose general framework call glue tackle challenge key idea elegantly decouple correlation across different table losslessly merge single table cardest result estimate join query size glue support obtain single table wise cardest result use exist cardest method process complex join schema therefore easily adapt different scenario different performance requirement e oltp fast estimation time olap high estimation accuracy meanwhile show glue seamlessly integrated plan search process able support count distinct number value property exhibit potential advance deploy glue real world dbms', 'cardinality estimation cardest play significant role generate high quality query plan query optimizer dbms last decade increase number advance cardest method especially ml base propose outstanding estimation accuracy inference latency however exist study systematically evaluate quality method answer fundamental problem extent method improve performance query optimizer real world setting ultimate goal cardest method paper comprehensively systematically compare effectiveness cardest method real dbms establish new benchmark cardest contain new complex real world dataset stats diverse query workload stats ceb integrate multiple representative cardest method open source database system postgresql comprehensively evaluate true effectiveness improve query plan quality important aspect affect applicability range inference latency model size training time update efficiency accuracy obtain number key finding cardest method different data query setting furthermore find widely use estimation accuracy metric q error cannot distinguish importance different sub plan query query optimization thus cannot truly reflect query plan quality generate cardest method therefore propose new metric p error evaluate performance cardest method overcome limitation q error able reflect overall end end performance cardest method make benchmark data evaluation code publicly available http github com nathaniel han end end cardest benchmark', 'query optimizers rely accurate cardinality estimation cardest produce good execution plan core problem cardest model rich joint distribution attribute accurate compact manner despite decade research exist method either simplify model use independent factorization lead inaccurate estimate complicate lossless conditional factorization without independent assumption result slow probability computation paper propose flat cardest method simultaneously fast probability computation lightweight model size accurate estimation quality key idea flat novel unsupervised graphical model call fspn utilizes independent conditional factorization adaptively model different level attribute correlation thus dovetail advantage flat support efficient online probability computation near liner time underlie fspn model provide effective offline model construction enable incremental model update estimate cardinality single table query multi table join query extensive experimental study demonstrate superiority flat exist cardest method well know imdb benchmark flat achieves order magnitude good accuracy order magnitude fast probability computation speed order magnitude low storage cost also integrate flat postgres perform end end test improve query execution time benchmark workload close optimal result use true cardinality']",22167
138,25,138_shot_shot learn_firth_meta,"['shot', 'shot learn', 'firth', 'meta', 'metric learn', 'bias reduction', 'firth bias', 'metadelta', 'meta train', 'meta learn']","['deep learning model become increasingly useful many different industry domain image classification convolutional neural network prove ability learn robust feature close set problem show many different datasets mnist fashionmnist cifar cifar imagenet approach use deep neural network dense layer softmax activation function order learn feature separate class latent space however traditional approach useful identifying class unseen train set know open set problem similar problem occur scenario involve learn small data tackle problem shoot learn propose particular metric learning learn feature obey constraint metric distance latent space order perform classification however approach prof useful open set problem current implementation require pair wise training positive negative example similar image present train phase limit applicability approach large data large class scenario give combinatorial nature possible input paper present constraint base approach applied representation latent space normalize softmax loss propose experimentally validate propose approach classification unseen class different datasets use metric learn normalized softmax loss disjoint joint scenario result show proposed strategy efficiently train large set class require pairwise learning also present good classification result metric learn strategy surpass accuracy significant margin', 'image query unsupervised contrastive learning label crop image positive image crop negative although intuitive native label assignment strategy cannot reveal underlie semantic similarity query positives negative impairs performance since negative semantically similar query even share semantic class query work first prove contrastive learning inaccurate label assignment heavily impair generalization semantic instance discrimination accurate label benefit generalization inspire theory propose novel self label refinement approach contrastive learn improves label quality via two complementary module self label refinery slr generate accurate label ii momentum mixup mm enhance similarity query positive slr use positive query estimate semantic similarity query positive negative combine estimate similarity vanilla label assignment contrastive learn iteratively generate accurate informative soft label theoretically show slr exactly recover true semantic label label corrupt data supervises network achieve zero prediction error classification task mm randomly combine query positive increase semantic similarity generate virtual query positives improves label accuracy experimental result cifar imagenet voc coco show effectiveness method pytorch code model release online', 'shot learn fsl aim recognise new class adapt learn knowledge extremely limit shot support example remain important open problem computer vision exist method feature alignment shot learn consider image level spatial level alignment omit channel disparity insight method would lead poor adaptation redundant match leverage channel wise adjustment key well adapt learn knowledge new class therefore paper propose learn dynamic alignment effectively highlight query region channel accord different local support information specifically achieve first dynamically sample neighbourhood feature position condition input shot base predict position dependent channel dependent dynamic meta filter filter use align query feature position specific channel specific knowledge moreover adopt neural ordinary differential equation ode enable accurate control alignment sense model able good capture fine grain semantic context shot example thus facilitate dynamical knowledge adaptation shot learn result framework establishes new state art major shot visual recognition benchmark include miniimagenet tieredimagenet']",22167
139,24,139_age_gender_age estimation_gender classification,"['age', 'gender', 'age estimation', 'gender classification', 'racial', 'skin', 'race', 'estimate age', 'bias', 'facial']","['subject fairness artificial intelligence ai refers assess ai algorithms potential bias base demographic characteristic race gender development algorithm address bias application date computer vision although work healthcare start emerge use deep learning dl cardiac mr segmentation lead impressive result recent year techniques start translate clinical practice however work yet investigate fairness model work perform analysis racial gender group focus problem training data imbalance use nnu net model train evaluated cine short axis cardiac mr data uk biobank dataset consist subject different racial group find statistically significant difference dice performance different racial group reduce racial bias investigate three strategy stratify batch sample batch sample stratified ensure balance racial group fair meta learn segmentation dl classifier train classify race jointly optimize segmentation model protect group model different segmentation model train racial group also compare result scenario perfectly balance database assess fairness use standard deviation sd skew error ratio ser average dice value result demonstrate racial bias result use imbalanced training data propose bias mitigation strategy improve fairness best sd ser result use protect group model', 'facial analysis permit many investigation important craniofacial identification facial recognition age sex estimation forensics photo anthropometry describes study facial growth allow identification pattern facial skull development use group cephalometric landmark estimate anthropological information several area automation manual procedure achieve advantage similar measurement confidence forensic expert manuscript present approach use photo anthropometric index generate frontal face cephalometric landmark create artificial neural network classifier allow estimation anthropological information specific case age sex work focus four task sex estimation age year old evaluate interference age sex estimation ii age estimation photo anthropometric index four age interval year year year year iii age group estimation thresholds year old iv provision new data set available academic purpose large complete set facial photo anthropometric point mark checked forensic expert measure face individual brazil last year propose classifier obtain significant result use new data set sex estimation individual year old achieve accuracy value great f measure age estimation accuracy result measure age interval year age group estimation measure accuracy great threshold year respectively', 'automate gender classification important application many domain demographic research law enforcement online advertising well human computer interaction recent research question fairness technology across gender race specifically majority study raise concern high error rate face base gender classification system darker skin people like african american woman however date majority exist study limited african american caucasian aim paper investigate differential performance gender classification algorithm across gender race group aim investigate impact architectural difference deep learn algorithm b training set imbalance potential source bias cause differential performance across gender race experimental investigation conduct two late large scale publicly available facial attribute datasets namely utkface fairface experimental result suggest algorithms architectural difference vary performance consistency towards specific gender race group instance algorithm use black female black race general always obtain least accuracy rate middle eastern male latino female obtain high accuracy rate time training set imbalance widen gap unequal accuracy rate across gender race group investigation use facial landmark suggest facial morphological difference due bone structure influence genetic environmental factor could cause least performance black females black race general']",22167
140,24,140_anomaly_anomaly detection_novelty detection_mvtec,"['anomaly', 'anomaly detection', 'novelty detection', 'mvtec', 'unsupervised anomaly', 'novelty', 'normal', 'mvtec ad', 'image anomaly', 'normal sample']","['anomaly ubiquitous scientific field express unexpected event due incomplete knowledge data distribution unknown process suddenly come play distorts observation due event rarity train deep learning model anomaly detection ad task scientist rely normal data e non anomalous sample thus let neural network infer distribution beneath input data context propose novel framework name multi layer one class classification mocca train test deep learning model ad task specifically apply autoencoders key novelty work stem explicit optimization intermediate representation ad task indeed differently commonly used approach consider neural network single computational block e use output last layer mocca explicitly leverage multi layer structure deep architecture layer feature space optimize ad training test phase deep representation extract trained layer combine detect anomaly mocca split train process two step first autoencoder train reconstruction task retain encoder task minimize l distance output representation reference point anomaly free training data centroid consider layer subsequently combine deep feature extract various trained layer encoder model detect anomaly inference time assess performance model train mocca conduct extensive experiment publicly available datasets show propose method reach comparable superior performance state art approach available literature', 'novelty detection task recognize sample belong distribution target class training novelty class absent prevent use traditional classification approach deep autoencoders widely use base many unsupervised novelty detection method particular context autoencoders successful novelty detection task effective representation learn reconstruct original image randomly mask image however significant drawback context autoencoders random mask fails consistently cover important structure input image lead suboptimal representation especially novelty detection task paper optimize input mask design framework consist two compete network mask module reconstructor mask module convolutional autoencoder learns generate optimal mask cover important part image alternatively reconstructor convolutional encoder decoder aim reconstruct unperturbed image mask image network train adversarial manner mask module generate mask applied image give reconstructor way mask module seek maximize reconstruction error reconstructor minimize apply novelty detection propose approach learn semantically rich representation compare context autoencoders enhances novelty detection test time optimal mask novelty detection experiment mnist cifar image datasets demonstrate propose approach superiority cut edge method experiment ucsd video dataset novelty detection propose approach achieves state art result', 'exist anomaly detection paradigm overwhelmingly focus train detection model use exclusively normal data unlabeled data mostly normal sample one notorious issue approach weak discriminate anomaly normal sample due lack knowledge anomaly study problem shot anomaly detection aim use label anomaly example train sample efficient discriminative detection model address problem introduce novel weakly supervise anomaly detection framework train detection model without assume example illustrate possible class anomaly specifically propose approach learn discriminative normality regularity leverage labeled anomaly prior probability enforce expressive representation normality unbounded deviated representation abnormality achieve end end optimization anomaly score neural deviation learn anomaly score normal sample impose approximate scalar score draw prior anomaly example enforce statistically significant deviation sample score upper tail furthermore model optimize learn fine grain normality abnormality top k multiple instance learning base feature subspace deviation learn allow generalized representation comprehensive experiment nine real world image anomaly detection benchmark show model substantially sample efficient robust performs significantly well state art compete method close set open set setting model also offer explanation capability result prior drive anomaly score learning code datasets available https git io devnet']",22167
141,24,141_neuroevolution_neat_ke_structural objective,"['neuroevolution', 'neat', 'ke', 'structural objective', 'segen', 'evolution', 'gene tag', 'offspring network', 'notc', 'deep intelligence']","['neuroevolution one methodology use learn optimal architecture training use evolutionary algorithm generate topology artificial neural network parameter main benefit scalable fully partially non gradient method work modify neuroevolution technique present incorporate multi level optimisation present approach adapts evolution strategy evolve ensemble model base bagging technique use genetic operator optimise single anomaly detection model reduce training dataset speedup search process perform non gradient fine tune multivariate anomaly detection unsupervised learn task case study upon present approach test single model optimisation base mutation crossover operator focus find optimal window size number layer layer depths hyperparameters etc boost anomaly detection score new already know model propose framework protocol show possible find architecture within reasonable time frame boost well know multivariate anomaly detection deep learning architecture work concentrate improvement multi level neuroevolution approach anomaly detection main modification method mix group single model evolution non gradient fine tune voting mechanism present framework use efficient learn network architecture method different unsupervised task autoencoder architecture use test run swat wadi datasets present approach evolve architecture achieve best score among deep learning model', 'neuroevolution evolve neural network successful track record across variety domain reinforcement learn artificial life rarely apply large deep neural network central reason random mutation generally work low dimension random perturbation thousand million weight likely break exist functionality provide learn signal even individual weight change beneficial paper propose solution introduce family safe mutation sm operator aim within mutation operator find degree change alter network behavior much still facilitate exploration importantly sm operator require additional interaction environment effective sm variant capitalize intriguing opportunity scale degree mutation individual weight accord sensitivity network output weight require compute gradient output respect weight instead gradient error conventional deep learning safe mutation gradient sm g operator dramatically increase ability simple genetic algorithm base neuroevolution method find solution high dimensional domain require deep recurrent neural network tend particularly brittle mutation include domain require process raw pixel improve ability evolve deep neural network new safe approach mutation expand scope domain amenable neuroevolution', 'promise paradigm achieve highly efficient deep neural network idea evolutionary deep intelligence mimic biological evolution process progressively synthesize efficient network crucial design factor evolutionary deep intelligence genetic encode scheme use simulate heredity determine architectures offspring network study take deep look notion synaptic cluster drive evolution deep neural network guide evolution process towards formation highly sparse set synaptic cluster offspring network utilize synaptic cluster drive genetic encode probabilistic encode synaptic trait considers individual synaptic property also inter synaptic relationship within deep neural network process result highly sparse offspring network particularly tailor parallel computational device gpus deep neural network accelerator chip comprehensive experimental result use four well know deep neural network architecture lenet alexnet resnet detectnet two different task object categorization object detection demonstrate efficiency propose method cluster drive genetic encode scheme synthesizes network achieve state art performance significantly small number synapsis original ancestor network sim fold decrease synapses mnist furthermore improved cluster efficiency generate offspring network sim fold decrease cluster mnist sim fold decrease cluster kitti particularly useful accelerate performance parallel compute hardware architecture gpus deep neural network accelerator chip']",22167
142,23,142_sufficient reason_decision tree_decision list_oa,"['sufficient reason', 'decision tree', 'decision list', 'oa', 'unknown unknown', 'interpretable classification', 'tsallis', 'split criterion', 'tsallis entropy', 'prime implicants']","['wide adoption machine learn critical domain medical diagnosis law education propel need interpretable technique due need end user understand reason behind decision due learn system computational intractability interpretable learning lead practitioner design heuristic technique fail provide sound handle tradeoff accuracy interpretability motivate success maxsat solver past decade recently maxsat base approach call mlic propose seek reduce problem learn interpretable rule express conjunctive normal form cnf maxsat query mlic show achieve accuracy similar state art black box classifier generate small interpretable cnf formula runtime performance mlic significantly lag render approach unusable practice context author raise question possible achieve best world e sound framework interpretable learn take advantage maxsat solver scale real world instance paper take step towards answer question affirmation propose imli incremental approach maxsat base framework achieves scalable runtime performance via partition base train methodology extensive experiment benchmark arise uci repository demonstrate imli achieves three order magnitude runtime improvement without loss accuracy interpretability', 'random forest long consider powerful model ensemble machine learn train multiple decision tree whose diversity foster data feature subsampling result random forest lead stable reliable prediction single decision tree however come cost decreased interpretability decision tree often easily interpretable prediction make random forest much difficult understand involve majority vote hundred decision tree paper examine different type reason explain input instance classify positive negative boolean random forest notably alternative sufficient reason take form prime implicants random forest introduce majoritary reason prime implicants strict majority decision tree different abductive explanation tractability generation problem find one reason minimization problem find one short reason investigate experiment conduct various datasets reveal existence trade runtime complexity sparsity sufficient reason identification problem dp complete slightly large majoritary reason generate use simple linear time greedy algorithm significantly large minimal majoritary reason approach use anytime p artial ax sit algorithm', 'wide adoption machine learn approach industry government medicine science renew interest interpretable machine learn many decision important delegate black box technique deep neural network kernel svms historically problem learn interpretable classifier include classification rule decision tree approach greedy heuristic method essentially exact optimization formulation np hard primary contribution maxsat base framework call mlic allows principled search interpretable classification rule expressible propositional logic approach benefit revolutionary advance constraint satisfaction community solve large scale instance problem experimental evaluation collection benchmark arise practical scenario demonstrate effectiveness show formulation solve large classification problem tens hundred thousand example thousand feature provide tunable balance accuracy vs interpretability furthermore show many problem interpretability obtain minor cost accuracy primary objective paper show recent advance maxsat literature make realistic find optimal high quality near optimal solution large scale classification problem key goal paper excite researcher interpretable classification cp community take propose rich formulation develop bespoke solver attune problem interpretable ml']",22167
143,23,143_speech emotion_emotion_emotion recognition_ser,"['speech emotion', 'emotion', 'emotion recognition', 'ser', 'speech', 'iemocap', 'emotional', 'emotional speech', 'utterance', 'interlocutor']","['recent year speech emotion recognition technology great significance industrial application call center social robot health care combination speech recognition speech emotion recognition improve feedback efficiency quality service thus speech emotion recognition attract much attention industry academic since emotion exist entire utterance may vary probability speech emotion likely ambiguous pose great challenge recognition task however previous study commonly assign single label multi label utterance certain therefore algorithms result low accuracy inappropriate representation inspire optimally interact theory address ambiguous speech emotion propose novel multi classifier interactive learn mcil method mcil multiple different classifier first mimic several individual inconsistent cognition ambiguous emotion construct new ambiguous label emotion probability distribution retrain new label interact cognition procedure enable classifier learn good representation ambiguous data others improves recognition ability experiment three benchmark corpus ma iemocap fau aibo demonstrate mcil improve classifier performance also raise recognition consistency moderate substantial', 'dissertation practical speech emotion recognition technology study include several cognitive relate emotion type namely fidgetiness confidence tiredness high quality naturalistic emotional speech data basis research follow technique use induce practical emotional speech cognitive task computer game noise stimulation sleep deprivation movie clip practical speech emotion recognition system study base gaussian mixture model two class classifier set adopt performance improvement small sample case consider context information continuous emotional speech gaussian mixture model embed markov network propose study carry system robustness analysis first noise reduction algorithm base auditory masking property fist introduced practical speech emotion recognition second deal complicate unknown emotion type real situation emotion recognition method rejection ability propose enhanced system compatibility unknown emotion sample third cop difficulty bring large number unknown speaker emotional feature normalization method base speaker sensitive feature cluster propose fourth add electrocardiogram channel bi modal emotion recognition system base speech signal electrocardiogram signal first introduce speech emotion recognition method study dissertation may extend cross language speech emotion recognition whisper speech emotion recognition', 'recognize speaker emotion speech key element emergency call center end end deep learn system speech emotion recognition achieve equivalent even well result conventional machine learning approach paper order validate performance neural network architecture emotion recognition speech first train test widely use corpus accessible community iemocap use architecture real life corpus cemo compose dialog h speaker frequent emotion express caller real life emergency dialogue fear anger positive emotion relief iemocap general topic conversation frequent emotion sadness anger happiness use end end deep learning architecture unweighted accuracy recall ua obtain iemocap ua cemo class use class anger neutral result cemo ua compare ua iemocap expect encourage result cemo improved combining audio channel linguistic channel real life emotion clearly complex act one mainly due large diversity emotional expression speaker index term emotion detection end end deep learning architecture call center real life database complex emotion']",22167
144,23,144_bts_behavior tree_tree bts_bt,"['bts', 'behavior tree', 'tree bts', 'bt', 'control architectures', 'tree', 'transition diagram', 'formulation behavior', 'fsms', 'trs']","['propose hybrid combination active inference behavior tree bts reactive action plan execution dynamic environment show robotic task formulate free energy minimization problem propose approach allow handle partially observable initial state improve robustness classical bts unexpected contingency time reduce number node tree work general nominal behavior specify offline bts new type leaf node prior node introduce specify desire state achieve rather action execute typically do bts decision action execute reach desire state perform online active inference result combination continual online plan hierarchical deliberation agent able follow predefined offline plan still able locally adapt take autonomous decision runtime property algorithm convergence robustness thoroughly analyzed theoretical result validate two different mobile manipulator perform similar task simulate real retail environment', 'modularity central principle throughout design process cyber physical system modularity reduce complexity increase reuse behavior paper pose answer follow question identify independent module within structure reactive control architectures end propose graph structure control architecture call decision structure show generalise reactive control architectures popular artificial intelligence ai robotics specifically teleo reactive program trs decision tree dts behavior tree bts generalise behavior tree k bts inspire definition module graph theory define module decision structure show decision structure possess canonical decomposition module naturally characterise bts k bts dts trs property module decomposition allow u recognise decision structure equivalent architecture quadratic time propose concept modules extend formal verification verification scheme capable verify decision structure namely prove modification module within decision structure great flow effect modification individual action within structure enable verification module do locally hierarchically structure verify repeatedly locally modify module replace module preserve correctness illustrate finding present example solar power drone control decision structure use linear temporal logic base verification scheme verify correctness structure show one modify modules preserve correctness', 'paper describe architecture robot combine complementary strength probabilistic graphical model declarative program represent reason logic base probabilistic description uncertainty domain knowledge action language extend support non boolean fluents non deterministic causal law action language use describe tightly couple transition diagram two level granularity fine resolution transition diagram define refinement coarse resolution transition diagram domain coarse resolution system description history include prioritize default translate answer set prolog asp program give goal inference asp program provide plan abstract action implement abstract action robot automatically zooms part fine resolution transition diagram relevant action probabilistic representation uncertainty sense actuation include zoomed fine resolution system description use construct partially observable markov decision process pomdp policy obtain solve pomdp invoke repeatedly implement abstract action sequence concrete action correspond observation record coarse resolution history use subsequent reasoning architecture evaluate simulation mobile robot move object indoor domain show support reason violation default noisy observation unreliable action complex domain']",22167
145,23,145_explainable recommendation_recommendation_conversational recommendation_recommendation explanation,"['explainable recommendation', 'recommendation', 'conversational recommendation', 'recommendation explanation', 'explanation', 'explainable', 'item', 'recommender', 'hde', 'conversational']","['explainable recommendation far well solve partly due three challenge first personalization preference learn require different item user different contribution learn user preference item quality second one dynamic explanation crucial timeliness recommendation explanation last one granularity explanation practice aspect level explanation persuasive item level user level one paper address challenge simultaneously propose novel model call hybrid deep embed hde aspect base explainable recommendation make recommendation dynamic aspect level explanation main idea hde learn dynamic embeddings user item rating prediction dynamic latent aspect preference quality vector generation aspect level explanation fusion dynamic implicit feedback extract review attentive user item interaction particularly aspect preference quality user item learn automatically hde able capture impact aspect mention review user item extensive experiment conduct real datasets verify recommend performance explainability hde source code work available url http github com lola hde python', 'recent study show provide personalized explanation alongside recommendation increase trust perceive quality furthermore give user opportunity refine recommendation critique part explanation one hand current recommender system model recommendation explanation critique objective jointly create inherent trade respective performance hand although recent latent linear critique approach build upon exist recommender system suffer computational inefficiency inference due objective optimized conversation turn address deficiency ms vae novel variational autoencoder recommendation explanation base multimodal modeling assumption train model weak supervision scheme simulate fully partially observed variable leverage generalization ability train ms vae model embed user preference critique separately work important innovation critique module build upon train self supervise manner simple rank objective experiment four real world datasets demonstrate among state art model system first dominate match performance term recommendation explanation multi step critique moreover ms vae process critique x fast best baseline finally show model infers coherent joint cross generation even weak supervision thanks multimodal base model training scheme', 'recommender system software application help user find item interest situation information overload personalized way use knowledge need preference individual user conversational recommendation approach need preference acquire system interactive multi turn dialog common approach literature drive dialog incrementally ask user preference regard desire undesired item feature regard individual item central research goal context efficiency evaluate respect number require interaction satisfy item find usually accomplish make inference best next question ask user today research dialog efficiency almost entirely empirical aim demonstrate example one strategy select question well another one give application work complement empirical research theoretical domain independent model conversational recommendation model design cover range application scenario allow u investigate efficiency conversational approach formal way particular respect computational complexity devise optimal interaction strategy theoretical analysis show find efficient conversational strategy np hard pspace general particular kind catalog upper bound lower polylogspace practical point view result implies catalog characteristic strongly influence efficiency individual conversational strategy therefore consider design new strategy preliminary empirical analysis datasets derive real world one aligns finding']",22167
146,22,146_expression_expression recognition_facial_facial expression,"['expression', 'expression recognition', 'facial', 'facial expression', 'fer', 'micro expression', 'micro', 'mer', 'recognition facial', 'micro facial']","['correctly perceive micro expression difficult since micro expression involuntary repress subtle facial expression efficiently reveal subtle movement change capture significant segment micro expression sequence key micro expression recognition mer handle crucial issue paper firstly propose dynamic segmented sparse image module dssi compute dynamic image local global spatiotemporal descriptor unique sample protocol reveals subtle movement change visually efficient way secondly segment movement attend spatiotemporal network sma stn propose unveil imperceptible small movement change utilizes spatiotemporal movement attend module stma capture long distance spatial relation facial expression weigh temporal segment besides deviation enhancement loss de loss embed sma stn enhance robustness sma stn subtle movement change feature level extensive experiment three widely use benchmark e casme ii samm shic show propose sma stn achieves well mer performance state art method prof propose method effective handle challenge mer problem', 'facial expression standout amongst imperative feature human emotion recognition demonstrate emotional state facial expression utilized people case recognition facial expression persist test intriguing issue regard pc vision recognize micro facial expression video sequence main objective propose approach efficient recognition propose method utilize optimal convolution neural network propose method consider input dataset ck dataset first mean adaptive median filter preprocessing perform input image preprocessed output extract feature geometric feature histogram orient gradient feature local binary pattern feature novelty propose method help modify lion optimization mlo algorithm optimal feature select extracted feature shorter computational time benefit rapidly focalize effectively acknowledge aim get overall arrangement idea finally recognition do convolution neural network cnn performance propose mfeocnn method analyse term false measure recognition accuracy kind emotion recognition mainly use medicine marketing e learn entertainment law monitor simulation know propose approach achieve maximum recognition accuracy minimum mean absolute error mae value result compare exist microfacial expression base deep root learn mfedrl convolutional neural network lion optimization cnn lo convolutional neural network cnn without optimization simulation propose method do work platform matlab', 'micro expression recognition textbf mer attract lot researcher attention decade however occlusion occur m real world scenario paper deeply investigate interesting unexplored challenge issue mer ie occlusion mer first research mer real world occlusion synthetic occlude micro expression database create use various mask community second suppress influence occlusion underline r egion inspire underline r elation underline r easoning underline n etwork textbf rrrn propose model relation various facial region rrrn consist backbone network region inspire textbf ri module relation reason textbf rr module specifically backbone network aim extract feature representation different facial region ri module compute adaptive weight region base attention mechanism respect unobstructedness importance suppress influence occlusion rr module exploit progressive interaction among region perform graph convolution experiment conduct handout database evaluation composite database evaluation task megc protocol experimental result show rrrn significantly explore importance facial region capture cooperative complementary relationship facial region mer result also demonstrate rrrn outperforms state art approach especially occlusion rrrn act robust occlusion']",22167
147,22,147_negotiation_negotiation team_negotiate_opponent,"['negotiation', 'negotiation team', 'negotiate', 'opponent', 'pta', 'base negotiation', 'negotiation strategy', 'team', 'automate negotiation', 'intra team']","['paper introduce new negotiate agent model automate negotiation focus application without time pressure multidi mensional negotiation continuous discrete domain agent bidding strategy rely monte carlo tree search trendy method since use success game high branching factor go also exploits opponent model technique thanks gaussian process regression bayesian learn evaluation do confront exist agent able negotiate context random walker tit tat nice tit tat none agent succeed beat agent also modular adaptive nature approach huge advantage come optimize specific applicative context', 'article agent base negotiation model negotiation team negotiate deal opponent present agent base negotiation team group agent join together single negotiation party share interest relate negotiation process model relies trust mediator coordinate help team member decision take negotiation process offer send opponent whether offer receive opponent accept main strength propose negotiation model fact guarantee unanimity within team decision since decision report utility team member great equal aspiration level negotiation round work analyzes unanimous decision take within team robustness model different type manipulation empirical evaluation also perform study impact different parameter model', 'circumstance group individual may need negotiate together negotiation team another party unlike bilateral negotiation two individual type negotiation entail adopt intra team strategy negotiation team order make team decision accordingly negotiate opponent crucial able negotiate successfully heterogeneous opponent since opponent negotiation strategy behavior may vary open environment one opponent might collaborate concede time another may incline concede paper analyze performance recently propose intra team strategy negotiation team different category opponent competitor matcher conceders furthermore provide extension negotiation tool genius negotiation team bilateral setting consequently work facilitates research negotiation team']",22167
148,21,148_interval value_interval_fuzzy_fuzzy number,"['interval value', 'interval', 'fuzzy', 'fuzzy number', 'intuitionistic fuzzy', 'fss', 'trapezoidal', 'overlap function', 'intuitionistic', 'value overlap']","['recently much research model uncertainty human perception fuzzy set fss research focus allow respondent express intra uncertainty use interval depend technique use type uncertainty model different type fss obtain e g type interval type general type arguably one flexible technique interval agreement approach iaa allow model perception respondent without make assumption outlier removal predefined membership function type e g gaussian key aspect analysis interval value data indeed iaa base agreement model say data determine position strengths agreement across source participant previously agreement ratio propose measure strength agreement fuzzy set base model interval data say measure applicable type fuzzy set paper extend agreement ratio capture degree inter group agreement model general type fuzzy set use iaa measure rely use similarity measure quantitatively express relation different level agreement give fs synthetic example provide order demonstrate behaviour calculation measure finally application real world data provide order show potential measure assess divergence opinion ambiguous concept heterogeneous group participant involve', 'flexible decision maker evaluate interval value q rung orthopair fuzzy set ivq rofs offer fuzzy decision make applicational space meanwhile choquet integralses non additive set function fuzzy measure describe interaction attribute directly particular large number practical issue relevance attribute therefore paper propose correlation operator group decision make method base interval value q rung orthopair fuzzy set choquet integral first interval value q rung orthopair fuzzy choquet integral average operator ivq rofca interval value q rung orthopair fuzzy choquet integral geometric operator ivq rofcg inves tigated basic property prove furthermore several operator base ivq rofca ivq rofcg develop group decision make method base ivq rofca develop solve decision making problem interaction attribute finally implementation warn management system hypertension show operator group decision make method propose paper handle complex decision making case reality decision result consistent doctor diagnosis result moreover comparison result operator show propose operator group decision make method correct effective decision result affect change q value', 'overlap function class aggregation function measure overlap degree two value interval value overlap function define extension express overlap interval value data usually apply uncertainty regard assignment membership degree choice total order interval significant motivate recent development interval value aggregation function interval value overlap function increase give admissible order total order refines usual partial order interval also width preservation consider recent work intent avoid uncertainty increase guarantee information quality deeper study make regard relation width input interval output interval apply interval value function one control uncertainty propagation base relation thus paper introduce develop concept width limited interval value function width limit function present theoretical approach analyze relation width input output interval bivariate interval value function special attention interval value aggregation function ii introduce concept b ultramodular aggregation function less restrictive extension one dimension convexity bivariate aggregation function important predictable behaviour respect width extend interval value context iii define width limit interval value overlap function take account function control width output interval iv present compare three construction method width limit interval value overlap function']",22167
149,21,149_probabilistic program_probabilistic programming_probabilistic_spreadsheet,"['probabilistic program', 'probabilistic programming', 'probabilistic', 'spreadsheet', 'programming', 'edward', 'program', 'drive proposal', 'ppl', 'ppls']","['probabilistic programming language ppls powerful model tool able represent computable probability distribution unfortunately probabilistic program inference often intractable exist ppls mostly rely expensive approximate sampling base method alleviate problem one could try learn past inference future inference run faster strategy know amortized inference recently apply bayesian network deep generative model paper propose system amortized inference ppls system amortization come form parameterized guide program guide program similar structure original program rich data flow include neural network component network optimize guide approximately samples posterior distribution define original program present flexible interface define guide program stochastic gradient base scheme optimize guide parameter well preliminary result automatically derive guide program explore detail common machine learn pattern local model specify global random value use generate independent observe data point give rise amortize local inference support global model learn', 'book graduate level introduction probabilistic programming provide thorough background anyone wish use probabilistic programming system also introduce technique need design build system aim people undergraduate level understand either ideally probabilistic machine learn program language start discussion model base reason explain condition foundational computation central field probabilistic machine learn artificial intelligence introduce first order probabilistic programming language ppl whose program correspond graphical model know finite set random variable context ppl introduce fundamental inference algorithm describe implement turn high order probabilistic programming language program language define model dynamic computation graph may instantiate set random variable execution inference require method generate sample repeatedly evaluate program foundational algorithm kind language discuss context interface program execution inference controller finally consider intersection probabilistic differentiable program begin discussion automatic differentiation use implement efficient inference method base hamiltonian monte carlo discus gradient base maximum likelihood estimation program parameterized use neural network amortize inference use learn neural approximation program posterior language feature impact design deep probabilistic programming system', 'thesis describe work two application probabilistic program learning probabilistic program code give specification particular program code one dimensional sampler facilitation sequential monte carlo inference help data drive proposal latter present experimental result linear gaussian model non parametric dependent dirichlet process mixture object model object recognition track chapter provide brief introduction probabilistic programming chapter present approach automatic discovery sampler form probabilistic program formulate bayesian approach problem specify grammar base prior probabilistic program code use approximate bayesian computation method learn program whose execution generate sample statistically match observe data analytical characteristic distribution interest experiment leverage different probabilistic program system perform markov chain monte carlo sample space program experimental result demonstrate use propose methodology learn approximate even exact sampler finally show result competitive regard genetic programming method chapter describe way facilitate sequential monte carlo inference probabilistic programming use data drive proposal particular develop distance base proposal non parametric dependent dirichlet process mixture object model implement approach probabilistic programming system anglican show model data drive proposal provide significant performance improvement also explore possibility use neural network improve data drive proposal']",22167
150,21,150_dcops_dcop_distribute constraint_constraint optimization,"['dcops', 'dcop', 'distribute constraint', 'constraint optimization', 'optimization dcops', 'privacy', 'solve dcops', 'agent privacy', 'incomplete dcop', 'distribute']","['come large scale multi agent system diverse set agent traditional differential privacy dp mechanism ill match consider broad class adversary protect user independent characteristic guarantee achieve meaningful privacy lead pronounce reduction solution quality assumption unnecessary many real world application three key reason user might willing disclose less sensitive information e g city residence exact location ii attacker might posses auxiliary information e g city residence mobility demand system reviewer expertise paper assignment problem iii domain characteristic might exclude subset solution expert auction would assign review robotics paper thus need indistinguishably reviewer different field introduce piecewise local differential privacy pldp privacy model design protect utility function application attacker possess additional information characteristic utility space pldp enable high degree privacy applicable real world unboundedly large setting moreover propose palma privacy preserve heuristic maximum weight match evaluate palma vehicle passenger match scenario use real data demonstrate provide strong privacy varepsilon leq median varepsilon high quality matchings bad non private optimal', 'distribute constraint optimization problem dcops widely study class optimization problem interaction set cooperative agent model set constraint dcops np hard significant effort devote develop method find incomplete solution paper study emerge class incomplete algorithms broadly term population base algorithms main characteristic algorithm maintain population candidate solution give problem use population cover large area search space avoid local optima recent year class algorithm gain significant attention due ability produce high quality incomplete solution primary goal improve quality solution compare state art incomplete dcop algorithms present two new population base algorithms paper first approach anytime evolutionary dcop aed exploit evolutionary optimization meta heuristic solve dcops also present novel anytime update mechanism give aed anytime property second contribution show population base approach combine local search approach specifically develop algorithm call dpsa base simulated anneal meta heuristic empirically evaluate two algorithms illustrate respective effectiveness different setting state art incomplete dcop algorithm include exist population base algorithms wide variety benchmark evaluation show aed dpsa markedly outperform state art produce improve solution', 'distribute constraint optimization problem dcops widely study framework coordinate interaction cooperative multi agent system classical dcops variable own agent assume discrete however many application target track sleep schedule sensor network continuous value variable suitable discrete one well model application researcher propose continuous dcops c dcops extension dcops explicitly model problem continuous variable state art approach solve c dcops experience either onerous memory computation overhead unsuitable non differentiable optimization problem address issue propose new c dcop algorithm namely particle swarm optimization base c dcop pcd inspire particle swarm optimization pso well know centralize population base approach solve continuous optimization problem recent year population base algorithm gain significant attention classical dcops due ability produce high quality solution nonetheless best knowledge class algorithm utilized solve c dcops work evaluate potential pso solve classical dcops c dcops light observation adapt pso centralized algorithm solve c dcops decentralize manner result pcd algorithm produce good quality solution also find solution without requirement derivative calculation moreover design crossover operator use pcd improve quality solution find finally theoretically prove pcd anytime algorithm empirically evaluate pcd state art c dcop algorithms wide variety benchmark']",22167
151,21,151_starcraft_rts_rts game_starcraft ii,"['starcraft', 'rts', 'rts game', 'starcraft ii', 'tstarbot', 'alphastar', 'real strategy', 'deep rts', 'sc', 'macro management']","['starcraft one difficult esport game long stand history professional tournament attract generation player fan also intense attention artificial intelligence research recently google deepmind announce alphastar grandmaster level ai starcraft ii play human use comparable action space operation paper introduce new ai agent name tstarbot x train order less computation play competitively expert human player tstarbot x take advantage important technique introduce alphastar also benefit substantial innovation include new league training method novel multi agent role rule guide policy search stabilize policy improvement lightweight neural network architecture importance sample imitation learn etc show order less computation scale faithful reimplementation alphastar method succeed propose technique necessary ensure tstarbot x competitive performance reveal technical detail complementary mention alphastar show sensitive part league train reinforcement learn imitation learn affect performance agent importantly open source study code resource include trained model parameter publicly accessible via url http github com tencent ailab tleague projpage expect study could beneficial academic industrial future research solve complex problem like starcraft also might provide spar partner starcraft ii player ai agent', 'starcraft ii sc widely consider challenge real time strategy rts game underlying challenge include large observation space huge continuous infinite action space partial observation simultaneous move player long horizon delay reward local decision push frontier ai research deepmind blizzard jointly develop starcraft ii learn environment sc le testbench complex decision make system sc le provide mini game movetobeacon collectmineralshards defeatroaches ai agent achieve performance level human professional player however full game current ai agent still far achieve human professional level performance bridge gap present two full game ai agent paper ai agent tstarbot base deep reinforcement learn flat action structure ai agent tstarbot base hard cod rule hierarchical action structure tstarbot tstarbot able defeat build ai agent level level full game v zerg v zerg game abyssalreef map note level level level cheat agent unfair advantage full vision whole map resource harvest boost best knowledge first public work investigate ai agent defeat build ai starcraft ii full game', 'reinforcement learn rl area research blossom tremendously recent year show remarkable potential artificial intelligence base opponent computer game success primarily due vast capability convolutional neural network extract useful feature noisy complex data game excellent tool test push boundary novel rl algorithm give valuable insight well algorithm perform isolated environment without real life consequence real time strategy game rts genre tremendous complexity challenge player short long term planning much research focus apply rl rts game novel advance therefore anticipate distant future however date environment test rts ais environment literature often either overly simplistic microrts complex without possibility accelerate learn consumer hardware like starcraft ii paper introduces deep rts game environment test cut edge artificial intelligence algorithm rts game deep rts high performance rts game make specifically artificial intelligence research support accelerate learn meaning learn magnitude time faster compare exist rts game deep rts flexible configuration enable research several different rts scenario include partially observable state space map complexity show deep rts live promise compare performance microrts elf starcraft ii high end consumer hardware use deep rts show deep q network agent beat random play agent time deep rts publicly available http github com cair deeprts']",22167
152,21,152_mcmc_smci_sampler_markov chain,"['mcmc', 'smci', 'sampler', 'markov chain', 'monte carlo', 'monte', 'carlo', 'proposal', 'chain monte', 'carlo mcmc']","['markov chain monte carlo mcmc method promise solution sample target distribution high dimension mcmc method enjoy nice theoretical property like guarantee convergence mix true target practice sample efficiency depend choice proposal distribution target hand work considers use machine learn adapt proposal distribution target order improve sample efficiency purely discrete domain specifically propose new parametrization family proposal distribution call locally balance proposal ii defines objective function base mutual information iii devise learning procedure adapt parameter proposal target thus achieve fast convergence fast mix call result sampler locally self balance sampler lsb show experimental analysis ising model bayesian network lsb indeed able improve efficiency state art sampler base locally balance proposal thus reduce number iteration require converge achieve comparable mixing performance', 'bayesian inference without access likelihood likelihood free inference key research topic simulation yield realistic generation result recent likelihood free inference update approximate posterior sequentially dataset cumulative simulation input output pair inference round therefore dataset gather iterative simulation sample input proposal distribution mcmc become key inference quality sequential framework paper introduce new proposal modeling name implicit surrogate proposal isp generate cumulate dataset sample efficiency isp construct cumulative dataset diverse way draw sample via feed forward fashion posterior inference suffer disadvantage mcmc cause non nature auto correlation slow mix analyze convergence property isp theoretical empirical aspect guarantee isp provide asymptotically exact sampler demonstrate isp outperforms baseline inference algorithm simulation multi modal posterior', 'statistical signal processing application usually require estimation parameter interest give set observe data estimate typically obtain either solve multi variate optimization problem maximum likelihood ml maximum posteriori map estimator perform multi dimensional integration minimum mean square error mmse estimator unfortunately analytical expression estimator cannot find real world application monte carlo mc methodology one feasible approach mc method proceed draw random sample either desired distribution simpler one use compute consistent estimator important family mc algorithms markov chain mc mcmc importance sample one hand mcmc method draw sample proposal density build ergodic markov chain whose stationary distribution desire distribution accept reject candidate sample new state chain hand technique draw sample simple proposal density assign suitable weight measure quality appropriate way paper perform thorough review mc method estimation static parameter signal processing application historical note development mc scheme also provide follow basic mc method brief description rejection sample r algorithm well three section describe many relevant mcmc algorithm combine use']",22167
153,21,153_cp net_conditional preference_cp_preference,"['cp net', 'conditional preference', 'cp', 'preference', 'preference elicitation', 'elicitation', 'net', 'cleo', 'lexicographic', 'lexicographic preference']","['study problem elicit preference decision maker moderate number pairwise comparison query make high quality recommendation specific problem motivate application high stake domain choose policy allocate scarce resource satisfy basic need e g kidney transplantation housing experience homelessness consequential recommendation need make partially elicited preference model uncertainty preference set base investigate two setting offline elicitation set query make b online elicitation set query select sequentially time adaptive fashion propose robust optimization formulation problem integrate preference elicitation recommendation phase aim either maximize bad case utility minimize bad case regret study complexity offline case active preference elicitation take form two half stage robust optimization problem decision dependent information discovery provide equivalent reformulation form mixed binary linear program solve via column constraint generation online set active preference learn take form multi stage robust optimization problem decision dependent information discovery propose conservative solution approach numerical study synthetic data demonstrate method outperform state art approach literature term worst case rank regret utility showcase methodology use assist homeless service agency choose policy allocate scarce housing resource different type people experience homelessness', 'paper introduces cleo novel preference elicitation algorithm capable recommend complex object hybrid domain characterize discrete continuous attribute constraint define algorithm assumes minimal initial information e set catalog attribute defines decisional feature logic formulae combine boolean algebraic constraint attribute unknown utility decision maker dm model weighted combination feature cleo iteratively alternate preference elicitation step pairs candidate solution select base current utility model refinement step utility refine incorporate feedback receive elicitation step leverage max smt solver return optimal hybrid solution accord current utility model refinement step implement learn rank sparsifying norm use favour selection informative feature combinatorial space candidate decisional feature cleo first preference elicitation algorithm capable deal hybrid domain thanks use max smt technology retain uncertainty dm utility noisy feedback experimental result complex recommendation task show ability cleo quickly focus towards optimal solution well capacity recover suboptimal initial choice competitor exist hybrid set cleo outperforms state art bayesian preference elicitation algorithm apply purely discrete task', 'conditional preference network cp net graphically represent user qualitative conditional preference statement ceteris paribus interpretation constrain cp net extension cp net set constraint exist algorithm solve constrain cp net require expensive dominance test operation propose three approach tackle challenge first solution alter constrain cp net elicit additional relative importance statement variables order total order outcome call new model constrain relative importance network constrain cpr net consequently show constrained cpr net one single optimal outcome assuming constrain cpr net consistent obtain without dominance test second solution extend lexicographic preference tree lp tree set constraint propose recursive backtrack search algorithm call search lp find preferable outcome prove first feasible outcome return search lp without dominance testing also preferable feasible outcome finally third solution preserve semantics cp net propose divide conquer algorithm compare outcomes accord dominance testing']",22167
154,21,154_artificial life_cellular automaton_alife_cellular,"['artificial life', 'cellular automaton', 'alife', 'cellular', 'automaton', 'self organization', 'open endedness', 'endedness', 'oee', 'automaton artificial']","['many computer model cellular automaton artificial neural network develop successfully apply however case model might restrictive possible solution solution might difficult interpret overcome problem outline new approach call allagmatic method automatically program execute model little limitation possible maintain human interpretability earlier describe metamodel building block accord philosophical concept structure spatial dimension operation temporal dimension entity milieu update function together abstractly describe cellular automaton artificial neural network possibly kind computer model automatically combine building block evolutionary computation interpretability might increase relationship metamodel model might translate interpretable model via metamodel propose generic object orient program implement entity milieus dynamic generic array update function method show two experiment simple cellular automaton artificial neural network automatically program compile execute target state successfully evolve learned cellular automaton artificial neural network respectively conclude allagmatic method create execute cellular automaton artificial neural network model automate manner guidance philosophy', 'self organization broadly define ability system display order spatio temporal pattern solely result interaction among system component process kind characterize live artificial system make self organization concept basis several discipline physic biology engineering place frontier discipline artificial life alife heavily borrow concept tool study self organization provide mechanistic interpretation life like phenomenon well useful constructivist approach artificial system design despite broad usage within alife concept self organization often excessively stretch misinterpret call clarification could help trace border cannot consider self organization review discuss fundamental aspect self organization list main usage within three primary alife domains namely soft mathematical computational model hard physical robot wet chemical biological system alife also provide classification locate research finally discuss usefulness self organization relate concept within alife study point perspective challenge future research list open question hope work motivate discussion relate self organization alife relate field', 'live system often see emergence ingredient necessary computation capacity information transmission storage modification beg question may exploit imitate biological system unconventional compute application gain artificial life advancement compute technology artificial life provide u powerful tool understand dynamic behavior biological system capture behavior manmade substrate approach move towards new compute paradigm concern harness emergent computation physical substrate govern constraint moore law ultimately realize massively parallel distribute compute technology paper argue lens artificial life offer valuable perspective advancement high performance compute technology first present brief foundational background artificial life relevant tool may applicable unconventional compute two specific substrate discuss detail biological neuron ensemble nanomagnets substrates focus author ongoing work illustrative two side approach outline close study live system construction artificial system produce life like behavior conclude philosophical discussion learn approach computation curiosity inherent study artificial life main contribution paper present great potential use artificial life methodology uncover harness inherent computational power physical substrate toward application unconventional high performance compute']",22167
