Topic,Count,Name,Representation,Representative_Docs,Total
-1,9820,-1_nmt_machine translation_dialogue_similarity,"['nmt', 'machine translation', 'dialogue', 'similarity', 'resource', 'translation', 'machine', 'conversation', 'order', 'nlp']","['traditional goal orient dialogue system rely various component natural language understand dialogue state tracking policy learn response generation training component require annotation hard obtain every new domain limiting scalability system similarly rule base dialogue system require extensive writing maintenance rule scale either end end dialogue system hand require module specific annotation need large amount data train overcome problem demo present alexa conversation new approach building goal orient dialogue system scalable extensible well data efficient component system train data driven manner instead collect annotated conversation train generate use novel dialogue simulator base seed dialogue specification apis entity provide developer approach provide box support natural conversational phenomenon like entity share across turn user change mind conversation without require developer provide dialogue flow exemplify approach use simple pizza order task showcase value reduce developer burden create robust experience finally evaluate system use typical movie ticket book task show dialogue simulator essential component system lead improvement turn level action signature prediction accuracy', 'segment span contiguous part input phoneme speech name entity sentence action videos occur frequently sequence prediction problem segmental model class model explicitly hypothesize segment allow exploration rich segment feature sequence prediction however segmental model suffer slow decoding hampering use computationally expensive feature thesis introduce discriminative segmental cascade multi pas inference framework allow u improve accuracy add high order feature neural segmental feature maintain efficiency also show instead include feature obtain good accuracy segmental cascade use speed train decode segmental model similarly conventional speech recognizers typically trained multiple stage first stage frame classifier train manual alignment second stage segmental model train manual alignment put frame classifier however obtain manual alignment time consume expensive explore end end training segmental model various loss function show end end training marginal log loss eliminate need detail manual alignment draw connection marginal log loss popular end end training approach call connectionist temporal classification present unifying framework various end end graph search base model hide markov model connectionist temporal classification segmental model finally discuss possible extension segmental model large vocabulary sequence prediction task', 'paper deal automatic analysis real life telephone conversation agent customer customer care service cc application domain public transportation system paris purpose collect statistic customer problem order monitor service decide priorities intervention improve user satisfaction primary importance analysis detection theme object customer problem theme define application requirement part application ontology implicit cc documentation due variety customer population structure conversation agent unpredictable conversation may one theme theme mention interleave mention fact irrelevant application purpose furthermore certain conversation theme mention localize specific conversation segment conversation mention cannot localize consequence approach feature extraction without mention localization consider application domain relevant theme identify automatic procedure express specific sentence whose word hypothesize automatic speech recognition asr system asr system error prone word error rate high many reason among worth mention unpredictable background noise speaker accent various type speech disfluency application task require composition proportion theme mention sequential decision strategy introduce paper perform survey large amount conversation make available give time period strategy sample conversation form survey contain enough data analyze high accuracy proportion estimate sufficient accuracy due unpredictable type theme mention appropriate consider method theme hypothesization base global well local feature extraction two system base type feature extraction consider strategy one four method novel base new definition density theme mention localization high density zone whose boundary need precisely detect sequential decision strategy start group theme hypothesis set different expect accuracy coverage level set accuracy improve consequent increase coverage new system new feature introduce execution trigger specific precondition meet hypothesis generate basic four system experimental result provide corpus collect call center paris transportation system know ratp result show surveys high accuracy coverage compose propose strategy system make possible apply previously publish proportion estimation approach take account hypothesization error']",26760
0,446,0_summarization_summary_abstractive_document summarization,"['summarization', 'summary', 'abstractive', 'document summarization', 'extractive', 'abstractive summarization', 'rouge', 'multi document', 'generate summary', 'extractive summarization']","['exist extractive multi document summarization md method score sentence individually extract salient sentence one one compose summary two main drawback neglect intra cross document relation sentence neglect coherence conciseness whole summary paper propose novel md framework sgsum formulate md task sub graph selection problem source document regard relation graph sentence e g similarity graph discourse graph candidate summary sub graphs instead select salient sentence sgsum selects salient sub graph relation graph summary compare traditional method method two main advantage relation sentence capture model graph structure whole document set candidate sub graph directly output integrate summary form sub graph informative coherent extensive experiment multinews duc datasets show propose method bring substantial improvement several strong baseline human evaluation result also demonstrate model produce significantly coherent informative summary compare traditional md method moreover propose architecture strong transfer ability single multi document input reduce resource bottleneck md task code result available url http github com paddlepaddle research tree master nlp emnlp sgsum', 'abstractive summarization ideal form summarization since synthesize information multiple document create concise informative summary work aim develop abstractive summarizer first propose approach identifies important document multi document set sentence important document align sentence document generate cluster similar sentence second generate k short paths sentence cluster use word graph structure finally select sentence set short path generate cluster employ novel integer linear program ilp model objective maximize information content readability final summary ilp model represent short path binary variable considers length path information score linguistic quality score objective function experimental result duc multi document summarization datasets show propose approach outperform baseline state art extractive summarizers measure rouge score method also outperform recent abstractive summarization technique manual evaluation approach also achieve promising result informativeness readability', 'propose new length controllable abstractive summarization model recent state art abstractive summarization model base encoder decoder model generate one summary per source text however controllable summarization especially length important aspect practical application previous study length controllable abstractive summarization incorporate length embeddings decoder module control summary length although length embeddings control stop decode decide information include summary within length constraint unlike previous model length controllable abstractive summarization model incorporate word level extractive module encoder decoder model instead length embeddings model generates summary two step first word level extractor extract sequence important word call prototype text source text accord word level importance score length constraint second prototype text use additional input encoder decoder model generate summary jointly encode copy word prototype text source text since prototype text guide content length summary model generate informative length control summary experiment cnn daily mail dataset newsroom dataset show model outperform previous model length control setting']",26760
1,350,1_ner_recognition ner_entity recognition_entity,"['ner', 'recognition ner', 'entity recognition', 'entity', 'ne', 'nested', 'nest', 'crf', 'recognition', 'gazetteer']","['propose two neural network architecture nest name entity recognition ner set name entity may overlap also label one label encode nest label use linearized scheme first propose approach nest label model multilabels correspond cartesian product nest labels standard lstm crf architecture second one nested ner view sequence sequence problem input sequence consist token output sequence label use hard attention word whose label predict propose method outperform nest ner state art four corpus ace ace genia czech cnec also enrich architecture recently publish contextual embeddings elmo bert flair reach improvement four nested entity corpora addition report flat ner state art result conll dutch spanish conll english', 'name entity recognition ner search classification tag name name like frequent informational element texts become standard information extraction procedure textual data ner apply many type texts different type entity newspaper fiction historical record person location chemical compound protein family animal etc general ner system performance genre domain dependent also use entity category vary nadeau sekine general set name entity usually version three partite categorization location person organization paper report first large scale trial evaluation ner data digitize finnish historical newspaper collection digi experiment result discussion research serve development web collection historical finnish newspaper digi collection contains page newspaper material year finnish swedish use material finnish document evaluation ocred newspaper collection lot ocr error estimate word level correctness kettunen p akk onen principal ner tagger rule base tagger finnish finer provide fin clarin consortium show also result limit category semantic tagging tool semantic compute research group seco aalto university three tool also evaluate briefly research report first publish large scale result ner historical finnish ocred newspaper collection result research supplement ner result languages similar noisy data', 'task name entity recognition ner normally divide nested ner flat ner depend whether name entity nest model usually separately developed two task since sequence labeling model widely use backbone flat ner able assign single label particular token unsuitable nested ner token may assign several label paper propose unified framework capable handle flat nest ner task instead treat task ner sequence label problem propose formulate machine read comprehension mrc task example extract entity textsc per label formalize extract answer span question person mention text formulation naturally tackle entity overlap issue nest ner extraction two overlap entity different category require answer two independent question additionally since query encodes informative prior knowledge strategy facilitate process entity extraction lead good performance nest ner flat ner conduct experiment em nested em flat ner datasets experimental result demonstrate effectiveness propose formulation able achieve vast amount performance boost current sota model nest ner datasets e respectively ace ace genia kbp along sota result flat ner datasets e respectively english conll english ontonotes chinese msra chinese ontonotes']",26760
2,334,2_ctc_transducer_speech recognition_wer,"['ctc', 'transducer', 'speech recognition', 'wer', 'stream', 'librispeech', 'aed', 'rnn', 'latency', 'error rate']","['acoustic word model base connectionist temporal classification ctc criterion show natural end end e e model directly target word output unit however word base ctc model suffers vocabulary oov issue model limit number word output layer map remain word oov output node hence word base ctc model recognize frequent word model network output node first attempt improve acoustic word model hybrid ctc model consults letter base ctc word base ctc model emits oov token test time propose much good solution train mixed unit ctc model decomposes oov word sequence frequent word multi letter unit evaluate hour microsoft cortana voice assistant task final acoustic word solution improve baseline word base ctc relative word error rate wer reduction combine propose attention ctc e e model without use language model lm complex decoder outperforms traditional context dependent phoneme ctc strong lm decoder relative', 'acoustic word model base connectionist temporal classification ctc criterion natural end end e e system directly target word output unit two issue exist system first current output ctc model relies current input account context weight input hard alignment issue second word base ctc model suffers vocabulary oov issue mean model frequently occur word tag remain word oov hence model limited capacity recognize fix set frequent word study propose address problem use combination attention mechanism mixed unit particular introduce attention ctc self attention ctc hybrid ctc mixed unit ctc first blend attention model capability directly ctc network use attention ctc self attention ctc second alleviate oov issue present hybrid ctc use word letter ctc share hidden layer hybrid ctc consults letter ctc word ctc emit oov propose much good solution train mixed unit ctc decompose oov word sequence frequent word multi letter unit evaluate hour microsoft cortana voice assistant task final acoustic word solution use attention mixed unit achieves relative reduction word error rate wer vanilla word ctc e e model without use language model lm complex decoder also outperform traditional context dependent cd phoneme ctc strong lm decoder relative', 'article describe efficient train method online stream attention base encoder decoder aed automatic speech recognition asr system aed model achieve competitive performance offline scenario jointly optimize component recently extend online stream framework via model monotonic chunkwise attention mocha however elaborate attention calculation process robust long form speech utterance moreover sequence level train objective time restrict stream encoder cause nonnegligible delay token emission inference address problem propose ctc synchronous train ctc st ctc alignment leveraged reference token boundary enable mocha model learn optimal monotonic input output alignment formulate purely end end training objective synchronize boundary mocha ctc ctc model share encoder mocha model enhance encoder representation moreover propose method provide alignment information learn ctc branch attention base decoder therefore ctc st regard self distillation alignment knowledge ctc mocha experimental evaluation variety benchmark datasets show propose method significantly reduce recognition error emission latency simultaneously robustness long form noisy speech also demonstrate compare ctc st several method distill alignment knowledge hybrid asr system show ctc st achieve comparable tradeoff accuracy latency without rely external alignment information best mocha system show recognition accuracy comparable rnn transducer rnn achieve low emission latency']",26760
3,288,3_covid_pandemic_covid pandemic_misinformation,"['covid', 'pandemic', 'covid pandemic', 'misinformation', 'vaccine', 'coronavirus', 'tweet', 'virus', 'spread', 'outbreak']","['outbreak novel coronavirus disease covid cause unprecedented impact people daily life around world various measure policy lockdown social distancing implemented government combat disease pandemic period measure policy well virus may cause different mental health issue people depression anxiety sadness etc paper exploit massive text data post twitter user analyse sentiment dynamic people live state new south wale nsw australia pandemic period different exist work mostly focus country level static sentiment analysis analyse sentiment dynamic fine grain local government area lgas base analysis around million tweet post around thousand user locate different lgas nsw five month find people nsw show overall positive sentimental polarity covid pandemic decrease overall positive sentimental polarity pandemic period fine grain analysis sentiment lgas find despite dominant positive sentiment day study period lgas experience significant sentiment change positive negative study also analyse sentimental dynamic deliver hot topic twitter government policy e g australia jobkeeper program lockdown social distancing well focused social event e g ruby princess cruise result show policy event affect people overall sentiment affect people overall sentiment differently different stage', 'objective study examine coronavirus disease covid related discussion concern sentiment emerge tweet post twitter user analyze million twitter message relate covid pandemic use list hashtags coronavirus covid quarantine march april use machine learn approach latent dirichlet allocation lda identify popular unigram bigram salient topic theme sentiment collect tweet popular unigrams include virus lockdown quarantine popular bigram include covid stay home corona virus social distance new case identify discussion topic categorize five different theme public health measure slow spread covid social stigma associate covid coronavirus news case deaths covid united state coronavirus case rest world across identify topic dominant sentiment spread coronavirus anticipation measure take follow mixed feeling trust anger fear different topic public reveals significant feel fear discus coronavirus new case deaths topic study show twitter data machine learning approach leverage infodemiology study study evolve public discussion sentiment covid real time monitor assessment twitter discussion concern promise public health emergency response plan already emerge pandemic fear stigma mental health concern may continue influence public trust occur second wave covid new surge imminent pandemic', 'covid pandemic cause global health crisis affect many aspect human live absence vaccine antiviral several behavioural change policy initiatives physical distancing implement control spread coronavirus social medium data reveal public perception toward government health agency across globe handle pandemic well impact disease people regardless geographic location line various factor hinder facilitate effort control spread pandemic globally paper aim investigate impact covid pandemic people globally use social medium data apply natural language processing nlp thematic analysis understand public opinion experience issue respect covid pandemic use social medium data first collect million covid related comment twitter facebook youtube three online discussion forum second perform data preprocessing involves apply nlp technique clean prepare data automate theme extraction third apply context aware nlp approach extract meaningful keyphrases theme million randomly select comment well compute sentiment score theme assign sentiment polarity base score use lexicon base technique fourth categorize relate theme broad theme total negative theme emerge health relate issue psychosocial issue social issue relate covid pandemic public perspective addition positive theme emerge result finally recommend intervention help address negative issue base positive theme remedial idea root research']",26760
4,286,4_relation extraction_relation_distant supervision_extraction,"['relation extraction', 'relation', 'distant supervision', 'extraction', 'entity pair', 'distant', 'relation classification', 'relation entity', 'supervise relation', 'level relation']","['wrong label problem long tail relation two main challenge cause distant supervision relation extraction recent work alleviate wrong label selective attention via multi instance learn cannot well handle long tail relation even hierarchy relation introduce share knowledge work propose novel neural network collaborate relation augment attention cora handle wrong labeling long tail relation particularly first propose relation augment attention network base model operate sentence bag sentence relation attention minimize effect wrong labeling facilitate proposed base model introduce collaborate relation feature share among relation hierarchy promote relation augment process balance training data long tail relation besides main training objective predict relation sentence bag auxiliary objective utilized guide relation augment process accurate bag level representation experiment popular benchmark dataset nyt propose cora improve prior state art performance large margin term precision n auc hit k analysis verify superior capability handle long tail relation contrast competitor', 'relation extraction vital step complete knowledge graph kg extract entity relation texts however usually suffers long tail issue train data mainly concentrate type relation lead lackof sufficient annotation remain types relation paper propose general approach learn relation prototypesfrom unlabeled text facilitate long tail relation extraction transfer knowledge relation type sufficient trainingdata learn relation prototype implicit factor entity reflect meaning relation well theirproximities transfer learn specifically construct co occurrence graph text capture first order andsecond order entity proximity embed learn base optimize distance entity pair tocorresponding prototype easily adapt almost arbitrary framework thus learn infrequent evenunseen relation type benefit semantically proximate relation pair entity large scale textual information conduct extensive experiment two publicly available datasets new york time google distant supervision compare eight state art baseline propose model achieve significant improvement f average furtherresults long tail relation demonstrate effectiveness learn relation prototype conduct ablation study toinvestigate impact vary component apply four basic relation extraction model verify generalization ability finally analyze several example case give intuitive impression qualitative analysis code release later', 'distantly supervise relation extraction intrinsically suffer noisy label due strong assumption distant supervision prior work adopt selective attention mechanism sentence bag denoise wrongly label data however could incompetent one sentence bag paper propose brand new light weight neural framework address distantly supervise relation extraction problem alleviate defect previous selective attention framework specifically propose framework use entity aware word embed method integrate relative position information head tail entity embeddings aim highlight essence entity task develop self attention mechanism capture rich contextual dependency complement local dependency capture piecewise cnn instead use selective attention design pool equip gate base rich contextual representation aggregator generate bag level representation final relation classification compare selective attention one major advantage propose gate mechanism performs stably promisingly even one sentence appear bag thus keep consistency across training example experiment nyt dataset demonstrate approach achieve new state art performance term auc top n precision metric']",26760
5,246,5_vector_vec_skip gram_embed,"['vector', 'vec', 'skip gram', 'embed', 'cbow', 'analogy', 'vector space', 'skip', 'glove', 'intrinsic']","['word vector representation associate high dimensional real vector every word corpus recently neural network base method propose learn representation large corpus type word vector embed able keep learn vector space syntactic semantic relationship present original word corpus turn serve address different type language classification task algebraic operation define vector general practice assume semantic relationship word infer application priori specify algebraic operation general goal paper show possible learn method word composition semantic space instead express compositional method algebraic operation encode program linear nonlinear involve intricate expression remarkably program evolve set initial random program mean genetic program gp show method able reproduce behavior human design algebraic operator use word analogy task benchmark also show gp generate program able obtain accuracy value produce commonly use human design rule algebraic manipulation word vector finally show robustness approach execute evolved program word vec googlenews vector learn billion run word assess accuracy word analogy task', 'word embed algorithms produce reliable feature representation word use neural network model across constantly grow multitude nlp task imperative nlp practitioner understand word representation produce impactful present work present simple embedder framework generalize state art exist word embed algorithms include word vec sgns glove umbrella generalize low rank model derive algorithms attempt produce embed inner product approximate pointwise mutual information pmi statistic corpus cast simple embedders comparison model reveals successful embedders resemble straightforward maximum likelihood estimate mle pmi parametrized inner product embeddings mle induces propose novel word embed model hilbert mle canonical representative simple embedder framework empirically compare algorithms evaluation different datasets hilbert mle consistently observe second best performance every extrinsic evaluation news classification sentiment analysis po tag supersense tag first best model depend vary task moreover hilbert mle consistently observe least variance result respect random initialization weight bidirectional lstms empirical result demonstrate hilbert mle consistent word embed algorithm reliably integrate exist nlp system obtain high quality result', 'ubiquitous method natural language processing word embeddings extensively employ map semantic property word dense vector representation capture semantic syntactic relation among word vector correspond word meaningful relative neither vector dimension absolute interpretable meaning introduce additive modification objective function embed learn algorithm encourages embed vector word semantically relate predefined concept take large value along specify dimension leave original semantic learning mechanism mostly unaffected word align word already determine relate along predefined concept therefore impart interpretability word embed assign mean vector dimension predefined concept derive external lexical resource paper choose roget thesaurus observe alignment along choose concept limited word thesaurus extends related word well quantify extent interpretability assignment mean experimental result manual human evaluation result also present verify propose method increase interpretability also demonstrate preservation semantic coherence result vector space use word analogy word similarity test test show interpretability impart word embeddings obtain propose framework sacrifice performance common benchmark test']",26760
6,238,6_mrc_read comprehension_comprehension_machine read,"['mrc', 'read comprehension', 'comprehension', 'machine read', 'read', 'comprehension mrc', 'passage', 'rc', 'passage question', 'reading comprehension']","['machine read comprehension mrc ai challenge require machine determine correct answer question base give passage mrc system must answer question necessary also distinguish answer available accord give passage tactfully abstain answer unanswerable question involve mrc task essential verification module call verifier especially required addition encoder though late practice mrc model still benefit adopt well pre trained language model encoder block focus read paper devotes explore well verifier design mrc task unanswerable question inspire human solve read comprehension question propose retrospective reader retro reader integrate two stage read verification strategy sketchy read briefly investigates overall interaction passage question yield initial judgment intensive reading verifies answer give final prediction propose reader evaluate two benchmark mrc challenge datasets squad newsqa achieve new state art result significance test show model significantly well strong electra albert baseline series analysis also conduct interpret effectiveness propose reader', 'read strategy show improve comprehension level especially reader lack adequate prior knowledge process knowledge accumulation time consume human reader resource demand impart rich general domain knowledge deep language model via pre training inspired reading strategy identify cognitive science give limited computational resource pre trained model fix number training instance propose three general strategy aim improve non extractive machine read comprehension mrc back forth read considers original reverse order input sequence ii highlight add trainable embed text embed token relevant question candidate answer iii self assessment generates practice question candidate answer directly text unsupervised manner fine tune pre trained language model radford et al propose strategy large general domain multiple choice mrc dataset race obtain absolute increase accuracy previous best result achieve pre train model fine tune race without use strategy fine tune result model target mrc task lead absolute improvement average accuracy previous state art approach six representative non extractive mrc datasets different domain e arc openbookqa mctest semeval task rocstories multirc result demonstrate effectiveness propose strategy versatility general applicability fine tune model incorporate strategy core code available http github com nlpdata strategy', 'large scale high quality corpora necessary evaluating machine read comprehension model low resource language like vietnamese besides machine read comprehension mrc health domain offer great potential practical application however still little mrc research domain paper present vinewsqa new corpus vietnamese language evaluate healthcare read comprehension model corpus comprises human generate question answer pair crowd worker create question answer base collection online vietnamese healthcare news article answer comprise span extract correspond article particular develop process create corpus vietnamese machine read comprehension comprehensive evaluation demonstrate corpus require ability beyond simple reason word match demand difficult reason base single multiple sentence information conduct experiment use different type machine reading comprehension method achieve first baseline performance compare model performance also measure human performance corpus compare several powerful neural network base transfer learn base model experiment show best machine model albert achieves exact match score f score corpus significant difference human best performance model em f score test set corpus indicate improvement vinewsqa could explore future study corpus publicly available website research purpose encourage research community make improvement']",26760
7,207,7_aspect_absa_aspect base_base sentiment,"['aspect', 'absa', 'aspect base', 'base sentiment', 'aspect term', 'aspect category', 'polarity', 'sentiment polarity', 'sentiment absa', 'sentiment']","['aspect base sentiment analysis absa involve three fundamental subtasks aspect term extraction opinion term extraction aspect level sentiment classification early work focus solve one subtasks individually recent work focus solve combination two subtasks e g extract aspect term along sentiment polarity extract aspect opinion term pair wisely recently triple extraction task propose e extract aspect term opinion term sentiment polarity triple sentence however previous approach fail solve subtasks unify end end framework paper propose complete solution absa construct two machine read comprehension mrc problem solve subtasks joint train two bert mrc model parameter share conduct experiment subtasks result several benchmark datasets demonstrate effectiveness propose framework significantly outperform exist state art method', 'target base sentiment analysis aspect base sentiment analysis absa refers address various sentiment analysis task fine grain level include limited aspect extraction aspect sentiment classification opinion extraction exist many solver individual subtasks combination two subtasks work together tell complete story e discuss aspect sentiment cause sentiment however previous absa research try provide complete solution one shot paper introduce new subtask absa name aspect sentiment triplet extraction aste particularly solver task need extract triplet input show target aspect sentiment polarity polarity e opinion reason instance one triplet waiter friendly pasta simply average could waiters positive friendly propose two stage framework address task first stage predicts unified model second stage pair predict first stage output triplet experiment framework set benchmark performance novel triplet extraction task meanwhile outperform strong baseline adapt state art relate method', 'state art aspect base sentiment analysis absa approach mainly base either detect aspect term correspond sentiment polarity co extract aspect opinion term however extraction aspect sentiment pair lack opinion term reference co extraction aspect opinion term would lead meaningful pair without determine sentiment dependency address issue present novel view absa opinion triplet extraction task propose multi task learn framework jointly extract aspect term opinion term simultaneously parses sentiment dependency biaffine scorer inference phase extraction triplet facilitate triplet decode method base output evaluate propose framework four semeval benchmark asba result demonstrate approach significantly outperform range strong baseline state art approach']",26760
8,207,8_topic_lda_dirichlet_dirichlet allocation,"['topic', 'lda', 'dirichlet', 'dirichlet allocation', 'latent dirichlet', 'allocation', 'allocation lda', 'neural topic', 'latent topic', 'topic topic']","['understand shopping motivation behind market basket high commercial value grocery retail industry analyze shop transaction demand technique cope volume dimensionality grocery transactional data keep interpretable outcome latent dirichlet allocation lda provide suitable framework process grocery transaction discover broad representation customer shop motivation however summarize posterior distribution lda model challenge individual lda draw may coherent cannot capture topic uncertainty moreover evaluation lda model dominate model fit measure may adequately capture qualitative aspect interpretability stability topic paper introduce cluster methodology post process posterior lda draw summarise entire posterior distribution identify semantic mode represent recurrent topic approach alternative standard label switch technique provide single posterior summary set topic well associate measure uncertainty furthermore establish holistic definition model evaluation assess topic model base likelihood also coherence distinctiveness stability mean survey set threshold interpretation topic coherence topic similarity domain grocery retail data demonstrate selection recurrent topic cluster methodology improve model likelihood also outperform qualitative aspect lda interpretability stability illustrate method example large uk supermarket chain', 'organize large text corpus topic model provide useful tool widely use method latent dirichlet allocation lda generative probabilistic model model single texts collection text mixtures latent topic assignment word topic rely initial value generally outcome lda fully reproducible addition reassignment via gibbs sample base conditional distribution lead different result replicate runs text data fact often neglect everyday practice aim improve reliability lda result therefore study stability lda compare assignment replicate run propose quantify similarity two generate topic modify jaccard coefficient use similarity topic cluster new prune algorithm hierarchical cluster result base idea two lda run create pair similar topic propose approach lead new measure clop bf imilarity multiple set bf c lustering bf lo cal bf p run quantify stability lda model discuss characteristic measure illustrate application real data consist newspaper article textit usa today result show measure clop useful assess stability lda model topic model procedure characterize topic word distribution base newly propose measure lda stability propose method increase reliability hence improve reproducibility empirical finding base topic model increase reliability obtain run lda several time take prototype representative run lda run high average similarity run', 'last decade variety topic model propose text engineering however except probabilistic latent semantic analysis plsa latent dirichlet allocation lda exist topic model seldom apply consider industrial scenario phenomenon cause fact convenient tool support topic model far intimidate demand expertise labor design implement parameter inference algorithm software engineer prone simply resort plsa lda without consider whether proper problem hand paper propose configurable topic model framework name familia order bridge huge gap academic research fruit current industrial practice familia support important line topic model widely applicable text engineering scenario order relieve burden software engineer without knowledge bayesian network familia able conduct automatic parameter inference variety topic model simply change data organization familia software engineer able easily explore broad spectrum exist topic model even design topic model find one best suit problem hand superior extendability familia novel sample mechanism strike balance effectiveness efficiency parameter inference furthermore familia essentially big topic model framework support parallel parameter inference distribute parameter storage utility necessity familia demonstrate real life industrial application familia would significantly enlarge software engineer arsenal topic model pave way utilizing highly customized topic model real life problem']",26760
9,198,9_wav vec_wav_speech representation_acoustic,"['wav vec', 'wav', 'speech representation', 'acoustic', 'zero resource', 'self supervise', 'vec', 'awe', 'ssl', 'qbe']","['zero resource speech technology grow research area aim develop method speech process absence transcription lexicon language model text early term discovery system focus identify isolated recur pattern corpus recent full coverage system attempt completely segment cluster audio word like unit effectively perform unsupervised speech recognition article present first attempt aware apply system large vocabulary multi speaker data system use bayesian model framework segmental word representation word segment represent fixed dimensional acoustic embedding obtain map sequence feature frame single embed vector compare system english xitsonga datasets state art baseline use variety measure include word error rate obtain mapping unsupervised output ground truth transcription high word error rate report order speaker dependent speaker independent system highlight difficulty task nevertheless term cluster quality word segmentation metric show imposing consistent top segmentation also use bottom knowledge detect syllable boundary single speaker multi speaker version system outperform purely bottom single speaker syllable base approach also show discovered cluster make less speaker gender specific use unsupervised autoencoder like feature extractor learn good frame level feature prior embed system discover cluster still less pure unsupervised term discovery system provide far great coverage', 'many speech processing task involve measure acoustic similarity speech segment acoustic word embeddings awe allow efficient comparison map speech segment arbitrary duration fix dimensional vector zero resource speech processing unlabelled speech available resource best awe approach rely weak top constraint form automatically discover word like segment rather learn embeddings segment level another line zero resource research look representation learn short time frame level recent approach include self supervised predictive cod correspondence autoencoder cae model paper consider whether frame level feature beneficial use input train unsupervised awe model compare frame level feature contrastive predictive coding cpc autoregressive predictive coding cae conventional mfccs use input recurrent cae base awe model word discrimination task english xitsonga data three representation learn approach outperform mfccs cpc consistently show big improvement cross lingual experiment find cpc feature train english also transfer xitsonga', 'work aim discover high quality speech feature linguistic unit directly unlabeled speech data zero resource scenario result evaluate use metric corpus propose zero resource speech challenge organize interspeech multi layer acoustic tokenizer mat propose automatic discovery multiple set acoustic token give corpus acoustic token set specify set hyperparameters describe model configuration set acoustic token carry different characteristic fof give corpus language behind thus mutually reinforced multiple set token label use target multi target deep neural network mdnn train low level acoustic feature bottleneck feature extract mdnn use feedback input mat mdnn next iteration call iterative deep learning framework multi layer acoustic tokenizing deep neural network mat dnn generate high quality speech feature track challenge acoustic token track challenge addition perform extra experiment corpora application query example spoken term detection experimental result show iterative deep learning framework mat dnn improved detection performance due well underlying speech feature acoustic token']",26760
10,197,10_label classification_multi label_document classification_classification,"['label classification', 'multi label', 'document classification', 'classification', 'mltc', 'label', 'label hierarchy', 'htc', 'categorization', 'lmtc']","['extreme multi label classification xml involve tag data point relevant subset label extremely large label set several application product product recommendation million product although lead xml algorithms scale million labels largely ignore label meta data textual description label hand classical technique utilize label metadata via representation learn use deep network struggle extreme setting paper develop decaf algorithm address challenge learn model enrich label metadata jointly learn model parameter feature representation use deep network offer accurate classification scale million label decaf make specific contribution model architecture design initialization training enable offer accurate prediction lead extreme classifier publicly available benchmark product product recommendation datasets lf amazontitles time decaf find x faster inference lead deep extreme classifier make suitable real time application require prediction within millisecond code decaf available follow url https github com extreme classification decaf', 'multi label text classification textual document assign one label due nature multi label text classification task often consider challenging compare binary multi class text classification problem important task broad application biomedicine assign diagnosis code number different computational method e g training combine binary classifier label propose recent year however many suffer modest accuracy efficiency limit success practical use propose ml net novel deep learning framework multi label classification biomedical text end end system ml net combine label prediction network automate label count prediction mechanism output optimal set label leverage predict confidence score label contextual information target document evaluate ml net three independent publicly available corpus two kind text genre biomedical literature clinical note evaluation example base measure precision recall f measure use ml net compare several competitive machine learn baseline model benchmarking result show ml net compare favorably state art method multi label classification biomedical text ml net also show robust evaluate different text genre biomedicine unlike traditional machine learn method ml net require human effort feature engineering highly efficient scalable approach task large set label need build individual classifier separate label finally ml net able dynamically estimate label count base document context systematic accurate manner', 'several text classification task sentiment analysis news categorization multi label classification opinion classification challenge problem even modern deep learning network recently capsule network capsnets propose image classification show capsnets several advantage convolutional neural network cnns validity domain text less explored paper propose novel hybrid architecture viz bgcapsule capsule model precede ensemble bidirectional gate recurrent unit bigru several text classification task employ ensemble bidirectional grus feature extraction layer precede primary capsule layer hybrid architecture perform basic pre process step consist five layer embed layer base glove bigru base ensemble layer primary capsule layer flatten layer fully connect relu layer follow fully connect softmax layer order evaluate effectiveness bgcapsule conduct extensive experiment five benchmark datasets range record record include movie review mr imdb ag news dataset dbpedia ontology dataset yelp review full dataset yelp review polarity dataset benchmarks cover several text classification task news categorization sentiment analysis multiclass classification multi label classification opinion classification find propose architecture bgcapsule achieve well accuracy compare exist method without help external linguistic knowledge positive sentiment keywords negative sentiment keywords bgcapsule converge faster compare extant technique']",26760
11,191,11_tt_tacotron_vc_prosody,"['tt', 'tacotron', 'vc', 'prosody', 'synthesis', 'speech synthesis', 'voice', 'multi speaker', 'voice conversion', 'speaker']","['non autoregressive text speech tt model fastspeech synthesize speech significantly faster previous autoregressive model comparable quality training fastspeech model relies autoregressive teacher model duration prediction provide information input knowledge distillation simplify data distribution output ease one many map problem e multiple speech variation correspond text tt however fastspeech several disadvantage teacher student distillation pipeline complicate time consume duration extract teacher model accurate enough target mel spectrogram distil teacher model suffer information loss due data simplification limit voice quality paper propose fastspeech address issue fastspeech good solves one many map problem tt directly train model ground truth target instead simplify output teacher introduce variation information speech e g pitch energy accurate duration conditional input specifically extract duration pitch energy speech waveform directly take conditional input train use predict value inference design fastspeech first attempt directly generate speech waveform text parallel enjoy benefit fully end end inference experimental result show fastspeech achieves x train speed fastspeech fastspeech enjoy even faster inference speed fastspeech outperform fastspeech voice quality fastspeech even surpass autoregressive model audio sample available https speechresearch github io fastspeech', 'describe neural network base system text speech tt synthesis able generate speech audio voice many different speaker include unseen training system consist three independently trained component speaker encoder network trained speaker verification task use independent dataset noisy speech thousand speaker without transcript generate fix dimensional embed vector second reference speech target speaker sequence sequence synthesis network base tacotron generates mel spectrogram text condition speaker embed auto regressive wavenet base vocoder convert mel spectrogram sequence time domain waveform sample demonstrate propose model able transfer knowledge speaker variability learn discriminatively trained speaker encoder new task able synthesize natural speech speaker see train quantify importance training speaker encoder large diverse speaker set order obtain best generalization performance finally show randomly sample speaker embeddings use synthesize speech voice novel speaker dissimilar use training indicate model learn high quality speaker representation', 'neural network base end end text speech tt significantly improve quality synthesize speech prominent method e g tacotron usually first generate mel spectrogram text synthesize speech mel spectrogram use vocoder wavenet compare traditional concatenative statistical parametric approach neural network base end end model suffer slow inference speed synthesize speech usually robust e word skip repeat lack controllability voice speed prosody control work propose novel feed forward network base transformer generate mel spectrogram parallel tt specifically extract attention alignment encoder decoder base teacher model phoneme duration prediction use length regulator expand source phoneme sequence match length target mel spectrogram sequence parallel mel spectrogram generation experiment ljspeech dataset show parallel model match autoregressive model term speech quality nearly eliminate problem word skip repeat particularly hard case adjust voice speed smoothly importantly compare autoregressive transformer tt model speed mel spectrogram generation x end end speech synthesis x therefore call model fastspeech']",26760
12,179,12_depression_mental_mental health_health,"['depression', 'mental', 'mental health', 'health', 'suicide', 'disorder', 'suicidal', 'stress', 'anxiety', 'suicidal ideation']","['body literature demonstrate user mental health condition depression anxiety predict social medium language still gap scientific understand psychological stress express social medium stress one primary underlying cause correlate chronic physical illness mental health condition paper explore language psychological stress dataset social medium user answer perceived stress scale questionnaire also consent share facebook twitter data firstly find stressed user post exhaustion lose control increase self focus physical pain compare post breakfast family time travel user stress secondly find facebook language predictive stress twitter language thirdly demonstrate language base model thus develop adapt scaled measure county level trend since county level language easily available twitter use stream api explore multiple domain adaptation algorithm adapt user level facebook model twitter language find domain adapt scale social medium base measurement stress outperform sociodemographic variable age gender race education income ground truth survey base stress measurement user county level u twitter language score high stress also predictive poor health less access facility low socioeconomic status county conclude discussion implication use social medium new tool monitoring stress level individual county', 'write message key express feeling study adopts cognitive network science reconstruct individual report feeling clinical narrative like suicide note mental health post achieve reconstruct syntactic semantic association conceptsin text co occurrence enrich affective data transform suicide note reddit post r anxiety r depression r schizophrenia r r diy forum cognitive network one express meaning emotion report author network reconstruct semantic frame surround feel enable quantification prominent association emotion focus around feeling find strong feeling sadness across clinical reddit board add fear r depression replace joy anticipation r diy semantic community topic model highlight key narrative topic regret unhealthy lifestyle low mental well importantly negative association emotion co exist trustful positive language focus get well emotional polarisation provide quantitative evidence online clinical board possess complex structure user mix positive negative outlook dichotomy absent r diy reference board suicide note negative emotional association regret pain persist overwhelm positive jargon address love one quantitative comparison provide strong evidence suicide note encapsulate different way express feeling compare online reddit board latter act like personal diary relief valve finding provide interpretable quantitative aid support psychological inquiry human feeling digital clinical setting', 'since advent online social medium platform twitter facebook useful health relate study conduct use information post online participant personal health relate issue mental health self harm depression study user often share story platform online user resort share empathy support online community crucial help affected individual preliminary analysis show content related non suicidal self injury nssi proliferate twitter thus use twitter collect relevant data analyse proffer way support user prone nssi behaviour approach utilise custom crawler retrieve relevant tweet self report user relevant organisation interested combat self harm textual analysis identify six major category self harm user consist inflicted anti self harm support seeker recover pro self harm risk inflict category dominates collection engagement perspective show online user respond information post self harm support organisation twitter note engage organisation apply useful technique uncover organisation strategy online participant show strong inclination towards online post associate mental health relate attribute study base premise social medium use tool support proactive measure ease negative impact self harm consequently proffer way prevent potential user engage self harm support affect user set recommendation support research dataset make available interested researcher']",26760
13,178,13_cross lingual_lingual_mbert_lingual transfer,"['cross lingual', 'lingual', 'mbert', 'lingual transfer', 'multilingual bert', 'multilingual', 'xlm', 'shot cross', 'cross', 'xnli']","['large scale cross lingual language model lm mbert unicoder xlm achieve great success cross lingual representation learn however apply zero shot cross lingual transfer task exist method use single language input lm finetuning without leverage intrinsic cross lingual alignment different languages prove essential multilingual task paper propose filter enhance fusion method take cross lingual data input xlm finetuning specifically filter first encodes text input source language translation target language independently shallow layer performs cross language fusion extract multilingual knowledge intermediate layer finally performs language specific encode inference model make prediction base text input target language translation source language simple task classification translate text target language share label source language however share label become less accurate even unavailable complex task question answer ner po tag tackle issue propose additional kl divergence self teaching loss model training base auto generate soft pseudo label translate text target language extensive experiment demonstrate filter achieves new state art two challenge multilingual multi task benchmark xtreme xglue', 'massively multilingual transformer pretrained language model objective e g mbert xlm r become de facto default transfer paradigm zero shot cross lingual transfer nlp offering unmatched transfer performance current downstream evaluation however verify efficacy predominantly transfer setting involve language sufficient amount pretraining data lexically typologically close language work analyze limitation show cross lingual transfer via massively multilingual transformer much like transfer via cross lingual word embeddings substantially less effective resource lean scenario distant language experiment encompass three low level task pos tag dependency parse ner well two high level semantic task nli qa empirically correlate transfer performance linguistic similarity source target languages also size pretraining corpus target language also demonstrate surprising effectiveness inexpensive shot transfer e fine tune target language instance fine tune source across board suggest additional research effort invest reach beyond limit zero shot condition', 'multilingual transformer xlm mt show remarkable transfer skill zero shot setting transfer study however rely automatically translated resource xnli xquad make hard discern particular linguistic knowledge transfer role expert annotate monolingual datasets develop task specific model investigate cross lingual transfer ability xlm r chinese english natural language inference nli focus recent large scale chinese dataset ocnli well understand linguistic transfer create category challenge adversarial task total new datasets chinese build several well know resource english e g hans nli stress test find cross lingual model train english nli transfer well across chinese task e g challenge category perform well well best monolingual model even uniquely chinese linguistic phenomenon idiom pro drop result however come important caveat cross lingual model often perform best trained mixture english high quality monolingual nli data ocnli often hinder automatically translated resource xnli zh many phenomenon model continue struggle highlight need new diagnostics help benchmark chinese cross lingual model new datasets code release http github com huhailinguist chinesenliprobing']",26760
14,177,14_qa_answer selection_answer_question answer,"['qa', 'answer selection', 'answer', 'question answer', 'answer qa', 'question', 'cqa', 'community question', 'qc', 'wikiqa']","['understand subjectivity demand reason skill beyond realm common knowledge require machine learn model process sentiment perform opinion mining work exploit recently release dataset span selection question answer namely subjqa subjqa first qa dataset contains question ask subjective opinion correspond review paragraph six different domain hence answer subjective question learner must extract opinion process sentiment various domain additionally align knowledge extract paragraph natural language utterance correspond question together enhance difficulty qa task primary goal thesis investigate inner working e latent representation transformer base architecture contribute well understanding yet well understood black box model transformer hidden representation concern true answer span cluster closely vector space representation correspond erroneous prediction observation hold across top three transformer layer objective subjective question generally increase function layer dimension moreover probability achieve high cosine similarity among hidden representation latent space concern true answer span tokens significantly high correct compare incorrect answer span prediction result decisive implication stream application crucial know neural network make mistake point space time mistake happen e g automatically predict correctness answer span prediction without necessity label data', 'open domain question answer model directly leverage question answer qa pair close book qa cbqa model qa pair retriever show promise term speed memory compare conventional model retrieve read text corpus qa pair retriever also offer interpretable answer high degree control trivial update test time new knowledge however model lack accuracy retrieve read system substantially less knowledge cover available qa pair relative text corpus like wikipedia facilitate improve qa pair model introduce probably ask question paq large resource automatically generate qa pair introduce new qa pair retriever repaq complement paq find paq preempt cache test question enable repaq match accuracy recent retrieve read model whilst significantly faster use paq train cbqa model outperform comparable baseline trail repaq indicate effectiveness explicit retrieval repaq configure size mb speed k question per second whilst retain high accuracy lastly demonstrate repaq strength selective qa abstain answer likely incorrect enables repaq back expensive state art model lead combined system accurate x faster state art model alone', 'answer question ask instructional corpus e manual recipe book etc far less studied open domain factoid context base question answer primarily attribute absence standard benchmark datasets paper meticulously create large amount data connect e manual develop suitable algorithm exploit collect e manual corpus huge corpus e manual pretrain roberta large corpus create various benchmark qa datasets include question answer pair curated expert base upon two e manual real user question community question answer forum pertain e manual etc introduce emqap e manual question answer pipeline answer question pertain electronics device build upon pretrained roberta harbor supervise multi task learn framework efficiently perform dual task identify section e manual answer find exact answer span within section e manual annotate question answer pair show improvement rouge l f score competitive baseline perform detail ablation study establish versatility emqap across different circumstance code datasets share https github com abhi nandy emnlp finding correspond project website http site google com view emanualqa home']",26760
15,172,15_bias_gender_gender bias_debiasing,"['bias', 'gender', 'gender bias', 'debiasing', 'social bias', 'stereotype', 'fairness', 'race', 'societal bias', 'debias']","['social bias machine learn drawn significant attention work range demonstration bias multitude application curating definition fairness different context develop algorithms mitigate bias natural language processing gender bias show exist context free word embeddings recently contextual word representation outperform word embeddings several downstream nlp task word representation condition context within sentence also use encode entire sentence paper analyze extent state art model contextual word representation bert gpt encode bias respect gender race intersectional identity towards propose assess bias contextual word level novel approach capture contextual effect bias miss context free word embeddings yet avoids confounding effect underestimate bias sentence encode level demonstrate evidence bias corpus level find vary evidence bias embed association test show particular racial bias strongly encode contextual word model observe bias effect intersectional minority exacerbate beyond constituent minority identity evaluate bias effect contextual word level capture bias captured sentence level confirm need novel approach', 'text representation model prone exhibit range societal bias reflect non control biased nature underlie pretraining data consequently lead severe ethical issue even bias amplification recent work predominantly focus measure mitigate bias pretrained language model surprisingly landscape bias measurement mitigation resource methods conversational language model still scarce limited type bias artificially constructed resource completely ignores impact debiasing method may final performance dialog task e g conversational response generation work present redditbias first conversational data set ground actual human conversation reddit allow bias measurement mitigation across four important bias dimension gender race religion queerness develop evaluation framework simultaneously measure bias develop redditbias resource evaluate model capability dialog task model debiasing use evaluation framework benchmark widely use conversational dialogpt model along adaptation four debiasing method result indicate dialogpt bias respect religious group debiasing technique remove bias preserve downstream task performance', 'recently grow concern machine bias train statistical model grow reflect controversial societal asymmetry gender racial bias significant number ai tool recently suggest harmfully bias towards minority report racist criminal behavior predictor iphone x fail differentiate two asian people google photo mistakenly classify black people gorillas although systematic study bias difficult believe automate translation tool exploit gender neutral language yield window phenomenon gender bias ai paper start comprehensive list job position u bureau labor statistic bls use build sentence construction like engineer different gender neutral language hungarian chinese yoruba several others translate sentence english use google translate api collect statistic frequency female male gender neutral pronoun translate output show gt exhibit strong tendency towards male default particular field link unbalanced gender distribution stem job run statistic bls data frequency female participation job position show gt fail reproduce real world distribution female worker provide experimental evidence even one expect principle pronominal gender distribution gt yield male default much frequently would expect demographic data alone hopeful work ignite debate need augment current statistical translation tool debiasing technique already find scientific literature']",26760
16,170,16_sentiment_polarity_opinion_lexicon,"['sentiment', 'polarity', 'opinion', 'lexicon', 'sentiment lexicon', 'sentiment classification', 'opinion mining', 'lexicon base', 'twitter', 'positive negative']","['social medium popularity importance increase due people use various type social interaction across multiple channel systematic review focus evolve research area social opinion mining task identification multiple opinion dimension subjectivity sentiment polarity emotion affect sarcasm irony user generate content represent across multiple social medium platform various medium format like text image video audio social opinion mine natural language understood term different opinion dimension express human contributes towards evolution artificial intelligence turn help advancement several real world use case customer service decision make thorough systematic review carry social opinion mining research total publish study span period twelve year depth analysis focus social medium platform techniques social datasets language modality tool technology aspect derive social opinion mining utilise many application area range marketing advertising sale product service management multiple domains industry politics technology finance healthcare sport government late development social opinion mining beyond also present together future research direction aim leave wider academic societal impact several real world application', 'past year huge growth twitter sentiment analysis already provide fair amount research sentiment detection public opinion among twitter user give fact twitter message generate constantly dizzy rate huge volume stream data create thus imperative need accurate method knowledge discovery mining information although exists plethora twitter sentiment analysis method recent literature researcher shift real time sentiment identification twitter stream data expect major challenge deal big data challenge arise twitter stream application concern volume velocity perspective paper methodological approach base open source tool provide real time detection change sentiment ultra efficient respect memory consumption computational cost achieve iteratively collect tweet real time discard immediately process purpose employ lexicon approach sentiment characterization change detection achieve appropriate control chart require historical information believe propose methodology provide trigger potential large scale monitoring thread attempt discover fake news spread propaganda effort early stage experimental real time analysis base recent hashtag provide evidence propose approach detect meaningful sentiment change across hashtags lifetime', 'thesis explore way people express opinions german twitter examines current approach automatic mining feeling propose novel method outperform state art technique purpose introduce new corpus german tweet manually annotate sentiment target holder well polar term contextual modifier use data explore four major area sentiment research generation sentiment lexicon ii fine grain opinion mining iii message level polarity classification iv discourse aware sentiment analysis first task compare three popular group lexicon generation method dictionary corpus word embed base one find dictionary base system generally yield good lexicon last two group apart propose linear projection algorithm whose result surpass many exist automatic lexicon afterwords second task examine two common approach automatic prediction sentiment source target conditional random field recurrent neural network obtain high score former model improve result even redefine structure crf graph deal message level polarity classification juxtapose three major sentiment paradigm lexicon machine learn deep learning base system try unite first last group introduce bidirectional neural network lexicon base attention finally order make new classifier aware discourse structure let separately analyze elementary discourse unit microblog infer overall polarity message score edus help two new approach latent marginalize crfs recursive dirichlet process']",26760
17,169,17_clinical_patient_note_ehr,"['clinical', 'patient', 'note', 'ehr', 'clinical note', 'electronic health', 'health record', 'electronic', 'ehrs', 'healthcare']","['objective allow patient access electronic health record ehr note online patient portal potential improve patient center care however medical jargon abound ehr note show barrier patient ehr comprehension exist knowledge base link medical jargon lay term definition play important role alleviate problem low coverage medical jargon ehrs develop data driven approach mine ehrs identify rank medical jargon base importance patient support build ehr centric lay language resource method develop innovative adapt distant supervision ad model base support vector machine rank medical jargon ehrs distant supervision utilize open access collaborative consumer health vocabulary large publicly available resource link lay term medical jargon explore knowledge base feature unify medical language system distribute word representation learn unlabeled large corpus evaluate ad model use physician identify important medical term result ad model significantly surpass two state art automatic term recognition method tf idf c value yield roc auc versus respectively model identify k important medical jargon term rank k candidate term mine ehr narrative conclusion work important step towards enrich lexical resource link medical jargon lay term definition support patient ehr comprehension identify medical jargon term ranking available upon request', 'textbf objective develop automatic diagnostic system use textual admission information electronic health record ehrs assist clinician timely statistically prove decision tool hope tool use reduce mis diagnosis textbf material method use real world clinical note mimic iii freely available dataset consist clinical data forty thousand patient stay intensive care unit beth israel deaconess medical center propose convolutional neural network model learn semantic feature unstructured textual input automatically predict primary discharge diagnosis textbf result propose model achieve overall accuracy weight f score value frequent disease class significantly outperform four strong baseline model least weighted f score textbf discussion experimental result imply cnn model suitable support diagnosis decision make presence complex noisy unstructured clinical data time use few layer parameter traditional deep network model textbf conclusion model demonstrate capability represent complex medical meaningful feature unstructured clinical note prediction power commonly misdiagnosed frequent disease use easily adopt clinical set provide timely statistically proved decision support textbf keywords convolutional neural network text classification discharge diagnosis prediction admission information ehrs', 'crucial step within secondary analysis electronic health record ehrs identify patient cohort investigation ehrs contain medical billing code aim represent condition treatment patient may much information present patient note therefore critical develop robust algorithm infer patient condition treatment write note paper introduce dataset patient phenotyping task define identification whether patient give medical condition also refer clinical indication phenotype base patient note nursing progress note discharge summary intensive care unit large tertiary care hospital manually annotate presence several high context phenotype relevant treatment risk hospitalization dataset contain discharge summary nurse progress note discharge summary progress note annotate least two expert human annotator one clinical researcher one resident physician annotate phenotype include treatment non adherence chronic pain advance metastatic cancer well phenotypes dataset utilized academic industrial research medicine computer science particularly within field medical natural language processing']",26760
18,156,18_neural generation_generation_control_control generation,"['neural generation', 'generation', 'control', 'control generation', 'hallucination', 'content selection', 'controllable', 'plan', 'rotowire', 'planning']","['data text generation dtg subfield natural language generation aim transcribe structure data natural language description field recently boost use neural base generator exhibit one side great syntactic skill without need hand craft pipeline side quality generate text reflect quality train data realistic setting offer imperfectly align structure text pair consequently state art neural model include misleading statement usually call hallucination output control phenomenon today major challenge dtg problem address paper previous work deal issue instance level use alignment score table reference pair contrast propose finer grain approach argue hallucination rather treat word level specifically propose multi branch decoder able leverage word level label learn relevant part train instance label obtain follow simple efficient score procedure base co occurrence analysis dependency parse extensive evaluation via automated metric human judgment standard wikibio benchmark show accuracy alignment label effectiveness propose multi branch decoder model able reduce control hallucination keep fluency coherence generate texts experiment degrade version totto show model could successfully use noisy setting', 'neural text decode important generate high quality texts use language model generate high quality text popular decode algorithm like top k top p nucleus temperature base sample truncate distort unreliable low probability tail language model though method generate high quality text parameter tune ad hoc much know control provide statistic output important since recent report show text quality high specific range likelihood first provide theoretical analysis perplexity top k top p temperature sample find cross entropy behave approximately linearly function p top p sample whereas nonlinear function k top k sample zipfian statistic use analysis design feedback base adaptive top k text decode algorithm call mirostat generates text length predetermine value perplexity thereby high quality text without tune experiment show low value k p top k top p sample perplexity drop significantly generate text length also correlate excessive repetition text boredom trap hand large value k p find perplexity increase generate text length correlate incoherence text confusion trap mirostat avoids trap experiment show cross entropy near linear relation repetition generate text relation almost independent sample method slightly dependent model use hence give language model control perplexity also give control repetition experiment human raters fluency coherence quality verify finding', 'large scale language model lms able imitate distribution natural language well enough generate realistic text difficult control region distribution generate especially problematic datasets use train large lm usually contain significant toxicity hate bias negativity propose gedi efficient method use small lm generative discriminator guide generation large lm make safer controllable gedi guide generation step compute classification probability possible next token via bayes rule normalize two class conditional distribution one condition desired attribute control code another condition undesired attribute anti control code find gedi give strong controllability state art method also achieve generation speed time faster additionally train gedi four topic allow u controllably generate new topic zero shot keyword unlock new capability previous controllable generation method lastly show gedi make gpt b parameter significantly less toxic without sacrifice linguistic quality make far practical exist method detoxify large language model maintain fast generation speed']",26760
19,155,19_law_zipf_zipf law_phylogenetic,"['law', 'zipf', 'zipf law', 'phylogenetic', 'power law', 'frequency', 'rank frequency', 'population', 'indo', 'frequency distribution']","['grammar point view role punctuation mark sentence formally define well understood semantic analysis punctuation play also crucial role method avoid ambiguity mean different situation observe statistical analysis language sample decision whether punctuation mark consider neglected see rather arbitrary present belongs researcher preference objective work shed light onto problem provide u answer question whether punctuation mark may treat ordinary word whether included analysis word co occurences already know previous study dro zd z et al inf sci full stop determine length sentence main carrier long range correlation extend study analyze statistical property common punctuation mark indo european language investigate frequency locate accordingly zipf rank frequency plots well study role word adjacency network show statistical viewpoint punctuation mark reveal property qualitatively similar property frequent word like article conjunction pronouns preposition refers zipfian analysis network analysis add punctuation mark zipf plot also show plot normally describe zipf mandelbrot distribution largely restore power law zipfian behaviour frequent item', 'distribution cultural variant population shape neutral evolutionary dynamic selection pressure include several individual cognitive bias demographic factor social network structure temporal dynamic social network connectivity e order individual population interact largely unexplored paper investigate fully connect social network connectivity dynamic alone interaction different cognitive bias affect evolution cultural variant use agent base computer simulation manipulate population connectivity dynamic early middle late full population connectivity content bias preference high quality variant coordination bias whether agent tend use self produce variant egocentric bias switch variant observe others allocentric bias memory size number item agent store memory show connectivity dynamic affect time course variant spread lower connectivity slow convergence population onto single cultural variant also show compare neutral evolutionary model content bias accelerate convergence amplifies effect connectivity dynamic whilst large memory size coordination bias especially egocentric bias slow convergence furthermore connectivity dynamic affect frequency high quality variant adaptiveness late connectivity population show burst rapid change adaptiveness follow period relatively slower change early connectivity population follow single peak evolutionary dynamic way provide first time direct connection order agent interaction punctuational evolution', 'propose algorithm approximative dictionary lookup alter string match reference form algorithm make use divergence function string broadly belong family edit distance find dictionary entry whose distance search string certain threshold divergence function classical edit distance dl distance adaptable particular corpus base elementary alteration cost define character block rather individual character nous proposons un algorithme de recherche approximative de cha ines dans un dictionnaire partir de formes alt er ee cet algorithme est fond e sur une fonction de divergence entre cha ines une sorte de distance edition il recherche de entr ee pour lesquelles la distance la cha ine cherch ee est inf erieure un certain seuil la fonction utilis ee n est pa la distance edition classique distance dl elle est adapt ee un corpus et se fonde sur la prise en compte de co ut alt eration el ementaires efinis non pa sur de caract eres mais sur de sous cha ines de blocs de caract eres']",26760
20,152,20_morphological_inflection_morphology_lemma,"['morphological', 'inflection', 'morphology', 'lemma', 'morphologically', 'lemmatization', 'morpheme', 'sigmorphon', 'morphologically rich', 'tag']","['language especially africa few establish part speech po tag corpus however pos tag corpus essential natural language processing nlp support advance research machine translation speech recognition etc even case pos tag corpus languages parallel text available online task po tag new language corpus new tagset usually face bootstrapping problem initial stage annotation process unavailability automatic tagger help human annotator make annotation process appear infeasible quickly produce adequate amount pos tag corpus advance nlp research training tagger paper demonstrate efficacy pos annotation method employ service two automatic approach assist po tag corpus creation novel language nlp two approach cross lingual monolingual po tag projection use cross lingual automatically create initial errorful tag corpus target language via word alignment resource create derive source language rich nlp resource monolingual method apply clean induce noise via alignment process transform source language tag target language tag use english igbo case study possible parallel text exist english igbo source language english available nlp resource result experiment show steady improvement accuracy rate tag transformation score range respectively rate tag transformation evaluate rate source language tags translate target language tag', 'ambiguity introduce recombination morpheme construct several possible inflection word make prediction syntactic trait morphologically rich language mrls notoriously complicate task propose multi task deep morphological analyzer mt dma character level neural morphological analyzer base multitask learn word level tag marker hindi urdu mt dma predict set six morphological tag word indo aryan language part speech pos gender g number n person p case c tense aspect modality tam marker well lemma l jointly learn one trainable framework show effectiveness training deep neural network simultaneous optimization multiple loss function share initial parameter context aware morphological analysis exploit character level feature phonological space optimize tag use multi objective genetic algorithm model establish new state art accuracy score upon seven task languages mt dma publicly accessible code model data available http github com saurav morph analyzer', 'research natural language processing commonly assume approach work well english widely use language language agnostic high resource language especially analytic common approach treat morphologically distinct variant common root completely independent word type assumes limited morphological inflection per root majority appear large enough corpus model adequately learn statistic form approach like stem lemmatization subword segmentation often use either assumption hold particularly case synthetic language like spanish russian inflection english literature language like finnish turkish hold extreme example complexity challenge common modelling assumption yet consider world languages finnish turkish close average case consider polysynthetic language extreme morphological complexity approach like stem lemmatization subword modelling may suffice language high number hapax legomena show need appropriate morphological handling word without possible model capture enough word statistic examine current state art language model machine translation text prediction four polysynthetic language guaran st lawrence island yupik central alaskan yupik inuktitut propose novel framework language model combine knowledge representation finite state morphological analyzer tensor product representation order enable neural language model capable handle full range typologically variant language']",26760
21,152,21_rnns_rnn_recurrent_lstm,"['rnns', 'rnn', 'recurrent', 'lstm', 'dyck', 'lstms', 'cell', 'recurrent neural', 'memory', 'stack']","['investigate effective memory depth rnn model use n gram language model lm smooth experiment small corpus upenn treebank one million word train data k vocabulary find lstm cell dropout best model encode n gram state compare feed forward vanilla rnn model preserve sentence independence assumption lstm n gram match lstm lm performance n slightly outperform n allow dependency across sentence boundary lstm gram almost match perplexity unlimited history lstm lm lstm n gram smoothing also desirable property improve increase n gram order unlike katz kneser ney back estimator use multinomial distribution target train instead usual one hot target slightly beneficial low n gram order experiment one billion word benchmark show result hold large scale lstm smooth short n gram context provide significant advantage classic n gram model becomes effective long context n depend task amount data match fully recurrent lstm model n may implications model short format text e g voice search query lm building lstm n gram lm may appeal practical situation state n gram lm succinctly represent n byte store identity word context batch n gram context process parallel downside n gram context encode compute lstm discard make model expensive regular recurrent lstm lm', 'recurrent neural network rnns widely use deep architecture sequence model generation prediction despite success application machine translation voice recognition stateful model several critical shortcoming specifically rnns generalize poorly long sequence limit applicability many important temporal processing time series forecast problem example rnns struggle recognize complex context free language cfls never reach accuracy train one way address shortcoming couple rnn external differentiable memory structure stack however differentiable memory prior work neither extensively studied cfls test sequence longer see train effort study show continuous differentiable memory structure yield poor generalization complex cfls make rnn less interpretable paper improve memory augment rnn important architectural state update mechanism ensure model learns properly balance use latent state external memory improve rnn model exhibit good generalization performance able classify long string generate complex hierarchical context free grammar cfgs evaluate model cggs include dyck language well penn treebank language model task achieve stable robust performance across benchmark furthermore show memory augment network capable retain memory long duration string length', 'order learn complex grammar recurrent neural network rnns require sufficient computational resource ensure correct grammar recognition widely use approach expand model capacity would couple rnn external memory stack introduce neural state pushdown automaton nspda consist digital stack instead analog one couple neural network state machine empirically show effectiveness recognize various context free grammar cfgs first develop underlie mechanic propose high order recurrent network manipulation stack well stably program underlying pushdown automaton pda achieve desire finite state network dynamic next introduce noise regularization scheme high order tensor network knowledge first kind design algorithm improve incremental learn finally design method insert grammar rule nspda empirically show prior knowledge improve train convergence time order magnitude case lead good generalization nspda also compare classical analog stack neural network pushdown automaton nnpda well wide array first second order rnns without external memory train use different learn algorithms result show dyck language prior rule base knowledge critical optimization convergence ensure generalization longer sequence test time observe many rnns without memory prior knowledge fail converge generalize poorly cfgs']",26760
22,151,22_response_response selection_response generation_multi turn,"['response', 'response selection', 'response generation', 'multi turn', 'turn response', 'generate response', 'retrieval base', 'exemplar', 'turn', 'dialogue response']","['noetic end end response selection challenge one track dialog system technology challenge dstc aim push state art utterance classification real world goal orient dialog system participant need select correct next utterance set candidate multi turn context paper describe system rank top datasets challenge one focus small advise diverse large ubuntu previous state art model use hierarchy base utterance level token level neural network explicitly model interaction among different turn utterance context model paper investigate sequential match model base chain sequence multi turn response selection result demonstrate potential sequential matching approach yet fully exploit past multi turn response selection addition rank top challenge propose model outperforms previous model include state art hierarchy base model achieve new state art performance two large scale public multi turn response selection benchmark datasets', 'noetic end end response selection challenge one track th dialog system technology challenge dstc aim push state art utterance classification real world goal orient dialog system participant need select correct next utterance set candidate multi turn context paper present system rank top datasets challenge one focus small advise diverse large ubuntu previous state art model use hierarchy base utterance level token level neural network explicitly model interaction among different turn utterance context model paper investigate sequential match model base chain sequence multi turn response selection result demonstrate potential sequential matching approach yet fully exploit past multi turn response selection addition rank top challenge propose model outperforms previous model include state art hierarchy base model two large scale public multi turn response selection benchmark datasets', 'exist method dialogue response generation drg task orient dialogue system tdss grouped two category template base corpus base former prepare collection response templates advance fill slots system action produce system response runtime latter generate system responses token token take system action account template base drg provide high precision highly predictable response usually lack term generate diverse natural response compare neural corpus base approach conversely corpus base drg method able generate natural response cannot guarantee precision predictability moreover diversity response produce today corpus base drg method still limit propose combine merit template base corpus base drgs introduce prototype base paraphrase neural network call p net aim enhance quality response term precision diversity instead generate response scratch p net generates system responses paraphrase template base response guarantee precision responses p net learns separate response semantics context influence paraphrase noise keep semantics unchanged paraphrase introduce diversity p net randomly sample previous conversational utterance prototypes model extract speak style information conduct extensive experiment multiwoz dataset automatic human evaluation result show p net achieves significant improvement diversity preserve semantics response']",26760
23,147,23_fake news_fake_news_news detection,"['fake news', 'fake', 'news', 'news detection', 'disinformation', 'detect fake', 'satire', 'satirical', 'credibility', 'satirical news']","['advancement technology accessibility internet individual revolutionize real time information liberty express thought without pass credibility check lead dissemination fake content ecosystem disastrous effect individual society whole amplification fake news become rampant india debunk information often get republished replacement description claim depict different incidence curb fabricate story necessary investigate deduplicates false claim make public majority study automatic fact check fake news detection restrict english country like india literate population speak english role regional language spread falsity cannot undermined paper introduce factdril first large scale multilingual fact check dataset regional indian language collect exhaustive dataset across month cover low resource language propose dataset consist sample belong english sample hindi remain sample distribute across various regional language e bangla marathi malayalam telugu tamil oriya assamese punjabi urdu sinhala burmese also present detailed characterization three multi lingual multi medium multi domain factdril accompany complete list varied attribute make unique dataset study lastly present potential use case dataset expect dataset valuable resource serve start point fight proliferation fake news low resource language', 'development social network fake news various commercial political purpose appear large number get widespread online world deceptive word people get infect fake news easily share without fact check instance u president election various kind fake news candidate widely spread official news medium online social network fake news usually release either smear opponent support candidate side erroneous information fake news usually write motivate voter irrational emotion enthusiasm kind fake news sometimes bring devastate effect important goal improve credibility online social network identify fake news timely paper propose study fake news detection problem automatic fake news identification extremely hard since pure model base fact check news still open problem exist model apply solve problem thorough investigation fake news data lot useful explicit feature identify text word image use fake news besides explicit feature also exist hidden pattern word image use fake news capture set latent feature extract via multiple convolutional layer model model name ti cnn text image information base convolutinal neural network propose paper project explicit latent feature unified feature space ti cnn train text image information simultaneously extensive experiment carry real world fake news datasets demonstrate effectiveness ti cnn', 'today social medium become primary source news via social medium platform fake news travel unprecedented speed reach global audience put user community great risk therefore extremely important detect fake news early possible recently deep learning base approach show improved performance fake news detection however train model require large amount label data manual annotation time consume expensive moreover due dynamic nature news annotate sample may become outdated quickly cannot represent news article newly emerge event therefore obtain fresh high quality label sample major challenge employ deep learning model fake news detection order tackle challenge propose reinforce weakly supervise fake news detection framework e wefend leverage user report weak supervision enlarge amount training data fake news detection propose framework consist three main component annotator reinforce selector fake news detector annotator automatically assign weak label unlabeled news base user report reinforce selector use reinforcement learn technique chooses high quality sample weakly label data filter low quality one may degrade detector prediction performance fake news detector aim identify fake news base news content test propose framework large collection news article publish via wechat official account associate user report extensive experiment dataset show propose wefend model achieve best performance compare state art method']",26760
24,147,24_speech translation_st_simultaneous_subtitle,"['speech translation', 'st', 'simultaneous', 'subtitle', 'asr mt', 'translation st', 'cascade', 'slt', 'simultaneous translation', 'mt']","['spoken language translation slt become important increasingly globalized world social economic point view one major challenge automatic speech recognition asr machine translation mt drive intense research activity area past research slt due technology limitation deal mostly speech record control condition today major challenge translation speak language find real life consider application scenario range portable translator tourist lecture presentation translation broadcast news show live caption would like present pjiit experience slt gain eu bridge th framework project u star consortium activity polish english language pair present research concentrate asr adaptation polish state art acoustic model dbn blstm training kaldi lda mllt sit mmi language model asr mt text normalization rnn base lm n gram model domain interpolation statistical translation technique hierarchical model factor translation model automatic case punctuation comparable bilingual corpus preparation result well defined domain phrase traveler parliament speech medical documentation movie subtitle encourage less defined domain presentation lecture still form challenge progress iwslt ted task mt present well current progress polish asr', 'end end speech translation st model several advantage low latency small model size less error compound conventional pipeline combine automatic speech recognition asr text machine translation mt model however collect large amount parallel data st task difficult compare asr mt task previous study propose use transfer learn approach overcome difficulty approach benefit weakly supervise training data asr speech transcript mt text text translation pair however parameter model update independently task may lead sub optimal solution work adopt meta learn algorithm train modality agnostic multi task model transfer knowledge source task asr mt target task st st task severely lack data meta learn phase parameter model expose vast amount speech transcript e g english asr text translation e g english german mt phase parameter update way understand speech text representation relation well act good initialization point target st task evaluate propose meta learn approach st task english german en de english french en fr language pair multilingual speech translation corpus must c method outperforms previous transfer learn approach set new state art result en de en fr st task obtain bleu point improvement respectively', 'conventional spoken language translation slt system pipeline base system automatic speech recognition asr system convert modality source speech text machine translation mt system translate source text text target language recent progress sequence sequence architecture reduce performance gap pipeline base slt system cascade asr mt end end approach though end end cascade asr mt system reach comparable level performance see large performance gap use asr hypothesis oracle text w r mt model performance gap indicate mt system prone large performance degradation due noisy asr hypothesis oppose oracle text transcript work degradation performance reduce create end end differentiable pipeline asr mt system work train slt system asr objective auxiliary loss network connect neural hidden representation train ing would end end differentiable path w r final objective function well utilize asr objective good performance slt system architecture improve bleu due multi task training model also generate asr hypothesis use pre train mt model combine propose system mt model increase bleu score experiment report english portuguese speech translation task use corpus final bleu score par best speech translation system dataset additional training data language model much less parameter']",26760
25,144,25_explanation_rationale_faithful_faithfulness,"['explanation', 'rationale', 'faithful', 'faithfulness', 'explain', 'interpretability', 'interpretation', 'rationalization', 'explanation prediction', 'saliency']","['many setting important one able understand model make particular prediction nlp often entail extract snippet input text responsible correspond model output snippet comprise token indeed inform model prediction faithful explanation setting faithfulness may critical ensure transparency lei et al propose model produce faithful rationales neural text classification define independent snippet extraction prediction module however discrete selection input token perform method complicates train lead high variance require careful hyperparameter tune propose simpler variant approach provide faithful explanation construction scheme name fresh arbitrary feature importance score e g gradient train model use induce binary label token input extractor train predict independent classifier module train exclusively snippet provide extractor snippet thus constitute faithful explanation even classifier arbitrarily complex automatic manual evaluation find variant simple framework yield predictive performance superior end end approach general easy train code available http github com successar fresh', 'data collection natural language nl understand task increasingly include human explanation alongside data point allow past work introduce model perform task generate nl explanation output yet date model generate explanation evaluate basis surface level similarity human explanation automatic metric like bleu human evaluation argue evaluation insufficient since fail indicate whether explanation support actual model behavior faithfulness rather simply match human would say plausibility work address problem evaluate explanation model simulatability perspective contribution follow introduce leakage adjust simulatability la metric evaluate nl explanation measure well explanation help observer predict model output control explanation directly leak output use model proxy human observer validate choice two human subject experiment use cos e e snli datasets evaluate two exist generative graphical model two new approach one rationalize method introduce achieve roughly human level la score lastly frame explanation generation multi agent game optimize explanation simulatability penalize label leakage improve la score provide code experiment paper http github com peterbhase las nl explanation', 'recent study interpretability attention distribution lead notion faithful plausible explanation model prediction attention distribution consider faithful explanation high attention weight implies great impact model prediction consider plausible explanation provide human understandable justification model prediction work first explain current attention mechanism lstm base encoders neither provide faithful plausible explanation model prediction observe lstm base encoders hidden representation different time step similar high conicity attention weight situation carry much meaning even random permutation attention weight affect model prediction base experiment wide variety task datasets observe attention distribution often attribute model prediction unimportant word punctuation fail offer plausible explanation prediction make attention mechanism faithful plausible propose modify lstm cell diversity drive train objective ensures hidden representation learn different time step diverse show result attention distribution offer transparency provide precise importance rank hidden state ii well indicative word important model prediction iii correlate well gradient base attribution method human evaluation indicate attention distribution learn model offer plausible explanation model prediction code make publicly available http github com akashkm interpretable attention']",26760
26,144,26_commonsense_commonsense reason_commonsense knowledge_reason,"['commonsense', 'commonsense reason', 'commonsense knowledge', 'reason', 'wsc', 'winograd schema', 'winograd', 'conceptnet', 'atomic', 'commonsense inference']","['recent commonsense reason task typically discriminative nature model answer multiple choice question certain context discriminative task limit fail adequately evaluate model ability reason explain prediction underlie commonsense knowledge also allow model use reason shortcut right right reason work present explagraphs new generative structure commonsense reason task associate dataset explanation graph generation stance prediction specifically give belief argument model predict argument support counter belief also generate commonsense augment graph serf non trivial complete unambiguous explanation predict stance collect explanation graph novel create verify refine graph collection framework improve graph quality via multiple round verification refinement significant graph contain external commonsense node diverse structure reason depth next propose multi level evaluation framework consist automatic metric human evaluation check structural semantic correctness generate graphs degree match ground truth graph finally present several structure commonsense augment text generation model strong start point explanation graph generation task observe large gap human performance thereby encouraging future work new challenge task explagraphs publicly available http explagraphs github io', 'winograd schema challenge wsc levesque davis morgenstern benchmark commonsense reason set expert craft pronoun resolution problem originally design unsolvable statistical model rely selectional preference word association however recent advance neural language model already reach around accuracy variant wsc raise important question whether model truly acquire robust commonsense capability whether rely spurious bias datasets lead overestimation true capability machine commonsense investigate question introduce winogrande large scale dataset k problem inspire original wsc design adjust improve scale hardness dataset key step dataset construction consist carefully design crowdsourcing procedure follow systematic bias reduction use novel aflite algorithm generalize human detectable word association machine detectable embed association best state art method winogrande achieve human performance depend amount training data allow furthermore establish new state art result five related benchmark wsc dpr copa knowref winogender result dual implication one hand demonstrate effectiveness winogrande use resource transfer learn hand raise concern likely overestimate true capability machine commonsense across benchmark emphasize importance algorithmic bias reduction exist future benchmark mitigate overestimation', 'benchmark datasets target commonsense reason focus everyday scenario physical knowledge like know could fill cup waterfall talmor et al social knowledge like bump someone awkward sap et al generic situation however rich space commonsense inference anchor knowledge specific entity example decide truthfulness claim harry potter teach class fly broomstick model learn combine entity knowledge commonsense reason fashion introduce creak testbed commonsense reason entity knowledge bridge fact check entity harry potter wizard skilled rid broomstick commonsense inference good skill teach others dataset consist k human author english claim entity either true false addition small contrast set crowdworkers easily come statement human performance dataset high high argue model able blend entity knowledge commonsense reason well experiment focus close book set observe baseline model finetuned exist fact verification benchmark struggle creak train model creak improve accuracy substantial margin still fall short human performance benchmark provide unique probe natural language understanding model test ability retrieve fact e g teach university chicago unstated commonsense knowledge e g butler yell guest']",26760
27,143,27_citation_scientific_publication_cite,"['citation', 'scientific', 'publication', 'cite', 'academic', 'scholarly', 'citation recommendation', 'journal', 'scholar', 'citation sentiment']","['citation content analysis seek understand citation base language use make citation key issue citation content analysis look linguistic structure characterize distinct class citation purpose understand intent function citation previous work focus model linguistic feature first drawn conclusion language structure unique class citation function base performance classification task inter annotator agreement study start large sample pre classify citation corpus million citation class scite smart citation dataset support dispute mention citation analyze corpus linguistics order reveal unique statistically significant language structure belong type citation generate comparison table citation type present number interesting linguistic feature uniquely characterize citation type find within citation collocates low correlation citation type sentiment additionally find subjectivity citation collocates across class low finding suggest sentiment collocates predictor citation function due low subjectivity opinion express mode understanding citation implicit previous citation sentiment analysis literature inappropriate instead suggest citation well understood claim make device citation type explain understanding two claim compare present approach hope inspire similar corpus linguistic study citation derive robust theory citation empirical basis use citation corpus', 'paper present scientific corpus abstract academic paper english leicester scientific corpus lsc lsc contain abstract research article proceed paper indexed web science wos publication year abstract assign least one subject category paper metadata include category number citation develop scientific dictionary name leicester scientific dictionary lscd leicester scientific dictionary core lscdc word extract lsc lscd list unique word lemmas lscdc core list sub list lscd lemma create remove lscd word appear great text lsc lscd lscdc available online corpus dictionary develop later use quantification mean academic text finally core list lscdc analyse compare word word frequencies classic academic word list new academic word list nawl contain word family also sample academic corpus major source corpus nawl extract cambridge english corpus cec oral source textbooks investigate whether two dictionary similar term common word rank word comparison lead u main conclusion word nawl present lscdc two list differ word ranking difference measure', 'evaluation journal quality one dominant theme bibliometrics since journal primary venue vet distribution scholarship many criticism quantify journal impact bibliometrics include disciplinary difference among journal source material use time window inclusion work measure skewness citation distribution lariviere sugimoto however despite various attempt remediate newly propose indicator sjr snip eigenfactor walter indicator still remain base citation count fail acknowledge critical difference type citation make whether support dispute work quantify journal impact various program suggest apply encompass citation content analysis within bibliometrics project citation content analysis do scale need order supplement quantitate journal citation analysis scite citation index produce use citation index contain citation type base citation function support dispute mention present initial result statistical characterization citation journal base citation function also present initial result characterize ratio support dispute receive journal potential indicator quality show two interesting result ratio support dispute correlate total citation distribution ratio skew show normal distribution conclude proposal future research use citation analysis qualify citation function well implication perform bibliometrics task research evaluation information retrieval use citation function']",26760
28,142,28_hate_hate speech_speech detection_hateful,"['hate', 'hate speech', 'speech detection', 'hateful', 'offensive', 'detect hate', 'online hate', 'speech offensive', 'hate offensive', 'speech social']","['increase popularity social medium platform hate speech emerge major concern express abusive speech target specific group characteristic gender religion ethnicity spread violence earlier people use verbally deliver hate speech expansion technology people deliberately use social medium platform spread hate post share comment etc whether christchurch mosque shooting hate crime asians west observed convict much influence hate text present online even though ai system place flag text one key challenge reduce false positive rate mark non hate hate system detect hate speech without undermine freedom expression paper use ethos hate speech detection dataset analyze performance hate speech detection classifier replace integrate word embeddings fasttext ft glove gv ft gv static bert embeddings extensive experimental trail observe neural network perform well static compare use ft gv ft gv word embeddings comparison fine tune bert one metric significantly improve specificity', 'online hate speech particularly microblogging platform like twitter emerge arguably severe issue past decade several country report steep rise hate crime infuriate malicious hate campaign detection hate speech one emerge research area generation spread topic dependent hate information network remain explored work focus explore user behaviour trigger genesis hate speech twitter diffuse via retweets crawl large scale dataset tweet retweets user activity history follower network comprise million tweet million unique user also collect k contemporary news article publish online characterize different signal information govern dynamic analysis differentiate diffusion dynamic presence hate usual information diffusion motivate u formulate model problem topic aware set real world knowledge predict initiation hate speech give hashtag propose multiple feature rich model best perform one achieve macro f score meanwhile predict retweet dynamic twitter propose retina novel neural architecture incorporate exogenous influence use scale dot product attention retina achieve macro f score outperform multiple state art model analysis reveals superlative power retina predict retweet dynamic hateful content compare exist diffusion model', 'disparate bias associate datasets train classifier hateful abusive content identification task raise many concern recently although problem bias datasets abusive language detection address frequently bias arise trained classifier yet matter concern first introduce transfer learn approach hate speech detection base exist pre trained language model call bert evaluate propose model two publicly available datasets annotate racism sexism hate offensive content twitter next introduce bias alleviation mechanism hate speech detection task mitigate effect bias training set fine tune pre train bert base model toward end use exist regularization method reweight input sample thereby decrease effect high correlate training set n gram class label fine tune pre train bert base model new weighted sample evaluate bias alleviation mechanism employ cross domain approach use train classifier aforementioned datasets predict label two new datasets twitter aae align white align group indicate tweet write african american english aae standard american english sae respectively result show existence systematic racial bias train classifier tend assign tweet write aae aae align group negative class racism sexism hate offensive often tweet write sae white align however racial bias classifier reduce significantly bias alleviation mechanism incorporate work could institute first step towards debiasing hate speech abusive language detection system']",26760
29,142,29_caption_image caption_image_generate caption,"['caption', 'image caption', 'image', 'generate caption', 'cider', 'captioning', 'object', 'coco', 'caption generation', 'caption image']","['big part achieve artificial general intelligence agi build machine see listen like human much work focus design model image classification video classification object detection pose estimation speech recognition etc achieve significant progress recent year thanks deep learn however understanding world enough ai agent also need know talk especially communicate human perception vision example common across animal specie use complicate language unique humans one important aspect intelligence thesis focus generate textual output give visual input chapter focus generate refer expression text description object image receiver infer object describe use comprehension machine directly guide generate refer expression discriminative chapter introduce method encourage discriminability image caption generation show discriminative captioning model generate descriptive caption chapter study train objective sample method affect model ability generate diverse caption find popular caption training strategy detrimental diversity generate caption chapter propose model control length generate caption change desire length one influence style descriptiveness caption finally chapter rank generate informative image tag accord information utility propose method well match human think important tag image', 'describe image use natural language widely know image caption make consistent progress due development computer vision natural language generation technique though conventional captioning model achieve high accuracy base popular metric e bleu cider spice ability caption distinguish target image similar image explore generate distinctive caption pioneer employ contrastive learning weight ground truth caption focus one single input image however relationships object similar image group e g item property within album fine grain event neglected paper improve distinctiveness image caption use group base distinctive caption model gdiscap compare image image one similar group highlight uniqueness image particular propose group base memory attention gma module store object feature unique among image group e low similarity object image unique object feature highlight generate caption result distinctive caption furthermore distinctive word ground truth caption select supervise language decoder gma finally propose new evaluation metric distinctive word rate diswordrate measure distinctiveness caption quantitative result indicate propose method significantly improve distinctiveness several baseline model achieve state art performance accuracy distinctiveness result user study agree quantitative evaluation demonstrate rationality new metric diswordrate', 'small satellite constellation provide daily global coverage earth landmass image enrichment relies automate key task like change detection feature search example extract text annotation raw pixel require two dependent machine learning model one analyze overhead image generate descriptive caption evaluate seven model previously large benchmark satellite image caption extend label image sample five fold augment correct prune vocabulary approach rough min max minimum word maximum description outcome compare favorably previous work large pre train image model offer hundred fold reduction model size without sacrifice overall accuracy measure log entropy loss small model provide new deployment opportunity particularly push edge processor board satellite distribute ground station quantify caption descriptiveness introduce novel multi class confusion error matrix score human label test data never label image include bound box detection lack full sentence caption work suggest future caption strategy particularly one enrich class coverage beyond land use application lessen color center adjacency adjective green near etc many modern language transformer present novel exploitable model world knowledge glean train vast online corpus one interesting easy example might learn word association wind wave thus enrich beach scene color description otherwise might access raw pixel without text annotation']",26760
30,142,30_code_source code_program_software,"['code', 'source code', 'program', 'software', 'java', 'code generation', 'code summarization', 'commit message', 'bug', 'commit']","['detect fix bug two important yet frustrating part software development cycle exist bug detection tool base mainly static analyzer rely mathematical logic symbolic reason program execution detect common type bug fix bug typically leave developer work introduce deepdebug data drive program repair approach learn detect fix bug java method mine real world github repository frame bug patch sequence sequence learn task consist two step denoising pretraining ii supervise finetuning target translation task show pretraining source code program improve number patch find compare supervised training scratch domain adaptive pretraining natural language code improve accuracy another refine standard accuracy evaluation metric non deletion deletion fix show best model generate non deletion fix previous state art contrast prior work attain best result generate raw code oppose work abstract code tend benefit small capacity model finally observe subtle improvement add syntax embeddings along standard positional embeddings well add auxiliary task predict token syntactic class despite focus java approach language agnostic require general purpose parser tree sitter', 'automate unit test case generation tool facilitate test driven development support developer suggest test intend identify flaw code exist approach usually guide test coverage criterion generate synthetic test case often difficult developer read understand paper propose athenatest approach aim generate unit test case learn real world focal method developer write testcases formulate unit test case generation sequence sequence learn task adopt two step train procedure consist denoising pretraining large unsupervised java corpus supervise finetuning downstream translation task generate unit test investigate impact natural language source code pretraining well focal context information surround focal method technique provide improvement term validation loss pretraining yield relative improvement focal context provide additional improvement also introduce method test large publicly available supervise parallel corpus unit test case method correspond focal method java comprise k test case mine k open source repository github evaluate athenatest five defect j project generate k pass test case cover focal method attempt execute test case collect test coverage information compare test case generate evosuite gpt find approach outperforms gpt comparable coverage w r evosuite finally survey professional developer preference term readability understandability test effectiveness generate test show overwhelmingly preference towards athenatest', 'pre train model program language achieve dramatic empirical improvement variety code related task code search code completion code summarization etc however exist pre trained model regard code snippet sequence token ignore inherent structure code provide crucial code semantics would enhance code understand process present graphcodebert pre train model program language considers inherent structure code instead take syntactic level structure code like abstract syntax tree ast use data flow pre training stage semantic level structure code encode relation value come variable semantic level structure neat bring unnecessarily deep hierarchy ast property make model efficient develop graphcodebert base transformer addition use task mask language model introduce two structure aware pre training task one predict code structure edge align representation source code code structure implement model efficient way graph guide masked attention function incorporate code structure evaluate model four task include code search clone detection code translation code refinement result show code structure newly introduce pre training task improve graphcodebert achieves state art performance four downstream task show model prefers structure level attention token level attention task code search']",26760
31,141,31_vqa_visual question_answer vqa_visual,"['vqa', 'visual question', 'answer vqa', 'visual', 'image question', 'question image', 'image', 'answer visual', 'answer', 'question answer']","['technology fruition cultural heritage become increasingly entwine especially advent smart audio guide virtual augment reality interactive installation machine learn computer vision important component ongoing integration enable new interaction modality user museum nonetheless frequent way interact painting statue still remain take picture yet image alone convey aesthetic artwork lack information often require fully understand appreciate usually additional knowledge come artwork therefore image depict external source knowledge information sheet former infer computer vision algorithm latter need structure data pair visual content relevant information regardless source information still must effectively transmit user popular emerge trend computer vision visual question answer vqa user interact neural network pose question natural language receive answer visual content believe evolution smart audio guide museum visit simple image browse personal smartphones turn classic audio guide smart personal instructor visitor interact ask explanation focus specific interest advantage twofold one hand cognitive burden visitor decrease limit flow information user actually want hear hand propose natural way interact guide favoring engagement', 'predominant approach visual question answer vqa relies encode image question black box neural encoder decode single token answer like yes despite approach strong quantitative result struggle come intuitive human readable form justification prediction process address insufficiency reformulate vqa full answer generation task require model justify prediction natural language propose lrta look read think answer transparent neural symbolic reason framework visual question answer solves problem step step like human provide human readable form justification step specifically lrta learns first convert image scene graph parse question multiple reason instruction execute reason instruction one time traverse scene graph use recurrent neural symbolic execution module finally generate full answer give question natural language justification experiment gqa dataset show lrta outperforms state art model large margin v full answer generation task also create perturbed gqa test set remove linguistic cue attribute relation question analyze whether model smart guess superficial data correlation show lrta make step towards truly understand question state art model tend learn superficial correlation train data', 'benefit advancement computer vision natural language processing information retrieval technique visual question answer vqa aim answer question image video receive lots attention past year although progress achieve far several study point current vqa model heavily affect emph language prior problem mean tend answer question base co occurrence pattern question keywords e g many answer e g instead understanding image question exist method attempt solve problem either balancing biased datasets force model well understand image however marginal effect even performance deterioration observe first second solution respectively addition another important issue lack measurement quantitatively measure extent language prior effect severely hinders advancement relate technique paper make contribution solve problem two perspective firstly design metric quantitatively measure language prior effect vqa model propose metric demonstrate effective empirical study secondly propose regularization method e score regularization module enhance current vqa model alleviate language prior problem well boost backbone model performance propose score regularization module adopts pair wise learning strategy make vqa model answer question base reason image upon question instead base question answer pattern observe biased training set score regularization module flexible integrate various vqa model']",26760
32,139,32_modal_vision_vl_image,"['modal', 'vision', 'vl', 'image', 'cross modal', 'image retrieval', 'image pair', 'visual', 'modality', 'clip']","['multi modal pretraining learn high level multi modal representation step towards deep learn artificial intelligence work propose novel model namely interbert bert interaction first model series multimodal pretraining method multimodality multimodality multitask mega transformer model own strong capability model interaction information flow different modality single stream interaction module capable effectively process information multiple modalilties two stream module top preserve independence modality avoid performance downgrade single modal task pretrain model three pretraining task include mask segment model msm mask region model mrm image text match itm finetune model series vision language downstream task experimental result demonstrate interbert outperforms series strong baseline include recent multi modal pretraining method analysis show msm mrm effective pretraining method achieve performance comparable bert single modal task besides propose large scale dataset multi modal pretraining chinese develop chinese interbert first chinese multi modal pretrained model pretrain chinese interbert propose dataset image text pair mobile taobao large chinese e commerce platform finetune model text base image retrieval recently deploy model online topic base recommendation', 'recent transformer base large scale pre train model revolutionize vision language v l research model vilbert lxmert uniter significantly lift state art across wide range v l benchmark joint image text pre training however little known inner mechanism destine impressive success reveal secret behind scene powerful model present value vision language understanding evaluation set meticulously design probe task e g visual coreference resolution visual relation detection linguistic probe task generalizable standard pre train v l model aim decipher inner working multimodal pre training e g implicit knowledge garner individual attention head inherent cross modal alignment learn contextualized multimodal embeddings extensive analysis archetypal model architecture via probe task key observation pre trained model exhibit propensity attend text rather image inference ii exist subset attention head tailor capture cross modal interaction iii learn attention matrix pre train model demonstrate pattern coherent latent alignment image region textual word iv plot attention pattern reveal visually interpretable relation among image region v pure linguistic knowledge also effectively encode attention head valuable insight serve guide future work towards design good model architecture objectives multimodal pre training', 'joint image text embed bedrock vision language v l task multimodality input simultaneously process joint visual textual understanding paper introduce uniter universal image text representation learn large scale pre train four image text datasets coco visual genome conceptual caption sbu caption power heterogeneous downstream v l task joint multimodal embeddings design four pre training task mask language model mlm mask region model mrm three variant image text match itm word region alignment wra different previous work applies joint random mask modality use conditional masking pre training task e mask language region modeling condition full observation image text addition itm global image text alignment also propose wra via use optimal transport ot explicitly encourage fine grain alignment word image region pre train comprehensive analysis show conditional mask ot base wra contribute well pre training also conduct thorough ablation study find optimal combination pre train task extensive experiment show uniter achieves new state art across six v l task nine datasets include visual question answer image text retrieval refer expression comprehension visual commonsense reason visual entailment nlvr code available http github com chenrocks uniter']",26760
33,136,33_political_ideology_polarization_parliament,"['political', 'ideology', 'polarization', 'parliament', 'election', 'medium bias', 'debate', 'political bias', 'ideological', 'presidential']","['study analyze political agenda european parliament ep plenary evolve time manner member european parliament meps react external internal stimulus make plenary speech unveil plenary agenda detect latent theme legislative speech time mep speech content analyze use new dynamic topic model method base two layer non negative matrix factorization nmf method apply new corpus english language legislative speech ep plenary period finding suggest two layer nmf valuable alternative exist dynamic topic modeling approach find literature unveil niche topic associated vocabulary capture exist method substantively finding suggest political agenda ep evolve significantly time react exogenous event eu treaty referendum emergence euro crisis mep contribution plenary agenda also find impact upon vote behaviour committee structure parliament', 'last decade political debate progressively shift social medium rhetorical device employ online actor faction operate debate arena capture analysed conduct statistical reading societal controversy argumentation dynamic paper propose five step methodology extract categorize explore latent argumentation structure online debate use twitter data deal brexit focus expect effect case materialisation event first extract cause effect claim contain tweet use regex exploit verbs related creation destruction causation second categorise extract deal effect use structural topic model estimate unigrams bigram third select controversial effect topic explore within topic argumentation difference self declare partisan user faction hence type topic use estimate covariate effect topic propensity use topic correlation network study topological structure debate identify coherent topical constellation finally analyse debate time dynamic infer lead follow relation among faction result show proposed methodology employ perform statistical rhetoric analysis debate map architecture controversy across time particular deal brexit debate show assortative argumentation structure heavily characterize factional constellation argument well polarize narrative frame invoke verbs related creation destruction finding highlight benefit implement systemic approach analysis debate allow unveil topical factional dependency argument employ online debate', 'political polarization unite state continue rise question whether polarized individual fruitfully cooperate becomes press although diversity individual perspectives typically lead superior team performance complex task strong political perspective associate conflict misinformation reluctance engage people perspectives beyond one echo chamber unclear whether self select team politically diverse individual create high low quality outcome paper explore effect team political composition performance analysis million edit wikipedia political social issue science article measure editors political alignment contribution conservative versus liberal article survey editor validate primarily edit liberal article identify strongly democratic party edit conservative one republican party analysis reveals polarize team consist balanced set politically diverse editor create article high quality politically homogeneous team effect appear strongly wikipedia political article also observe social issue even science article analysis article talk page reveals politically polarized team engage longer constructive competitive substantively focus linguistically diverse debate political moderate intense use wikipedia policy politically diverse team suggest institutional design principle help unleash power politically polarized team']",26760
34,130,34_review_customer_product_rating,"['review', 'customer', 'product', 'rating', 'item', 'recommendation', 'online review', 'user item', 'fake review', 'rating prediction']","['development e commerce many product sell worldwide manufacturer eager obtain good understand customer behavior various region achieve goal previous effort focus mainly questionnaires time consume costly tremendous volume product review e commerce website see new trend emerge whereby manufacturer attempt understand user preference analyze online review follow trend paper address problem study customer behavior exploit recently develop opinion mine technique work novel three reason first questionnaire base investigation automatically enable employ algorithm template base question generation opinion mining base answer extraction use system manufacturer able obtain report customer behavior feature much large sample size direct information high degree automation low cost second international customer behavior study make easy integrating tool multilingual opinion mining third first time automatic questionnaire investigation conduct compare customer behavior china america product review write read chinese english respectively study digital camera smartphones tablet computer yield three finding first chinese customer follow doctrine mean often use euphemistic expression american customer express opinion directly second chinese customer care general feeling american customer pay attention product detail third chinese customer focus external feature american customer care internal feature product', 'online review platform popular way user post review express opinion towards product service well valuable user company find overall opinion customer review tend accompany rating star rating become common approach user give feedback quantitative way generally likert scale star social medium platform like facebook twitter automate review rating prediction system useful determine rating user would give product service exist work review rating prediction focus specific domain restaurant hotel however ignore fact review domains less frequently rat dentist lack sufficient data build reliable prediction model paper experiment datasets pertain different review domain vary level popularity assess performance prediction across different domain introduce model leverage aspect phrase embeddings extract review enables development domain cross domain review rating prediction system experiment show review rating prediction system outperform baseline cross domain review rating prediction system particularly significant least popular review domain leverage training data domain lead remarkable improvement performance domain review rating prediction system instead suitable popular review domain provide model build train data pertain target domain suitable data abundant', 'product recommendation system important major movie studio movie greenlight process part machine learn personalization pipeline collaborative filter cf model prove effective power recommender system online stream service explicit customer feedback data cf model perform well scenario feedback data available cold start situation like new product launch situation markedly different customer tier e g high frequency customer vs casual customer generative natural language model create useful theme base representation underlie corpus document use represent new product description like new movie plot combine cf show increase performance cold start situation outside case though explicit customer feedback available recommender engine must rely binary purchase data materially degrade performance fortunately purchase data combine product description generate meaningful representation product customer trajectory convenient product space proximity represent similarity learn measure distance point space accomplish deep neural network train customer history dense vectorizations product description develop system base collaborative deep metric learn cml predict purchase probabilities new theatrical release train evaluated model use large dataset customer history test model set movie release outside train window initial experiment show gain relative model train collaborative preference']",26760
35,128,35_wsd_sense_sense disambiguation_disambiguation,"['wsd', 'sense', 'sense disambiguation', 'disambiguation', 'disambiguation wsd', 'sens', 'wsi', 'sense inventory', 'multi sense', 'polysemous']","['biomedical word sense disambiguation wsd important intermediate task many natural language processing application name entity recognition syntactic parsing relation extraction paper employ knowledge base approach also exploit recent advance neural word concept embeddings improve state art biomedical wsd use msh wsd dataset test set method involve weak supervision use hand label example wsd build prediction model however employ exist well know name entity recognition concept map program metamap obtain concept vector msh wsd dataset linear time term number sens word test instance method achieve accuracy absolute improvement best know result obtain via unsupervised knowledge base mean expensive approach develop relies near neighbor framework achieve accuracy employ dense vector representation learn unlabeled free text show benefit many language processing task recently effort show biomedical wsd exception trend complex rapidly evolve domain biomedicine building label datasets large set ambiguous term may impractical show weak supervision leverage recent advance representation learn rival supervised approach biomedical wsd however external knowledge base sense inventory play key role improvement achieve', 'word sense disambiguation wsd long stand task natural language processing nlp aim automatically identify relevant meaning word give context develop standard wsd test collection mention important prerequisite develop evaluate different wsd system language interest although many wsd test collection develop variety language standard word wsd benchmark available persian paper address shortage persian language introduce sbu wsd corpus first standard test set persian word wsd task sbu wsd corpus manually annotated sens persian wordnet farsnet sense inventory end three annotator use samp tool sense annotation base farsnet lexical graph perform annotation task sbu wsd corpus consist persian document different domain sport science art etc include content word persian run text manually sense annotate word noun verbs adjective adverbs provide baseline future study persian word wsd task evaluate several wsd model sbu wsd corpus corpus publicly available http github com hrouhizadeh sbu wsd corpus', 'paper describe result first share task word sense induction wsi russian language similar share task conduct past romance germanic language explore performance sense induction disambiguation method slavic language share many feature slavic language rich morphology virtually free word order participant ask group context give word accordance sens provide beforehand instance give word bank set contexts word e g bank financial institution accept deposit river bank slope beside body water participant ask cluster context unknown advance number cluster correspond case company area sens word bank purpose evaluation campaign develop three new evaluation datasets base sense inventory different sense granularity contexts datasets sample texts wikipedia academic corpus russian explanatory dictionary russian overall team participate competition submit model multiple team manage substantially outperform competitive state art baseline previous year base sense embeddings']",26760
36,125,36_semantic parser_semantic parsing_parsing_logical form,"['semantic parser', 'semantic parsing', 'parsing', 'logical form', 'semantic parse', 'parser', 'logical', 'denotation', 'parse', 'neural semantic']","['semantic parsing aim map natural language utterance onto machine interpretable meaning representation aka program whose execution real world environment produce denotation weakly supervise semantic parser train utterance denotation pair treat program latent task challenge due large search space spuriousness program may execute correct answer generalize unseen example goal instill inductive bias parser help distinguish spurious correct program capitalize intuition correct program would likely respect certain structural constraint align question e g program fragment unlikely align overlap text span propose model alignment structure latent variable order make latent alignment framework tractable decompose parse task predict partial abstract program refining model structure alignment differential dynamic programming obtain state art performance wikitablequestions wikisql datasets compare standard attention baseline observe propose structured alignment mechanism highly beneficial', 'semantic parsing task convert natural language utterance machine interpretable meaning representation execute real world environment database scale semantic parsing arbitrary domain face two interrelated challenge obtain broad coverage training data effectively cheaply develop model generalize compositional utterance complex intention address challenge framework allows elicit train data domain ontology bootstrap neural parser recursively builds derivation logical form framework mean representation describe sequence natural language template template corresponds decomposed fragment underlie mean representation although artificial template understand paraphrased human create natural utterance result parallel triple utterance mean representation decomposition allow u train neural semantic parser learns compose rule derive meaning representation crowdsource train data six domain cover single turn utterance exhibit rich compositionality sequential utterance complex task procedurally perform step develop neural semantic parser perform compositional task general approach allow deploy neural semantic parser quickly cheaply give domain ontology', 'semantic representation central many nlp task require human interpretable data conjunctivist framework primarily develop pietroski obtains expressive representation basic semantic type relation systematically link syntactic position representational simplicity crucial computational application finding yet major influence nlp present first generic semantic representation format nlp directly base insight name format eat due basis event agent theme argument neo davidsonian logical form build idea similar tripartite argument relation ubiquitous across category construct grammatical structure without additional lexical information present detail exposition eat relate prevalent format use prior work abstract mean representation amr minimal recursion semantics mrs eat stand two respect simplicity versatility uniquely eat discard semantic metapredicates instead represent semantic role entirely via positional encode make possible limiting number role three major decrease many dozen recognize e g amr mr eat simplicity make exceptionally versatile application first show drastically reduce semantic role base eat benefit text generation mr test setting hajdik et al second implement derivation eat syntactic parse apply parallel corpus generation grammatical class third train encoder decoder lstm network map eat english finally use encoder decoder network rule base alternative conduct grammatical transformation eat input']",26760
37,125,37_video_video caption_caption_videos,"['video', 'video caption', 'caption', 'videos', 'moment', 'video description', 'video summarization', 'msr vtt', 'vtt', 'msr']","['dense video caption task localize interesting event untrimmed video produce textual description caption localize event previous work dense video caption solely base visual information completely ignore audio track however audio speech particular vital cue human observer understand environment paper present new dense video caption approach able utilize number modality event description specifically show audio speech modality may improve dense video caption model apply automatic speech recognition asr system obtain temporally align textual description speech similar subtitle treat separate input alongside video frame correspond audio track formulate caption task machine translation problem utilize recently propose transformer architecture convert multi modal input data textual description demonstrate performance model activitynet caption dataset ablation study indicate considerable contribution audio speech component suggest modality contain substantial complementary information video frame furthermore provide depth analysis activitynet caption result leverage category tag obtain original youtube video code publicly available github com v iashin mdvc', 'paper introduce task retrieve relevant video moment large corpus untrimmed unsegmented video give natural language query task pose unique challenge system must efficiently identify relevant video localize relevant moment videos task contrast prior work localize relevant moment single video search large collection already segment videos task introduce clip alignment language cal model aligns feature natural language query sequence short video clip compose candidate moment video approach go beyond prior work aggregate video feature candidate moment allow fine clip alignment moreover approach amenable efficient index result clip level representation make suitable moment localization large video collection evaluate approach three recently propose datasets temporal localization moment video natural language extend video corpus moment retrieval set didemo charade sta activitynet caption show cal model outperforms recently propose moment context network mcn criterion across datasets propose task obtain boost average recall median rank respectively achieve x faster retrieval x small index size k video corpus', 'natural language video localization nlvl aim locate target moment untrimmed video semantically correspond text query exist approach mainly solve nlvl problem perspective computer vision formulate rank anchor regression task method suffer large performance degradation localize long videos work address nlvl new perspective e span base question answer qa treat input video text passage propose video span localize network vslnet top standard span base qa framework name vslbase address nlvl vslnet tackle difference nlvl span base qa simple yet effective query guide highlight qgh strategy qgh guide vslnet search match video span within highlight region address performance degradation long videos extend vslnet vslnet l apply multi scale split concatenation strategy vslnet l first split untrimmed video short clip segment predict clip segment contains target moment suppresses importance segment finally clip segment concatenate different confidence locate target moment accurately extensive experiment three benchmark datasets show propose vslnet vslnet l outperform state art method vslnet l address issue performance degradation long videos study suggest span base qa framework effective strategy solve nlvl problem']",26760
38,121,38_emotion_intensity_affective_emotion classification,"['emotion', 'intensity', 'affective', 'emotion classification', 'emotion intensity', 'emotion lexicon', 'emotion detection', 'appraisal', 'plutchik', 'wassa']","['paper present emosaic tool visualize emotional tone text document consider multiple dimension emotion vary level semantic granularity emosaic ground psychological research relationship language affect color perception capitalize establish three dimensional model human emotion valence good nice v bad awful arousal calm passive v excite active dominance weak control v strong control previously multi dimensional model emotion use rarely visualization textual data due perceptual challenge involve furthermore recently text visualization remain high level preclude closer engagement deep semantic content text informed empirical study introduce color mapping translates point three dimensional affective space unique color emosaic use affective dictionary word annotate three emotional parameter valence arousal dominance model extract emotional meaning texts assigns correspond color parameter hue saturation brightness color space approach map emotion color aim help reader easily grasp emotional tone text several feature emosaic allow reader interactively explore affective content text detail e g aggregate form histogram sequential form follow order text detail embed text display interaction technique include allow filter navigate text visualization', 'increase availability textual corpus data fetch social network fuel huge production work base model propose psychologist robert plutchik often refer simply plutchik wheel related research range annotation task description emotion detection tool visualisation emotion traditionally carry use popular layout bar plot table however sub optimal classic representation plutchik wheel follow principle proximity opposition pair emotion spatial proximity model also semantic proximity adjacent emotion elicit complex emotion primary dyad trigger together spatial opposition semantic opposition well positive emotion opposite negative emotion common layout fail preserve feature mention need visually allow comparison different corpus blink eye hard basic design solution introduce pyplutchik python library specifically design visualisation plutchik emotion texts corpus pyplutchik draws plutchik flower emotion petal size much emotion detect annotated corpus also represent three degree intensity notably pyplutchik allow user display also primary secondary tertiary opposite dyad compact intuitive way substantiate claim pyplutchik outperforms classic visualisation display plutchik emotion showcase example display library compelling feature', 'automatic emotion categorization predominantly formulate text classification textual unit assign emotion predefined inventory instance follow fundamental emotion class propose paul ekman fear joy anger disgust sadness surprise robert plutchik add trust anticipation approach ignore exist psychological theory degree provide explanation regard perception event instance description somebody discovers snake associate fear base appraisal unpleasant non controllable situation emotion reconstruction even possible without access explicit report subjective feel instance express word afraid automatic classification approach therefore need learn property event latent variable instance uncertainty mental physical effort associate encounter snake lead fear paper propose make interpretation event explicit follow theory cognitive appraisal event show potential emotion classification encode classification model result show high quality appraisal dimension assignment event description lead improvement classification discrete emotion category make corpus appraisal annotate emotion associate event description publicly available']",26760
39,120,39_mlm_tl_pretraining_transfer learn,"['mlm', 'tl', 'pretraining', 'transfer learn', 'tune', 'mask', 'electra', 'pre training', 'finetuning', 'glue']","['mask language model mlm pre training method bert corrupt input replace token mask train model reconstruct original token produce good result transfer downstream nlp task generally require large amount compute effective alternative propose sample efficient pre training task call replace token detection instead mask input approach corrupts replace token plausible alternative sample small generator network instead train model predict original identity corrupt token train discriminative model predict whether token corrupt input replace generator sample thorough experiment demonstrate new pre training task efficient mlm task define input token rather small subset mask result contextual representation learn approach substantially outperform one learn bert give model size data compute gain particularly strong small model example train model one gpu day outperform gpt train use x compute glue natural language understand benchmark approach also work well scale performs comparably roberta xlnet use less compute outperforms use amount compute', 'paper present new pre train language model debertav improve original deberta model replace mask language model mlm replace token detection rtd sample efficient pre training task analysis show vanilla embed share electra hurt train efficiency model performance training loss discriminator generator pull token embeddings different direction create tug war dynamic thus propose new gradient disentangle embed share method avoids tug war dynamic improve training efficiency quality pre train model pre train debertav use setting deberta demonstrate exceptional performance wide range downstream natural language understand nlu task take glue benchmark eight task example debertav large model achieves average score deberta electra set new state art sota among model similar structure furthermore pre train multi lingual model mdeberta observe large improvement strong baseline compare english model example mdeberta base achieve zero shot cross lingual accuracy xnli improvement xlm r base create new sota benchmark make pre trained model inference code publicly available http github com microsoft deberta', 'neural transfer learn tl become ubiquitous natural language processing nlp thanks high performance many task especially low resourced scenario notably tl widely use neural domain adaptation transfer valuable knowledge high resource low resource domains standard fine tune scheme tl model initially pre train source domain subsequently fine tune target domain therefore source target domain train use architecture paper show interpretation method scheme despite efficiency suffer main limitation indeed although capable adapt new domain pre trained neuron struggle learn certain pattern specific target domain moreover shed light hidden negative transfer occur despite high relatedness source target domain may mitigate final gain bring transfer learn address problem propose augment pre train model normalise weight randomly initialise unit foster good adaptation maintain valuable source knowledge show approach exhibit significant improvement standard fine tune scheme neural domain adaptation news domain social medium domain four nlp task part speech tag chunk name entity recognition morphosyntactic tagging']",26760
40,120,40_argument_argumentation_argumentative_argument mining,"['argument', 'argumentation', 'argumentative', 'argument mining', 'argument component', 'debate', 'warrant', 'claim', 'argumentative relation', 'argumentation mining']","['engage argumentative discourse skilled human debater tailor claim belief audience construct effective argument recently field computational argumentation witness extensive effort address automatic generation argument however exist approach perform audience specific adaptation work aim bridge gap study task belief base claim generation give controversial topic set beliefs generate argumentative claim tailor belief tackle task model people prior beliefs stance controversial topic extend state art text generation model generate claim condition belief automatic evaluation confirms ability approach adapt claim set give belief manual study additionally evaluate generate claim term informativeness likelihood utter someone respective belief result reveal limitation model user belief base stance demonstrate potential encoding belief argumentative text lay ground future exploration audience reach', 'one major goal automate argumentation mining uncover argument structure present argumentative text order determine structure one must understand different individual component overall argument link general consensus field dictate argument component form hierarchy persuasion manifest tree structure work provide first neural network base approach argumentation mine focus two task extract link argument component classify type argument component order solve problem propose use joint model base pointer network architecture pointer network appeal task follow reason take account sequential nature argument component construction enforce certain property tree structure present argument relation hide representation apply auxiliary task order extend contribution original pointer network model construct joint model simultaneously attempt learn type argument component well continue predict link argument component propose joint model achieves state art result two separate evaluation corpus achieve far superior performance regular pointer network model result show optimizing task add fully connect layer prior recurrent neural network input crucial high performance', 'formulation claim rest core argument mining demarcate claim non claim arduous human machine owe latent linguistic variance two inadequacy extensive definition base formalization furthermore increase usage online social medium result explosion unsolicited information web present informal text account aforementioned paper propose desyr framework intend annul say issue informal web base text leverage combination hierarchical representation learn dependency inspire poincare embed definition base alignment feature projection away fine tune computer heavy language model favor fabricate domain centric light approach experimental result indicate desyr build upon state art system across four benchmark claim datasets construct informal text see increase claim f point lesa twitter dataset increase claim f point macro f point online comment oc dataset increase claim f point macro f point web discourse wd dataset increase claim f point macro f point micro texts mt dataset also perform extensive analysis result make pre trained version poincare variant along source code']",26760
41,120,41_legal_court_legal domain_contract,"['legal', 'court', 'legal domain', 'contract', 'law', 'charge', 'legal document', 'legal case', 'court decision', 'supreme']","['unlike court western country public record indian judiciary completely unstructured noisy large scale publicly available annotate datasets indian legal document exist till date limit scope legal analytics research work propose new dataset consist judgement deliver supreme court india correspond hand write summary propose dataset pre process normalising common legal abbreviation handle spell variation name entity handle bad punctuation accurate sentence tokenization sentence tag rhetorical role also annotate judgement several attribute like date name plaintiffs defendant people represent judge deliver judgement act statute cite common citation use refer judgement propose automatic labelling technique identify sentence summary worthy information demonstrate auto label data use effectively train weakly supervise sentence extractor high accuracy possible application dataset besides legal document summarization retrieval citation analysis prediction decision particular judge', 'attorney others strong interest digital library suitable service e g summarize search browse help work large corpus legal deposition need often involve understand semantics document depend part role deponent e g plaintiff defendant law enforcement personnel expert etc case tort litigation associate property casualty insurance claim relate injury important know liability also event accident physical condition treatment hypothesize legal deposition consist various aspect discuss part deponent testimony accordingly develop ontology aspect legal deposition accident injury case use develop classifier identify portion text aspect interest complicate peculiarity genre e g deposition transcript generally consist data form question answer qa pair accordingly automate system start pre processing transforms qa pairs canonical form make declarative sentence classify declarative sentence generate accord aspect help downstream task summarization segmentation question answer information retrieval method achieve classification f score aspect classify good accuracy help choose qa pair use candidate summary sentence generate informative summary legal professional insurance claim agent methodology could extend legal deposition kind aid service like search', 'self supervise learn make rapid advance natural language processing remain unclear researcher engage resource intensive domain specific pretraining domain pretraining law puzzlingly yield documented instance substantial gain domain pretraining spite fact legal language widely see unique hypothesize exist result stem fact exist legal nlp task easy fail meet condition domain pretraining help address first present casehold case holding legal decision new dataset comprise multiple choice question identify relevant hold cited case dataset present fundamental task lawyer legally meaningful difficult nlp perspective f bilstm baseline second assess performance gain casehold exist legal nlp datasets transformer architecture bert pretrained general corpus google book wikipedia improve performance domain pretraining use corpus approximately decision across court u large bert custom legal vocabulary exhibit substantial performance gain casehold gain f represent improvement bert consistent performance gain across two legal task third show domain pretraining may warrant task exhibit sufficient similarity pretraining corpus level performance increase three legal task directly tie domain specificity task finding inform researcher engage resource intensive pretraining show transformer base architecture learn embeddings suggestive distinct legal language']",26760
42,118,42_attack_adversarial_adversarial example_adversarial attack,"['attack', 'adversarial', 'adversarial example', 'adversarial attack', 'generate adversarial', 'defense', 'perturbation', 'substitution', 'adversarial training', 'base attack']","['recently textual adversarial attack model become increasingly popular due successful estimate robustness nlp model however exist work obvious deficiency usually consider single granularity modification strategy e g word level sentence level insufficient explore holistic textual space generation need query victim model hundred time make successful attack highly inefficient practice address problem paper propose maya multi granularity attack model effectively generate high quality adversarial sample few query victim model furthermore propose reinforcement learn base method train multi granularity attack agent behavior clone expert knowledge maya algorithm reduce query time additionally also adapt agent attack black box model output label without confidence score conduct comprehensive experiment evaluate attack model attack bilstm bert roberta two different black box attack setting three benchmark datasets experimental result show model achieve overall well attack performance produce fluent grammatical adversarial sample compare baseline model besides adversarial attack agent significantly reduce query time attack setting code release https github com yangyi chen maya', 'adversarial attack carry reveal vulnerability deep neural network textual adversarial attack challenge text discrete small perturbation bring significant change original input word level attack regarded combinatorial optimization problem well studied class textual attack method however exist word level attack model far perfect largely unsuitable search space reduction method inefficient optimization algorithm employed paper propose novel attack model incorporate sememe base word substitution method particle swarm optimization base search algorithm solve two problem separately conduct exhaustive experiment evaluate attack model attack bilstm bert three benchmark datasets experimental result demonstrate model consistently achieve much high attack success rate craft high quality adversarial example compare baseline method also experiment show model high transferability bring robustness enhancement victim model adversarial training code data paper obtain https github com thunlp sememepso attack', 'deep learn base text understand dltu backbone technique behind various application include question answer machine translation text classification despite tremendous popularity security vulnerability dltu still largely unknown highly concern give increase use security sensitive application sentiment analysis toxic content detection paper show dltu inherently vulnerable adversarial text attack maliciously craft texts trigger target dltu system service misbehave specifically present textbugger general attack framework generate adversarial text contrast prior work textbugger differs significant way effective outperforms state art attack term attack success rate ii evasive preserve utility benign text adversarial text correctly recognize human reader iii efficient generates adversarial text computational complexity sub linear text length empirically evaluate textbugger set real world dltu system service use sentiment analysis toxic content detection demonstrate effectiveness evasiveness efficiency instance textbugger achieve success rate imdb dataset base amazon aws comprehend within second preserve semantic similarity discus possible defense mechanism mitigate attack adversary potential countermeasure lead promising direction research']",26760
43,116,43_claim_fact check_check_fact,"['claim', 'fact check', 'check', 'fact', 'verification', 'evidence', 'fact verification', 'claim verification', 'fever', 'veracity']","['increase concern misinformation stimulate research effort automatic fact check recently release fever dataset introduce benchmark fact verification task system ask verify claim use evidential sentence wikipedia document paper present connect system consist three homogeneous neural semantic matching model conduct document retrieval sentence selection claim verification jointly fact extraction verification evidence retrieval document retrieval sentence selection unlike traditional vector space ir model query source match pre design term vector space develop neural model perform deep semantic match raw textual input assume intermediate term representation access structure external knowledge base also show pageview frequency also help improve performance evidence retrieval result later match use neural semantic matching network claim verification unlike previous approach simply fee upstream retrieve evidence claim natural language inference nli model enhance nli model provide internal semantic relatedness score hence integrate evidence retrieval module ontological wordnet feature experiment fever dataset indicate neural semantic matching method outperform popular tf idf encoder model significant margin evidence retrieval metric additional relatedness score wordnet feature improve nli model via well semantic awareness formalize three subtasks similar semantic matching problem improve three stage complete model able achieve state art result fever test set', 'past decade see substantial rise amount mis disinformation online target disinformation campaign influence politics unintentional spread misinformation public health development spur research area automatic fact check approach detect check worthy claim determine stance tweet towards claim method determine veracity claim give evidence document automatic method often content base use natural language processing method turn utilise deep neural network learn high order feature text order make prediction deep neural network black box model inner working cannot easily explain time desirable explain arrive certain decision especially used decision make known time issue raise exacerbate model increase size eu legislation require model use decision make provide explanation recently legislation require online platform operate eu provide transparent reporting service despite current solution explainability still lack area fact check thesis present research automatic fact check include claim check worthiness detection stance detection veracity prediction contribution go beyond fact check thesis propose general machine learn solution natural language process area learning limit label data finally thesis present first solution explainable fact check', 'present overview second edition checkthat lab clef lab feature two task two different language english arabic task english challenge participate system predict claim political debate speech prioritize fact check task arabic ask rank give set web page respect check worthy claim base usefulness fact check claim b classify web page accord degree usefulness fact check target claim c identify useful passage page use useful page predict claim factuality checkthat provide full evaluation framework consist data english derive fact check source arabic gather annotated scratch evaluation base mean average precision map normalize discount cumulative gain ndcg rank f classification total team register participate lab fourteen actually submit run compare nine last year evaluation result show successful approach task use various neural network logistic regression task learn rank use high score run subtask different classifier use subtasks release research community datasets lab well evaluation script enable research important task check worthiness estimation automatic claim verification']",26760
44,115,44_separation_speech separation_overlap speech_speech enhancement,"['separation', 'speech separation', 'overlap speech', 'speech enhancement', 'microphone', 'enhancement', 'channel', 'speaker', 'talker', 'multi channel']","['automatic speech recognition asr overlap speech remain highly challenging task date end multi channel microphone array data widely use state art asr system motivate invariance visual modality acoustic signal corruption paper present audio visual multi channel overlap speech recognition system feature tightly integrate separation front end recognition back end series audio visual multi channel speech separation front end component base textit tf mask textit filter sum textit mask base mvdr beamforming approach develop reduce error cost mismatch separation recognition component jointly fine tune use connectionist temporal classification ctc loss function multi task criterion interpolation scale invariant signal noise ratio si snr error cost experiment suggest propose multi channel avsr system outperform baseline audio asr system relative relative absolute word error rate wer reduction overlap speech construct use either simulation replay lipread sentence lr dataset respectively', 'although great progress make automatic speech recognition asr significant performance degradation still observe recognize multi talker mixed speech paper propose evaluate several architecture address problem assumption single channel mixed signal available technique extend permutation invariant training pit introduce front end feature separation module minimum mean square error mse criterion back end recognition module minimum cross entropy ce criterion specifically train compute average mse ce whole utterance possible utterance level output target assignment pick one minimum mse ce optimize assignment strategy elegantly solve label permutation problem observe deep learning base multi talker mixed speech separation recognition system propose architecture evaluate compare artificially mixed ami dataset two three talker mix speech experimental result indicate propose architecture cut word error rate wer relatively state art single talker speech recognition system across speaker energy comparable two three talker mix speech respectively knowledge first work multi talker mixed speech recognition challenge speaker independent spontaneous large vocabulary continuous speech task', 'speech enhancement algorithm make use short time fourier transform stft simple flexible time frequency decomposition estimate short time spectrum signal however duration short stft frame inherently limited nonstationarity speech signal main contribution paper demonstration speech enhancement automatic speech recognition presence reverberation noise extend length analysis windows accomplish extension perform enhancement short time fan chirp transform stfcht domain overcomplete time frequency representation coherent speech signal longer analysis window duration stft extend coherence gain use linear model fundamental frequency variation voice speech signal approach center around use single channel minimum mean square error log spectral amplitude mmse lsa estimator propose habets scale coefficient time frequency domain suppress noise reverberation case multiple microphone preprocess data either minimum variance distortionless response mvdr beamformer delay sum beamformer dsb evaluate algorithm speech enhancement recognition task reverb challenge dataset compare process do stft domain approach achieve significant improvement term objective enhancement metric include pesq itu standard measurement speech quality term automatic speech recognition asr performance measure word error rate wer experiment indicate stft long window effective asr']",26760
45,111,45_bilingual lexicon_bilingual_lexicon induction_bli,"['bilingual lexicon', 'bilingual', 'lexicon induction', 'bli', 'cross lingual', 'lingual', 'bilingual dictionary', 'induction', 'dictionary', 'clwe']","['lack absence parallel comparable corpora make bilingual lexicon extraction difficult task low resource language pivot language cognate recognition approach proven useful induce bilingual lexicon language propose constraint base bilingual lexicon induction closely related language extend constraint recent pivot base induction technique enable multiple symmetry assumption cycle reach many cognate transgraph identify cognate synonym obtain many many translation pair paper utilize four datasets one austronesian low resource language three indo european high resource language use three constraint base method previous work inverse consultation method translation pair generate cartesian product input dictionary baselines evaluate result use metric precision recall f score customizable approach allow user conduct cross validation predict optimal hyperparameters cognate threshold cognate synonym threshold various combination heuristic number symmetry assumption cycle gain high f score propose method statistically significant improvement precision f score compare previous constraint base method result show method demonstrate potential complement bilingual dictionary creation method like word alignment model use parallel corpus high resource language well handle low resource language', 'recent effort cross lingual word embed clwe learn predominantly focus fully unsupervised approach project monolingual embeddings share cross lingual space without cross lingual signal lack supervision make approach conceptually attractive yet core difference weakly supervise projection base clwe method way obtain seed dictionary use initialize iterative self learn procedure fully unsupervised method arguably become robust primary use case clwe induction pair resource poor distant language paper question ability even robust unsupervised clwe approach induce meaningful clwes challenge setting series bilingual lexicon induction bli experiment diverse language language pair show fully unsupervised clwe method still fail large number language pair e g yield zero bli performance pair even succeed never surpass performance weakly supervise method seed translation pair use self learning procedure bli setup gap often substantial finding call revisit main motivation behind fully unsupervised clwe method', 'create bilingual dictionary first crucial step enrich low resource language especially closely related one show constraint base approach useful induce bilingual lexicon two bilingual dictionary via pivot language however available machine readable dictionary input need consider manual creation bilingual native speaker reach goal comprehensively create multiple bilingual dictionary even already several exist machine readable bilingual dictionary still difficult determine execution order constraint base approach reduce total cost plan optimization crucial composing order bilingual dictionary creation consideration method cost formalize plan optimization create bilingual dictionary utilize markov decision process mdp goal get accurate estimation feasible optimal plan least total cost fully implement constraint base bilingual lexicon induction model prior beta distribution bilingual lexicon induction precision language similarity polysemy topology alpha beta parameter use model cost function state transition probability estimate cost investment plan baseline evaluate propose mdp base approach total cost evaluation metric utilizing posterior beta distribution first batch experiment construct prior beta distribution second batch experiment result show cost reduction compare estimate investment plan cost reduction compare estimate mdp optimal plan mdp base proposal outperform baseline total cost']",26760
46,110,46_coreference_coreference resolution_resolution_event coreference,"['coreference', 'coreference resolution', 'resolution', 'event coreference', 'mention', 'cdcr', 'cross document', 'anaphora', 'antecedent', 'anaphor']","['perform event entity coreference resolution across document vastly increase number candidate mention make intractable full n pairwise comparison exist approach simplify consider coreference within document cluster fail handle inter cluster coreference common many application result cross document coreference algorithm rarely apply downstream task draw insight discourse coherence theory potential coreference constrain reader discourse focus model entity event reader focus neighborhood within learned latent embed space minimizes distance mention centroid gold coreference cluster use neighborhood sample hard negative train fine grain classifier mention pair local discourse feature approach achieves state art result event entity ecb gun violence football coreference cross domain cross document coreference corpus furthermore train multiple corpus improve average performance across datasets f point lead robust coreference resolution model use downstream task link distribution unknown', 'datasets method cross document coreference resolution cdcr focus event entity strict coreference relation lack however annotate resolve coreference mention abstract loose relation may occur news article report controversial polarized event bridge loose coreference relation trigger association may lead expose news reader bias word choice label example coreferential mention direct talk u president donald trump kim extraordinary meeting follow month heat rhetoric great chance solve world problem form positive perception event step towards bring awareness bias word choice label reliable resolution coreference high lexical diversity propose unsupervised method name xcoref cdcr method capably resolve previously prevalent entity person e g donald trump also abstractly define concept group person caravan immigrant event action e g march u border extensive evaluation compare propose xcoref state art cdcr method previous method tca resolve complex coreference relation find xcoref outperforms method outperform establish cdcr model show new cdcr model need evaluate semantically complex mention loose coreference relation indicate applicability model resolve mention wild political news article', 'cross document event coreference resolution cdcr nlp task mention event need identify cluster throughout collection document cdcr aim benefit downstream multi document application despite recent progress corpus system development downstream improvement apply cdcr show yet make observation every cdcr system date develop train test single respective corpus raise strong concern generalizability must downstream application magnitude domain event mention likely exceed find curated corpus investigate assumption define uniform evaluation setup involve three cdcr corpus ecb gun violence corpus football coreference corpus reannotate token level make analysis possible compare corpus independent feature base system recent neural system develop ecb whilst inferior absolute number feature base system show consistent performance across corpus whereas neural system hit miss via model introspection find importance event action event time etc resolve coreference practice varies greatly corpora additional analysis show several system overfit structure ecb corpus conclude recommendation achieve generally applicable cdcr system future important evaluation multiple cdcr corpus strongly necessary facilitate future research release dataset annotation guideline system implementation public']",26760
47,110,47_query document_ir_trec_retrieval,"['query document', 'ir', 'trec', 'retrieval', 'query', 'query expansion', 'ranker', 'ranking', 'colbert', 'neural ir']","['learn high dimensional dense representation vocabulary term also know word embed recently attract much attention natural language processing information retrieval task embed vector typically learn base term proximity large corpus mean objective well know word embed algorithms e g word vec accurately predict adjacent word give word context however objective necessarily equivalent goal many information retrieval ir task primary objective various ir task capture relevance instead term proximity syntactic even semantic similarity motivation develop unsupervised relevance base word embed model learn word representation base query document relevance information paper propose two learning model different objective function one learn relevance distribution vocabulary set query classify term belong relevant non relevant class query train model use six million unique query top rank document retrieve response query assume relevant query extrinsically evaluate learn word representation model use two ir task query expansion query classification query expansion experiment four trec collection query classification experiment kdd cup dataset suggest relevance base word embed model significantly outperform state art proximity base embed model word vec glove', 'recent progress natural language understand nlu drive fast paced advance information retrieval ir largely owe fine tune deep language model lms document ranking remarkably effective ranking model base lms increase computational cost order magnitude prior approach particularly must fee query document pair massive neural network compute single relevance score tackle present colbert novel rank model adapts deep lm particular bert efficient retrieval colbert introduces late interaction architecture independently encode query document use bert employ cheap yet powerful interaction step model fine grain similarity delay yet retain fine granular interaction colbert leverage expressiveness deep lm simultaneously gain ability pre compute document representation offline considerably speed query processing beyond reduce cost ranking document retrieve traditional model colbert prune friendly interaction mechanism enable leverage vector similarity index end end retrieval directly large document collection extensively evaluate colbert use two recent passage search datasets result show colbert effectiveness competitive exist bert base model outperforms every non bert baseline execute two order magnitude faster require four order magnitude few flop per query', 'vital step towards widespread adoption neural retrieval model resource efficiency throughout train index query workflows neural ir community make great advancement train effective dual encoder dense retrieval dr model recently dense text retrieval model use single vector representation per query passage score match enables low latency first stage retrieval near neighbor search increasingly common training approach require enormous compute power either conduct negative passage sample continuously update refresh index require large batch size batch negative sampling instead rely compute capability introduce efficient topic aware query balance margin sampling technique call ta balance cluster query train sample query cluster per batch train lightweight layer dr model novel dual teacher supervision combine pairwise batch negative teacher method trainable single consumer grade gpu hour oppose common configuration x v show ta balance train method achieves state art low latency m per query result two trec deep learning track query set evaluate ndcg outperform bm plainly train dr doct query previous best dr model additionally ta balance produce first dense retriever outperform every method recall cutoff trec dl allow resource intensive ranking model operate few passage improve result']",26760
48,109,48_instruction_navigation_robot_vln,"['instruction', 'navigation', 'robot', 'vln', 'environment', 'natural instruction', 'spatial', 'command', 'action', 'vision navigation']","['many task domain require robot interpret act upon natural language command give people refer robot physical surroundings interpretation know variously symbol ground problem ground semantics grounded language acquisition problem challenge people employ diverse vocabulary grammar robot substantial uncertainty nature content surroundings make difficult associate constitutive language element principally noun phrase spatial relation command text element surroundings symbolic model capture linguistic structure scale successfully handle diverse language produce untrained user exist statistical approach well handle diversity date model complex linguistic structure limit achievable accuracy recent hybrid approach address limitation scale complexity effectively associate linguistic perceptual feature framework call generalized grounding graph g address issue define probabilistic graphical model dynamically accord linguistic parse structure natural language command approach scale effectively handle linguistic diversity enable system associate part command specific object place event external world refer show robot learn word meaning use learned meaning robustly follow natural language command produce untrained user demonstrate approach mobility command mobile manipulation command involve variety semi autonomous robotic platform include wheelchair micro air vehicle forklift willow garage pr', 'vision language navigation vln unique require turn relatively general natural language instruction robot agent action basis visible environment require extract value two different type natural language information first object description e g table door present tip agent determine next action find item visible environment second action specification e g go straight turn leave allow robot directly predict next movement without rely visual perception however exist method pay attention distinguish information instruction encode mix together match textual object action encode visual perception orientation feature candidate viewpoint paper propose object action aware model oaam process two different form natural language base instruction separately enable process match object center action center instruction counterpart visual perception action orientation flexibly however one side issue cause solution object mention instruction may observe direction two candidate viewpoint thus oaam may predict viewpoint short path next action handle problem design simple effective path loss penalize trajectory deviate ground truth path experimental result demonstrate effectiveness propose model path loss superiority combination spl score r r dataset cl score r r dataset unseen environment outperform previous state art', 'contemporary approach perception plan estimation control allow robot operate robustly remote surrogate uncertain unstructured environment progress create opportunity robot operate isolation also alongside humans complex environment realize opportunity require efficient flexible medium human communicate collaborative robot natural language provide one medium significant progress statistical method natural language understand robot able interpret diverse array free form command however contemporary approach require detailed prior spatial semantic map robot environment model space possible referent utterance consequently method fail robot deploy new previously unknown partially observed environment particularly mental model environment differ human operator robot paper provide comprehensive description novel learn framework allows field service robot interpret correctly execute natural language instruction priori unknown unstructured environment integral approach use language sensor infer spatial topological semantic information implicit utterance exploit information learn distribution latent environment model incorporate distribution probabilistic language ground model infer distribution symbolic representation robot action space use imitation learn identify belief space policy reason environment behavior distribution evaluate framework variety navigation mobile manipulation experiment']",26760
49,109,49_shot translation_unmt_multilingual nmt_multilingual neural,"['shot translation', 'unmt', 'multilingual nmt', 'multilingual neural', 'nmt', 'lrl', 'resource pair', 'zero shot', 'zero', 'neural machine']","['propose simple solution use single neural machine translation nmt model translate multiple language solution require change model architecture base system instead introduce artificial token begin input sentence specify require target language rest model include encoder decoder attention remain unchanged share across language use share wordpiece vocabulary approach enable multilingual nmt use single model without increase parameter significantly simpler previous proposal multilingual nmt method often improve translation quality involve language pair even keep total number model parameter constant wmt benchmark single multilingual model achieves comparable performance english rightarrow french surpasses state art result english rightarrow german similarly single multilingual model surpasses state art result french rightarrow english german rightarrow english wmt wmt benchmarks respectively production corpus multilingual model twelve language pair allow good translation many individual pair addition improve translation quality language pair model trained model also learn perform implicit bridging language pair never see explicitly train show transfer learning zero shot translation possible neural translation finally show analyse hint universal interlingua representation model show interesting example mix language', 'recent year neural machine translation nmt show effective phrase base statistical method thus quickly become state art machine translation mt however nmt system limit translate low resourced language due significant amount parallel data require learn useful mapping languages work show call multilingual nmt help tackle challenge associate low resourced language translation underlie principle multilingual nmt force creation hidden representation word share semantic space across multiple language thus enable positive parameter transfer across language along direction present multilingual translation experiment three language english italian romanian cover six translation direction utilize recurrent neural network transformer self attentive neural network focus zero shot translation problem leverage multi lingual data order learn translation direction cover available train material aim introduce recently propose iterative self training method incrementally improve multilingual nmt zero shot direction rely monolingual data result ted talk data show multilingual nmt outperforms conventional bilingual nmt transformer nmt outperform recurrent nmt zero shot nmt outperform conventional pivot method even match performance fully train bilingual system', 'recently universal neural machine translation nmt share encoder decoder gain good performance zero shot translation unlike universal nmt jointly train language specific encoders decoder aim achieve universal representation across non share module language language family non share architecture advantage mitigate internal language competition especially share vocabulary model parameter restrict size however performance use multiple encoders decoder zero shot translation still lag behind universal nmt work study zero shot translation use language specific encoders decoder propose generalize non share architecture universal nmt differentiate transformer layer language specific interlingua selectively share parameter apply cross attention explore maximize representation universality realize best alignment language agnostic information also introduce denoising auto encode dae objective jointly train model translation task multi task manner experiment two public multilingual parallel datasets show propose model achieve competitive good result universal nmt strong pivot baseline moreover experiment incrementally add new language train model update new model parameter little effort zero shot translation newly add language exist language achieve comparable result model train jointly scratch language']",26760
50,109,50_transition base_parser_transition_parse,"['transition base', 'parser', 'transition', 'parse', 'constituent', 'base parser', 'dependency parser', 'dependency parse', 'projective', 'dependency']","['syntactic dependency parse model may fall one two category transition graph base model former model enjoy high inference efficiency linear time complexity rely stack rank partially build parse tree build complete parse tree stuck slow training necessity dynamic oracle training latter graph base model may boast good performance unfortunately mar polynomial time inference paper propose novel parse order objective result novel dependency parse model capable global sentence scope feature extraction graph model linear time inference transitional model propose global greedy parser use two arc building action leave right arc projective parsing equip two extra non projective arc building action propose parser may also smoothly support non projective parse use multiple benchmark treebanks include penn treebank ptb conll x treebanks universal dependency treebanks evaluate parser demonstrate propose novel parser achieves good performance faster training decode', 'parse sentence syntax tree benefit downstream application nlp transition base parser build tree execute action state transition system computationally efficient leverage machine learn predict action base partial tree however exist transition base parser predominantly base shift reduce transition system align human know parse sentence psycholinguistic research suggest human parse strongly incremental human grow single parse tree add exactly one token step paper propose novel transition system call attach juxtapose strongly incremental represent partial sentence use single tree action add exactly one token partial tree base transition system develop strongly incremental parser step encode partial tree use graph neural network predicts action evaluate parser penn treebank ptb chinese treebank ctb ptb outperform exist parser trained constituency tree perform par state art parser use dependency tree additional training data ctb parser establishes new state art code available http github com princeton vl attach juxtapose parser', 'increasingly wide range artificial intelligence application rely syntactic information process extract mean natural language text speech constituent tree one widely use syntactic formalism produce phrase structure representation sentence natural language shift reduce constituent parser become one efficient approach increase accuracy speed still one main objective pursue research community artificial intelligence application make use parsing output machine translation voice assistant service improve performance goal mind propose article novel non binary shift reduce algorithm constituent parse parser follow classical bottom strategy unlike others straightforwardly create non binary branching one reduce transition instead require prior binarization sequence binary transition allow direct application language without need resource percolation table result use few transition per sentence exist transition base constituent parser become fast system consequence speed downstream application use static oracle training greedy search accuracy novel approach par state art transition base constituent parser outperform top bottom greedy shift reduce system wall street journal section english penn treebank penn chinese treebank additionally develop dynamic oracle training propose transition base algorithm achieve improvement benchmark obtain best accuracy date penn chinese treebank among greedy shift reduce parser']",26760
51,107,51_entity link_el_link_mention,"['entity link', 'el', 'link', 'mention', 'link el', 'entity disambiguation', 'entity', 'candidate entity', 'mention entity', 'link entity']","['entity link el task automatically identify entity mention piece text resolve correspond entity reference knowledge base like wikipedia large number el tool available different type document domains yet el remain challenge task lack precision particularly ambiguous mention often spoil usefulness automate disambiguation result real application priori approximation difficulty link particular entity mention facilitate flag critical case part semi automate el system detect latent factor affect el performance like corpus specific feature provide insight improve system base special characteristic underlie corpus paper first introduce consensus base method generate difficulty label entity mention arbitrary corpus difficulty label exploit train data supervise classification task able predict el difficulty entity mention use variety feature experiment corpus news article show el difficulty estimate high accuracy reveal also latent feature affect el performance finally evaluation result demonstrate effectiveness propose method inform semi automate el pipeline', 'neural entity link model powerful run risk overfitting domain train problem domain characterize genre text even factor specific particular distribution entity neural model tend overfit memorizing property frequent entity dataset tackle problem building robust entity link model generalize effectively rely label entity link data specific entity distribution rather predict entity directly approach model fine grain entity property help disambiguate even closely related entity derive large inventory type tens thousand wikipedia category use hyperlinked mention wikipedia distantly label data train entity type model test time classify mention type model use soft type prediction link mention similar candidate entity evaluate entity link system conll yago dataset hoffart et al show approach outperform prior domain independent entity link system also test approach harder set derive wikilinksned dataset eshel et al mention entity pair unseen test time result indicate approach generalizes well state art neural model dataset', 'benefit excellent ability neural network learn semantic representation exist study entity link el resort neural network exploit local mention entity compatibility global interdependence different el decision target entity disambiguation however neural collective el method depend entirely upon neural network automatically model semantic dependency different el decision lack guidance external knowledge paper propose novel end end neural network recurrent random walk layer collective el introduces external knowledge model semantic interdependence different el decision specifically first establish model base local context feature stack random walk layer reinforce evidence relate el decision high probability decision semantic interdependence candidate entity mainly induce external knowledge base finally semantic regularizer preserve collective el decision consistency incorporate conventional objective function external knowledge base fully exploit collective el decision experimental result depth analysis various datasets show model achieves well performance state art model code data release url http github com deeplearnxmu rrwel']",26760
52,107,52_chinese segmentation_cws_segmentation_chinese,"['chinese segmentation', 'cws', 'segmentation', 'chinese', 'glyph', 'chinese character', 'segmentation cws', 'character', 'criterion', 'multi criterion']","['realistic chinese word segmentation tool must adapt textual variation minimal training input yet robust enough yield reliable segmentation result variant various lexicon drive approach chinese segmentation e g achieve high f score yet require massive training variation text drive approach e g easily adapt domain genre change yet difficulty match high f score lexicon driven approach paper refine implement innovative text drive word boundary decision wbd segmentation model propose wbd model treat word segmentation simply efficiently binary decision whether realize natural textual break two adjacent character word boundary wbd model allow simple quick training data preparation convert character contextual vector learn word boundary decision machine learn experiment four different classifier show train vector million vector achieve comparable reliable result addition apply sighan bakeoff competition data wbd model produce oov recall rate higher publish result unlike previous work oov recall rate comparable f score experiment support claim wbd model realistic model chinese word segmentation easily adapt new variant robust result conclusion discus linguistic ramification well future implication wbd approach', 'single online handwritten chinese character recognition single olhccr achieve prominent performance however real application scenario user always write multiple chinese character form one complete sentence contextual information within character hold significant potential improve accuracy robustness efficiency sentence level olhccr work first propose simple straightforward end end network namely vanilla compositional network vcn tackle sentence level olhccr couple convolutional neural network sequence modeling architecture exploit handwritten character previous contextual information although vcn performs much well state art single olhccr model expose high fragility confront well write character sloppy write miss broken stroke improve robustness sentence level olhccr propose novel deep spatial temporal fusion network dstfn utilizes pre train autoregresssive framework backbone component project chinese character word embeddings integrate spatial glyph feature handwritten character contextual information multiple time multi layer fusion module also construct large scale sentence level handwrite dataset name csohd evaluate model extensive experiment result demonstrate dstfn achieves state art performance present strong robustness compare vcn exit single olhccr model depth empirical analysis case study indicate dstfn significantly improve efficiency handwrite input handwritten chinese character incomplete stroke recognize precisely', 'intuitive nlp task logographic language like chinese benefit use glyph information languages however due lack rich pictographic evidence glyph weak generalization ability standard computer vision model character data effective way utilize glyph information remain found paper address gap present glyce glyph vector chinese character representation make three major innovation use historical chinese script e g bronzeware script seal script traditional chinese etc enrich pictographic evidence character design cnn structure call tianzege cnn tailor chinese character image processing use image classification auxiliary task multi task learn setup increase model ability generalize show glyph base model able consistently outperform word char id base model wide range chinese nlp task able set new state art result variety chinese nlp task include tag ner cws po sentence pair classification single sentence classification task dependency parse semantic role label example propose model achieve f score ontonotes dataset ner bert achieves almost perfect accuracy fudan corpus text classification code find https github com shannonai glyce']",26760
53,105,53_style transfer_style_transfer_formality,"['style transfer', 'style', 'transfer', 'formality', 'target style', 'preservation', 'content preservation', 'transfer style', 'tst', 'unsupervised style']","['human naturally endow ability write particular style instance rephrase formal letter informal way convey literal message use figure speech edit novel mimicking style well know author automate form creativity constitute goal style transfer natural language generation task style transfer aim write exist text specifically create paraphrase exhibit desire stylistic attribute practical perspective envisions beneficial application like chat bot modulate communicative style appear empathetic system automatically simplify technical article non expert audience style transfer dedicate several style aware paraphrase method handful survey give methodological overview field support researcher focus specific style paper aim provide comprehensive discussion style receive attention transfer task organize hierarchy highlighting challenge definition point gap current research landscape hierarchy comprise two main group one encompass style people modulate arbitrarily along line register genre group correspond unintentionally express style due author personal characteristic hence review show group relate one another specific style include never explore belong hierarchy moreover summarize method employ different stylistic family hint researcher towards would fit future research', 'stylometry use profile deanonymize author base write style style transfer provide defence current technique typically use either encoder decoder architectures rule base algorithms crucially style transfer must reliably retain original semantic content actually deployable conduct multifaceted evaluation three state art encoder decoder style transfer techniques show fail semantic retainment particular produce appropriate paraphrase retain original content trivial case exactly reproduce text mitigate problem propose parchoice technique base combinatorial application multiple paraphrase algorithms parchoice strongly outperform encoder decoder baseline semantic retainment additionally compare baseline achieve non negligible semantic retainment parchoice superior style transfer performance also apply parchoice multi author style imitation consider prior work achieve imitation success among five author furthermore compare two state art rule base style transfer technique parchoice markedly well semantic retainment combine parchoice best performing rule base baseline mutant x also reach high style transfer success brennan greenstadt extend brennan greenstadt corpora much less impact original meaning use rule base baseline technique alone finally highlight critical problem afflict current style transfer technique adversary use technique thwart style transfer via adversarial training show add randomness style transfer help mitigate effectiveness adversarial training', 'unsupervised style transfer aim change style input sentence preserve original content without use parallel training data current dominant approach owe lack fine grain control influence target style unable yield desirable output sentence paper propose novel attentional sequence sequence seq seq model dynamically exploit relevance output word target style unsupervised style transfer specifically first pretrain style classifier relevance input word original style quantify via layer wise relevance propagation denoising auto encode manner train attentional seq seq model reconstruct input sentence repredict word level previously quantify style relevance simultaneously way model endow ability automatically predict style relevance output word equip decoder model neural style component exploit predict wordlevel style relevance well style transfer particularly fine tune model use carefully design objective function involve style transfer style relevance consistency content preservation fluency model loss term experimental result show proposed model achieve state art performance term transfer accuracy content preservation']",26760
54,105,54_alexa prize_prize_socialbot_alexa,"['alexa prize', 'prize', 'socialbot', 'alexa', 'conversational agent', 'conversational', 'open domain', 'agent', 'prize competition', 'chatbot']","['conversational system typically focus functional task schedule appointment create todo list instead design evaluate slugbot sb one semifinalist alexaprize whose goal support casual open domain social inter action novel application require broad topic coverage engage interactive skill develop new technical approach meet demand situation crowd source novel content introduce playful conversational strategy base storytelling game collect conversation august part alexa prize competition also conduct lab follow qualitative evaluation user find sb moderately engage conversation average minute involve user turn however user react differently different conversation subtypes storytelling game evaluate positively see entertain predictable interactive structure also lead user impute personality intelligence sb contrast search general chit chat induce coverage problem user find hard infer topic sb could understand conversation see system driven theoretical design implication suggest move away conversational system simply provide factual information future system design opinion personal story share sb provide example might achieve', 'conversational agent explode popularity however much work remain area non goal orient conversation despite significant growth research interest recent year advance state art conversational ai amazon launch alexa prize million dollar university competition sixteen select university team build conversational agent deliver best social conversational experience alexa prize provide academic community unique opportunity perform research live system use million user subjectivity associate evaluate conversation key element underlying challenge building non goal orient dialogue system paper propose comprehensive evaluation strategy multiple metric design reduce subjectivity select metric correlate well human judgement propose metric provide granular analysis conversational agent capture human rating show metric use reasonable proxy human judgment provide mechanism unify metric select top performing agent also apply throughout alexa prize competition knowledge date large set evaluate agent million conversation hundred thousand rating user believe work step towards automatic evaluation process conversational ai', 'open domain dialogue system alquist goal conduct coherent engage conversation consider one benchmarks social intelligence fourth version system develop within alexa prize socialbot grand challenge bring two main innovation first address coherence second address engagingness conversation innovation regard coherence propose novel hybrid approach combine hand design response generative model propose approach utilizes hand design dialogue domain detection neural response generator hand design dialogue walk user high quality conversational flow domain detection recognize user diverges predefined flow prevents system produce script response might make sense unexpected user input finally neural response generator generate response base context dialogue correctly react unexpected user input return dialogue boundary hand design dialogue innovation engagement propose mostly inspire famous exploration exploitation dilemma conduct engage conversation dialogue partner one learn preference interest exploration moreover engage partner utilize knowledge already learn exploitation work present principle inner working individual component open domain dialogue system alquist develop within alexa prize socialbot grand challenge experiment conduct evaluate']",26760
55,102,55_prune_compression_compress_quantization,"['prune', 'compression', 'compress', 'quantization', 'exit', 'glue', 'pruning', 'bert', 'mobilebert', 'hardware']","['transformer base pre trained language model significantly improve performance various natural language processing nlp task recent year effective prevalent model usually prohibitively large resource limit deployment scenario thread research thus work apply network prune technique pretrain finetune paradigm widely adopt nlp however exist prune result benchmark transformer bert remarkable pruning result literature convolutional neural network cnns particular common wisdom prune cnn state sparse prune technique compress model obtain reduce number channel layer elsen et al zhu gupta exist work sparse prune bert yield inferior result small dense counterpart tinybert jiao et al work aim fill gap study knowledge transfer lose pre train fine tune prune process propose knowledge aware sparse pruning process achieve significantly superior result exist literature show first time sparse prune compress bert model significantly reduce number channel layer experiment multiple data set glue benchmark show method outperform leading competitor time weight flop compression neglectable loss prediction accuracy', 'transformer base language model bert provide significant accuracy improvement multitude natural language processing nlp task however hefty computational memory demand make challenge deploy resource constrain edge platform strict latency requirement present edgebert depth algorithm hardware co design latency aware energy optimization multi task nlp edgebert employ entropy base early exit predication order perform dynamic voltage frequency scale dvfs sentence granularity minimal energy consumption adhere prescribe target latency computation memory footprint overhead alleviate employ calibrate combination adaptive attention span selective network prune float point quantization furthermore order maximize synergistic benefit algorithms always intermediate edge compute setting specialize nm scalable hardware accelerator system integrate fast switch low dropout voltage regulator ldo digital phase lock loop adpll well high density embed non volatile memory envms wherein sparse float point bit encoding share multi task parameter carefully store altogether latency aware multi task nlp inference acceleration edgebert hardware system generate x x x low energy compare conventional inference without early stopping latency unbounded early exit approach cuda adaptation nvidia jetson tegra x mobile gpu respectively', 'pre train language model e g bert achieve impressive result different natural language processing task large number parameter suffer big computational memory cost make difficult real world deployment therefore model compression necessary reduce computation memory cost pre train model work aim compress bert address follow two challenging practical issue compression algorithm able output multiple compressed model different sizes latency order support device different memory latency limitation algorithm downstream task agnostic compress model generally applicable different downstream task leverage technique neural architecture search na propose nas bert efficient method bert compression na bert train big supernet search space contain variety architecture output multiple compressed model adaptive sizes latency furthermore train nas bert conduct standard self supervise pre training task e g mask language model depend specific downstream task thus compress model use across various downstream task technical challenge na bert train big supernet pre training task extremely costly employ several technique include block wise search search space prune performance approximation improve search efficiency accuracy extensive experiment glue squad benchmark datasets demonstrate na bert find lightweight model well accuracy previous approach directly apply different downstream task adaptive model size different requirement memory latency']",26760
56,101,56_link prediction_knowledge graph_kg_graph completion,"['link prediction', 'knowledge graph', 'kg', 'graph completion', 'kge', 'completion', 'triple', 'graph embed', 'entity relation', 'transe']","['translation base embed model gain significant attention link prediction task knowledge graphs transe primary model among translation base embeddings well know low complexity high efficiency therefore earlier work modify score function transe approach order improve performance link prediction task nevertheless proven theoretically experimentally performance transe strongly depend loss function margin rank loss mrl one early loss function widely use training transe however score positive triple necessarily enforce sufficiently small fulfill translation head tail use relation vector original assumption transe tackle problem several loss function propose recently add upper bound low bound score positive negative sample although highly effective previously develop model suffer expansion search space selection hyperparameters particular upper low bound score performance translation base model highly dependent paper propose new loss function dub adaptive margin loss aml train translation base embed model formulation propose loss function enable adaptive automated adjustment margin learn process therefore instead obtain two value upper bound low bound center margin need determine learn margin expand automatically converges experiment set standard benchmark datasets include freebase wordnet effectiveness aml confirm training transe link prediction task', 'knowledge graph kg alignment task recognize entity refer thing different kg recognize one important operation field kg construction completion however exist alignment technique often assume input kg complete isomorphic true due real world heterogeneity domain size sparsity work address problem align incomplete kg representation learn kg embed framework exploit two feature channel transitivity base proximity base former capture consistency constraint entity via translation path latter capture neighbourhood structure kg via attention guide relation aware graph neural network two feature channel jointly learn exchange important feature input kgs enforce output representation input kgs embed space also develop miss link detector discover recovers miss link input kgs training process help mitigate incompleteness issue thus improve compatibility learn representation embeddings fuse generate alignment result high confidence match node pair update pre align supervision data improve embeddings gradually empirical result show model accurate sota robust different level incompleteness also demonstrate knowledge exchange kg help reveal unseen fact knowledge graphs k knowledge completion result high sota knowledge graph completion technique', 'knowledge graph embed kge aim learn representation entity relation kge model gain great success especially extrapolation scenario specifically give unseen triple h r train model still correctly predict h r h r extrapolation ability impressive however exist kge work focus design delicate triple model function mainly tell u measure plausibility observe triple offer limited explanation method extrapolate unseen data important factor help kge extrapolate therefore work attempt study kge extrapolation two problem kge extrapolate unseen data design kge model good extrapolation ability problem first discuss impact factor extrapolation relation entity triple level respectively propose three semantic evidence ses observed train set provide important semantic information extrapolation verify effectiveness s extensive experiment several typical kge method problem make good use three level se propose novel gnn base kge model call semantic evidence aware graph neural network se gnn se gnn level se model explicitly correspond neighbor pattern merge sufficiently multi layer aggregation contributes obtain extrapolative knowledge representation finally extensive experiment fb k wn rr datasets show se gnn achieves state art performance knowledge graph completion task performs good extrapolation ability']",26760
57,101,57_dst_slot_dialogue track_slot value,"['dst', 'slot', 'dialogue track', 'slot value', 'tracker', 'track', 'track dst', 'multiwoz', 'goal accuracy', 'tracking']","['recent effort dialogue state track dst task orient dialogue progress toward open vocabulary generation base approach model generate slot value candidate dialogue history approach show good performance gain especially complicate dialogue domain dynamic slot value however fall short two aspect allow model explicitly learn signal across domain slot detect potential dependency among domain slot pair exist model follow auto regressive approach incur high time cost dialogue evolve multiple domain multiple turn paper propose novel framework non autoregressive dialog state track nadst factor potential dependency among domain slot optimize model towards good prediction dialogue state complete set rather separate slot particular non autoregressive nature method enable decode parallel significantly reduce latency dst real time dialogue response generation also detect dependency among slot token level addition slot domain level empirical result show model achieves state art joint accuracy across domain multiwoz corpus latency model order magnitude lower previous state art dialogue history extend time', 'dialogue state track dst core component virtual assistant alexa siri accomplish various task assistant need support increase number service apis schema guide state track track th dialogue system technology challenge highlight dst problem unseen service organizer introduce schema guide dialogue sgd dataset multi domain conversation release zero shot dialogue state track model work propose goal orient multi task bert base dialogue state tracker golomb inspire architecture read comprehension question answer system model query dialogue history description slot service well possible value slot allow transfer slot value multi domain dialogue capability scale unseen slot type model achieves joint goal accuracy sgd dataset outperform baseline model', 'goal dialogue state track dst predict current dialogue state give previous dialogue context exist approach generally predict dialogue state every turn scratch however overwhelming majority slot turn simply inherit slot value previous turn therefore mechanism treat slot equally turn inefficient also may lead additional error redundant slot value generation address problem devise two stage ds dst consist dual slot selector base current turn dialogue slot value generator base dialogue history dual slot selector determine slot whether update slot value inherit slot value previous turn two aspect strong relationship current turn dialogue utterance slot value high reliability obtain current turn dialogue slot select updated permit enter slot value generator update value hybrid method slot directly inherit value previous turn empirical result show method achieves joint accuracy multiwoz multiwoz multiwoz datasets respectively achieve new state art performance significant improvement']",26760
58,101,58_financial_stock_price_market,"['financial', 'stock', 'price', 'market', 'stock price', 'investor', 'stock market', 'company', 'financial news', 'financial sentiment']","['stock market forecast important planning business activity stock price prediction attract many researcher multiple discipline include computer science statistic economics finance operation research recent study show vast amount online information public domain wikipedia usage pattern news story mainstream medium social medium discussion observable effect investor opinion towards financial market reliability computational model stock market prediction important sensitive economy directly lead financial loss paper retrieve extracted analyzed effect news sentiment stock market main contribution include development sentiment analysis dictionary financial sector development dictionary base sentiment analysis model evaluation model gauge effect news sentiment stock pharmaceutical market use news sentiment achieve directional accuracy predict trend short term stock price movement', 'stock market popular topic interest recent past growth inflation rate compel people invest stock commodity market area rather save ability deep learning model make prediction time series data proven time technical analysis stock market help technical indicator common practice among trader investor one aspect sentiment analysis emotion investor show willingness invest variety technique use people around globe involve basic machine learn neural network range basic linear regression advance neural network people experiment possible technique predict stock market evident recent event news headline affect stock market cryptocurrencies paper propose ensemble state art method predict stock price firstly sentiment analysis news headline company apple inc list nasdaq perform use version bert pre train transformer model google natural language processing nlp afterward generative adversarial network gan predict stock price apple inc use technical indicator stock index various country commodities historical price along sentiment score comparison do baseline model like long short term memory lstm gate recurrent unit gru vanilla gan auto regressive integrate moving average arima model', 'predict stock market movement well know problem interest day social medium perfectly represent public sentiment opinion current event especially twitter attract lot attention researcher study public sentiment stock market prediction basis public sentiment express twitter intriguing field research previous study conclude aggregate public mood collect twitter may well correlate dow jones industrial average index djia thesis work observe well change stock price company rise fall correlate public opinion express tweet company understand author opinion piece text objective sentiment analysis present paper employ two different textual representation word vec n gram analyze public sentiment tweet paper apply sentiment analysis supervise machine learning principle tweet extract twitter analyze correlation stock market movement company sentiments tweet elaborate way positive news tweet social medium company would definitely encourage people invest stock company result stock price company would increase end paper show strong correlation exists rise fall stock price public sentiment tweet']",26760
59,100,59_sql_sql query_spider_database,"['sql', 'sql query', 'spider', 'database', 'wikisql', 'schema', 'query', 'nl', 'database schema', 'column']","['recently significant progress study neural network translate text description sql query despite achieve good performance public benchmarks exist text sql model typically rely lexical matching word natural language nl question token table schema may render model vulnerable attack break schema link mechanism work investigate robustness text sql model synonym substitution particular introduce spider syn human curated dataset base spider benchmark text sql translation nl question spider syn modify spider replace schema relate word manually select synonym reflect real world question paraphrase observe accuracy dramatically drop eliminate explicit correspondence nl question table schemas even synonyms adversarially select conduct bad case adversarial attack finally present two category approach improve model robustness first category approach utilizes additional synonym annotation table schemas modify model input second category base adversarial training demonstrate category approach significantly outperform counterpart without defense first category approach effective', 'use technology increase data analysis become integral many business ability quickly access interpret data become important ever information retrieval technology utilized organization company manage information system process despite information retrieval large amount data efficient organize relational database user still need master db language schema completely formulate query put burden organization company hire employee proficient db languages schemas formulate query reduce burden already overstretch data team many organization look tool allow non developer query databases unfortunately write valid sql query answer question user try ask always easy even seemingly simple question like start company receive fund actually hard answer let alone convert sql query define start company size location duration time incorporate may fine user work database already familiar user familiar database need centralized system effectively translate natural language query specific database query different customer database type number factor dramatically affect system architecture set algorithm use translate nl query structure query representation', 'natural language interface databases nlidbs user pose query natural language nl crucial enable non expert gain insight data develop interface contrast dependent expert often code heuristic map nl sql alternatively nlidbs base machine learn model rely supervise example nl sql mapping nl sql pair use train data example procure use expert typically involve one interaction namely data domain nlidb deployed may different characteristic therefore require either dedicate heuristic domain specific training example end propose alternative approach training machine learn base nlidbs use weak supervision use recently propose question decomposition representation call qdmr intermediate nl formal query languages recent work show non expert generally successful translate nl qdmr consequently use nl qdmr pair along question answer supervision automatically synthesize sql query nl question synthesize sql use train nl sql model test five benchmark datasets extensive experiment show solution require zero expert annotation performs competitively model train expert annotate data']",26760
60,95,60_gec_grammatical error_error correction_correction gec,"['gec', 'grammatical error', 'error correction', 'correction gec', 'correction', 'grammatical', 'error', 'error detection', 'bea', 'jfleg']","['grammar error correction gec important application aspect natural language processing technique past decade witness significant progress achieve gec sake increase popularity machine learn deep learning especially late near human level gec system available however prior work focus whole recapitulation progress present first survey gec comprehensive retrospect literature area first give introduction five public datasets data annotation schema two important share task four standard evaluation metric importantly discuss four kind basic approach include statistical machine translation base approach neural machine translation base approach classification base approach language model base approach six commonly apply performance boost technique gec system two data augmentation method since gec typically view sister task machine translation many gec system base neural machine translation nmt approach neural sequence sequence model apply similarly performance boost technique adapt machine translation successfully combine gec system enhancement final performance furthermore conduct analysis level basic approach performance boost technique integrate gec system base experiment result respectively clear pattern conclusion finally discuss five prospective direction future gec research', 'grammatical error correction gec aim correct write error help language learner improve write skill however exist gec model tend produce spurious correction fail detect lots error quality estimation model necessary ensure learner get accurate gec result avoid mislead poorly correct sentence well trained gec model generate several high quality hypothesis decode beam search provide valuable gec evidence use evaluate gec quality however exist model neglect possible gec evidence different hypothesis paper present neural verification network vernet gec quality estimation multiple hypothesis vernet establishes interaction among hypothesis reason graph conduct two kind attention mechanism propagate gec evidence verify quality generate hypothesis experiment four gec datasets show vernet achieves state art grammatical error detection performance achieve best quality estimation result significantly improve gec performance reranking hypothesis data source code available https github com thunlp vernet', 'grammatical error correction gec recently model use sequence sequence framework however unlike sequence transduction problem machine translation gec suffers lack plentiful parallel data describe two approach generate large parallel datasets gec use publicly available wikipedia data first method extract source target pair wikipedia edit history minimal filtration heuristic second method introduces noise wikipedia sentence via round trip translation bridge languages strategy yield similar size parallel corpus contain around b token employ iterative decoding strategy tailor loosely supervised nature construct corpora demonstrate neural gec model train use either type corpus give similar performance fine tune model lang corpus ensembling allow u surpass state art conll benchmark jfleg task provide systematic analysis compare two approach data generation highlight effectiveness ensembling']",26760
61,95,61_rst_implicit relation_connective_pdtb,"['rst', 'implicit relation', 'connective', 'pdtb', 'marker', 'rhetorical', 'implicit', 'rst parse', 'explicit relation', 'rhetorical rst']","['previous data drive work investigate type distribution discourse relation signal include discourse marker however phrase result focus relative frequency signal word within outside text discourse relation approach allow u quantify signal strength individual instance signal scale e g less discourse relevant instance assess distribution ambiguity signal identify word hinder discourse relation identification context anti signal distractors paper present data driven approach signal detection use distantly supervise neural network develop metric delta delta softmax quantify signal strength range rely recent advance contextualized word embeddings metric represent word positive negative contribution identifiability relation specific instance context base english corpus annotate discourse relation use rhetorical structure theory signal type annotation anchor specific token analysis examine reliability metric place overlap differs human judgment implication identify feature neural model may need order perform well automatic discourse relation classification', 'discourse annotate corpora important resource community often annotate accord different framework make comparison annotation difficult thereby also prevent researcher search corpus unified way use annotate data jointly train computational system several theoretical proposal recently make map relational label different framework proposal far validate exist annotation two large discourse relation annotate resource penn discourse treebank rhetorical structure theory discourse treebank however annotate text allow direct comparison annotation layer propose method automatically align discourse segment evaluate exist mapping proposal compare empirically observe propose mapping analysis highlight influence segmentation subsequent discourse relation labeling show agreement framework reasonable explicit relation agreement implicit relation low identify several source systematic discrepancy two annotation scheme discuss consequence discrepancy future annotation training automatic discourse relation labellers', 'due great importance deep natural language understand various stream application text level parse discourse rhetorical structure drs draw attention recent year however previous study text level discourse parse adopt bottom approach much limit drs determination local information fail well benefit global information overall discourse paper justify computational perceptive point view top architecture suitable text level drs parse basis propose top neural architecture toward text level drs parse particular cast discourse parse recursive split point rank task split point classify different level accord rank elementary discourse unit edus associate arrange accordingly way determine complete drs hierarchical tree structure via encoder decoder internal stack experimentation english rst dt corpus chinese cdtb corpus show great effectiveness propose top approach towards text level drs parse']",26760
62,91,62_retriever_domain question_open domain_domain qa,"['retriever', 'domain question', 'open domain', 'domain qa', 'passage', 'odqa', 'qa', 'reader', 'open', 'retrieve']","['exist approach open domain question answer qa typically design question require either single hop multi hop reason make strong assumption complexity question answer also multi step document retrieval often incur high number relevant non support document dampen downstream noise sensitive reader module answer extraction address challenge propose unified qa framework answer hop open domain question iteratively retrieve reranks filter document adaptively determine stop retrieval process improve retrieval accuracy propose graph base reranking model perform multi document interaction core iterative reranking framework method consistently achieve performance comparable good state art single hop multi hop open domain qa datasets include natural question open squad open hotpotqa', 'information seek essential step open domain question answer efficiently gather evidence large corpus recently iterative approach proven effective complex question recursively retrieve new evidence step however almost exist iterative approach use predefined strategy either apply retrieval function multiple time fix order different retrieval function cannot fulfill diverse requirement various question paper propose novel adaptive information seek strategy open domain question answer namely aiso specifically whole retrieval answer process model partially observe markov decision process three type retrieval operation e g bm dpr hyperlink one answer operation define action accord learned policy aiso could adaptively select proper retrieval action seek miss evidence step base collect evidence reformulate query directly output answer evidence set sufficient question experiment squad open hotpotqa fullwiki serve single hop multi hop open domain qa benchmarks show aiso outperforms baseline method predefined strategy term retrieval answer evaluation', 'current open domain question answer odqa model paradigm often contain retrieve module reading module give input question reading module predict answer relevant passage retrieve retriever recent propose fusion decoder fid build top pretrained generative model achieves state art performance reading module although effective remains constrain inefficient attention retrieve passage contain lot noise work propose novel method kg fid filter noisy passage leverage structural relationship among retrieved passage knowledge graph initiate passage node embed fid encoder use graph neural network gnn update representation reranking improve efficiency build gnn top intermediate layer output fid encoder pas top reranked passage high layer encoder decoder answer generation also apply propose gnn base reranking method enhance passage retrieval result retrieve module extensive experiment common odqa benchmark datasets natural question triviaqa demonstrate kg fid improve vanilla fid answer exact match score achieve comparable performance fid computation cost']",26760
63,88,63_kbqa_answer knowledge_kb_complex question,"['kbqa', 'answer knowledge', 'kb', 'complex question', 'knowledge base', 'answer kbqa', 'base question', 'kgqa', 'qa', 'kb qa']","['knowledge base question answer kbqa task volve complex reason emerge important search direction however kbqa system struggle withgeneralizability particularly two dimension acrossmultiple reason types datasets system haveprimarily focus multi hop reason b across mul tiple knowledge base kbqa approach specif ically tune single knowledge base paper wepresent sygma modular approach facilitate general izability across multiple knowledge base multiple rea soning type specifically sygma contains three high levelmodules kb agnostic question understand module thatis common across kb rule support additional reason ing type kb specific question mapping answeringmodule address kb specific aspect answer ex traction demonstrate effectiveness system evalu ating datasets belong two distinct knowledge base dbpedia wikidata addition demonstrate extensi bility additional reasoning type evaluate multi hopreasoning datasets new temporal kbqa benchmarkdataset wikidata namedtempqa wd introduce thispaper show generalizable approach bettercompetetive performance multiple datasets dbpediaand wikidata require multi hop temporal rea soning', 'complex question answer knowledge base complex kbqa challenge require various compositional reasoning capability multi hop inference attribute comparison set operation etc exist benchmark shortcoming limit development complex kbqa provide qa pair without explicit reason process question either generate template lead poor diversity small scale end introduce kqa pro large scale dataset complex kbqa define compositional highly interpretable formal format name program represent reason process complex question propose compositional strategy generate question correspond sparqls program small number template paraphrase generate question natural language question nlq crowdsourcing give rise around k diverse instance sparql program depict two complementary solution answer complex question benefit large spectrum qa method besides qa task kqa pro also serve semantic parse task far know currently large corpus nlq sparql nlq program conduct extensive experiment evaluate whether machine learn answer complex question different case qa supervision intermediate sparql program supervision find state art kbqa method learn qa pair perform poor dataset imply question challenge previous datasets however pretrained model learn nlq sparql nlq program annotation surprisingly achieve answer accuracy even close human expert performance', 'knowledge base question answer kbqa aim answer userquestions knowledge base kb identify reasoningrelations topic entity answer complex branchtask kbqa multi hop kgqa require reason multi hop relational chain preserve kg arrive right answer despite success make recent year exist work onanswering multi hop complex question face follow challenge suffer poor performance due neglect explicit relational chain order relational type reflect inuser question ii fail consider implicit relation thetopic entity answer imply structured kg oflimited neighborhood size constraint subgraph retrieval base algorithms address issue multi hop kgqa proposea novel model paper namely relational chain base embed ded kgqa rce kgqa simultaneously utilizes explicitrelational chain describe natural language question implicit relational chain store structured kg extensiveempirical study two open domain benchmark prove ourmethod significantly outperforms state art counterpartslike graftnet pullnet embedkgqa comprehensive ablation experiment also verify effectiveness method multi hop kgqa task make model source code availableat github http github com albert jin rce kgqa']",26760
64,88,64_subject verb_agreement_verb agreement_verb,"['subject verb', 'agreement', 'verb agreement', 'verb', 'rnns', 'syntactic', 'number agreement', 'grammatical', 'island', 'subject']","['state art lstm language model train large corpus learn sequential contingency impressive detail show acquire number non local grammatical dependency success investigate whether supervision hierarchical structure enhances learn range grammatical dependency question previously address subject verb agreement use control experimental method psycholinguistics compare performance word base lstm model versus two model represent hierarchical structure deploy leave right processing recurrent neural network grammar rnngs dyer et al incrementalized version parse language model configuration chariak et al model test diverse range configuration two class non local grammatical dependency english negative polarity license filler gap dependency use train data across model find structurally supervise model outperform lstm rnng demonstrate best result type grammatical dependency even learn many island constraint filler gap dependency structural supervision thus provide data efficiency advantage purely string base train neural language model acquire human like generalization non local grammatical dependency', 'previous work suggest rnns trained natural language corpus capture number agreement well simple sentence perform less well sentence contain agreement attractor intervene nouns verb main subject grammatical number opposite latter suggests model may learn actual syntax agreement rather infer shallow heuristic agree recent noun work investigate rnn model vary inductive bias train selectively choose hard agreement instance e sentence least one agreement attractor verb number cannot predict use simple linear heuristic hence might help provide model additional cue hierarchical syntax rnns learn underlying agreement rule train hard instance generalize well sentence include simpler one however observe several rnn type include onlstm soft structural inductive bias surprisingly fail perform well sentence without attractor train solely sentences attractor analyze selectively trained rnns compare baseline training natural distribution agreement attractor along dimension number agreement accuracy representational similarity performance across different syntactic construction finding suggest rnns train hard agreement instance still capture underlie syntax agreement rather tend overfit training distribution way lead perform poorly easy distribution instance thus rnns powerful model pick non trivial dependency pattern induce level syntax rather surface remain challenge', 'recurrent neural network rnns trained language model task show acquire number non local grammatical dependency success provide new evidence rnn language model sensitive hierarchical syntactic structure investigate filler gap dependency constraint know syntactic island previous work inconclusive whether rnns learn attenuate expectation gap island construction particular sufficiently complex syntactic environment paper give new evidence former provide control study lack far demonstrate two state art rnn model able maintain filler gap dependency unbounded sentential embeddings also sensitive hierarchical relationship filler gap next demonstrate model able maintain possessive pronoun gender expectation island construction control case rule possibility island construction block information flow network also evaluate three untested island constraint coordination islands leave branch island sentential subject island model able learn leave branch island learn coordination island gradiently fail learn sentential subject islands control new test provide evidence model behavior due finer grain expectation gross syntactic complexity also model conspicuously un humanlike performance characteristic']",26760
65,87,65_sentence representation_sts_textual similarity_sentence embed,"['sentence representation', 'sts', 'textual similarity', 'sentence embed', 'senteval', 'semantic textual', 'sentence encoders', 'representation sentence', 'similarity sts', 'dct']","['semantic sentence embeddings usually supervisedly built minimize distance pairs embeddings sentence label semantically similar annotator since big label datasets rare particular non english language expensive recent study focus unsupervised approach require pair input sentence instead propose language independent approach build large datasets pair informal text weakly similar without manual human effort exploit twitter intrinsic powerful signal relatedness reply quote tweet use collect pair train transformer model triplet like structure test generate embeddings twitter nlp similarity task pit turl stsb also introduce four new sentence ranking evaluation benchmark informal text carefully extract initial collection tweet prove best model learn classical semantic textual similarity also excel task pair sentence exact paraphrase ablation study reveal increase corpus size influence positively result even sample suggest big collection tweet still contain redundant information semantic similarity', 'pair base metric learn widely adopt learn sentence embed many nlp task semantic text similarity due efficiency computation exist work employ sequence encoder model utilized limited sentence pair pair base loss learn discriminate sentence representation however know sentence representation bias sampled sentence pair deviate true distribution sentence pair paper theoretical analysis show exist work severely suffer good pair sample instance weight strategy instead one time pair selection learn equal weighted pair propose unified locality weight learn framework learn task specific sentence embed model sentpwnet exploit neighbor spatial distribution sentence locality weight indicate informative level sentence pair weight update along pair loss optimization round ensure model keep learn informative sentence pair extensive experiment four public available datasets self collected place search benchmark million place clearly demonstrate model consistently outperform exist sentence embed method comparable efficiency', 'consensus maximisation learn provide self supervision different view available data distributional hypothesis provide another form useful self supervision adjacent sentence plentiful large unlabelled corpus motivate observation different learning architecture tend emphasise different aspect sentence mean present new self supervise learn framework learn sentence representation minimise disagreement two view sentence one view encode sentence recurrent neural network rnn view encodes sentence simple linear model learn individual view network result high quality sentence representation single view learnt counterpart learn use distributional hypothesis judge performance standard downstream task ensemble view provide even good generalisation supervise unsupervised downstream task also importantly ensemble view train consensus maximisation two different architecture performs better downstream task analogous ensemble make single view train counterpart']",26760
66,86,66_qg_question generation_generate question_generation qg,"['qg', 'question generation', 'generate question', 'generation qg', 'automatic question', 'question', 'neural question', 'aqg', 'question generator', 'answer aware']","['question generation qg task generate plausible question give passage answer pair template base qg us linguistically inform heuristic transform declarative sentence interrogatives whereas supervise qg us exist question answer qa datasets train system generate question give passage answer disadvantage heuristic approach generate question heavily tie declarative counterpart disadvantage supervise approach heavily tie domain language qa dataset use training data order overcome shortcoming propose unsupervised qg method use question generate heuristically summary source training data qg system make use freely available news summary data transform declarative summary sentence appropriate question use heuristic informed dependency parse name entity recognition semantic role label result question combine original news article train end end neural qg model extrinsically evaluate approach use unsupervised qa qg model use generate synthetic qa pair train qa model experimental result show trained k english wikipedia base synthetic qa pair qa model substantially outperform previous unsupervised model three domain datasets squad natural question triviaqa three domain datasets newsqa bioasq duorc demonstrate transferability approach', 'ability ask question important human machine intelligence learn ask question help knowledge acquisition improve question answer machine read comprehension task help chatbot keep conversation flow human exist question generation model ineffective generate large amount high quality question answer pair unstructured text since give answer input passage question generation inherently one many map paper propose answer clue style aware question generation ac qg aim automatically generate high quality diverse question answer pair unlabeled text corpus scale imitate way human ask question system consist information extractor sample text multiple type assistive information guide question generation ii neural question generator generate diverse controllable question leverage extract assistive information iii neural quality controller remove low quality generate data base text entailment compare question generation model exist approach resort voluntary human evaluation assess quality generate question answer pair evaluation result suggest system dramatically outperform state art neural question generation model term generation quality scalable meantime model train relatively small amount data generate million quality assure question answer pair million sentence find wikipedia', 'work focus task automatic question generation aqg give passage answer task generate correspond question desire generated question grammatically correct ii answerable passage iii specific give answer analysis exist aqg model show produce question adhere one mention quality particular generate question look like incomplete draft desire question clear scope refinement alleviate shortcoming propose method try mimic human process generate question first create initial draft refining specifically propose refine network refnet contain two decoder second decoder use dual attention network pay attention original passage ii question initial draft generate first decoder effect refine question generate first decoder thereby make correct complete evaluate refnet three datasets textit viz squad hotpot qa drop show outperform exist state art method datasets lastly show improve quality second decoder specific metric fluency answerability explicitly reward revision improve correspond metric training code make publicly available footnote http github com prekshanema refnet qg']",26760
67,85,67_calculus_automaton_proof_lambek,"['calculus', 'automaton', 'proof', 'lambek', 'mathcal', 'linear logic', 'theorem', 'logic', 'lambek calculus', 'decidable']","['study finite first order satisfiability fsat constructive setting dependent type theory employ synthetic account enumerability decidability give full classification fsat depend first order signature non logical symbol one hand development focus trakhtenbrot theorem state fsat undecidable soon signature contain least binary relation symbol proof proceeds many one reduction chain start post correspondence problem hand establish decidability fsat monadic first order logic e signature contain unary function relation symbol well enumerability fsat arbitrary enumerable signature showcase application trakhtenbrot theorem continue reduction chain many one reduction fsat separation logic result mechanise framework grow coq library synthetic undecidability proof', 'continuous constraint satisfaction problem ccsp constraint satisfaction problem csp domain u subset mathbb r engage systematic study classify ccsps complete existential theory real e er complete define class first consider problem etr also stand existential theory real instance problem give sentence form exist x ldots x n mathbb r phi x ldots x n phi well form quantifier free formula consist symbol cdot geq wedge vee neg goal check whether sentence true class er family problem admit polynomial time reduction etr know np subseteq er subseteq pspace restrict attention ccsps addition constraint x z mild technical condition previously show multiplication constraint x cdot z square constraint x inversion constraint x cdot sufficient establish er completeness extend strong possible sense equality constraint follow show ccsps addition constraint mild technical condition one well behave curve equality constraint f x er complete extend result inequality constraints show well behave convexly curve well behave concavely curve inequality constraint f x geq g x geq imply er completeness class ccsps apply finding geometric pack answer open question abrahamsen et al focs namely establish er completeness pack convex piece square container rotation translation', 'introduce new formalisation language call keyboard consider set elementary operation write erase letter go right leave define keyboard set finite sequence operation call key correspond language set word obtain apply sequence key unlike classical model computation every key apply anytime define various class language base different set elementary operation compare expressive power also compare well know class languages chomsky hierarchy obtain strict hierarchy language whose expressivity orthogonal one aforementionned classical model nous introduisons une nouvelle repr esentation de langages le clavier se munit un ensemble op erations el ementaires ajout effacement une lettre eplacement droite gauche et efinit un clavier comme un ensemble de suite finies op erations el ementaires appel ee touch son langage serum l ensemble de mots obtenus en appliquant une suite quelconque de touch contrairement de mod eles de calcul classiques toutes le touch peuvent etre appliqu ee tout moment en premier lieu nous efinissons diff erentes class de clavier en faisant varier l ensemble de op erations el ementaires autoris ee et nous comparons l expressivit e de class de langages obtenues nous comparons egalement ce class la hi erarchie de chomsky nous obtenons que toutes les class etudi ee sont diff erentes et nous caract erisons les class inclues dans le rationnels et le alg ebriques l expressivit e de clavier semble orthogonale celle de mod eles evoqu es pr ec edemment']",26760
68,84,68_paraphrase_paraphrase generation_generate paraphrase_paraphrase pair,"['paraphrase', 'paraphrase generation', 'generate paraphrase', 'paraphrase pair', 'paraphrase sentence', 'paraphrase corpus', 'hyperbole', 'quality paraphrase', 'paraphrase identification', 'paranmt']","['paraphrase express mean input sentence different word maintain fluency e grammatical syntactical correctness exist work paraphrasing use supervise model limit specific domain e g image caption model neither straightforwardly transfer domain generalize well create label training data new domain expensive laborious need paraphrase across different domain scarcity label train data many domain call explore unsupervised paraphrase generation method propose progressive unsupervised paraphrasing pup novel unsupervised paraphrase generation method base deep reinforcement learn drl pup use variational autoencoder train use non parallel corpus generate seed paraphrase warm start drl model pup progressively tune seed paraphrase guide novel reward function combine semantic adequacy language fluency expression diversity measure quantify quality generate paraphrase iteration without need parallel sentence extensive experimental evaluation show pup outperforms unsupervised state art paraphrase technique term automatic metric user study four real datasets also show pup outperforms domain adapt supervised algorithms several datasets evaluation also show pup achieve great trade semantic similarity diversity expression', 'paper propose method obtain sentence level embeddings problem secure word level embeddings well study propose novel method obtain sentence level embeddings obtain simple method context solve paraphrase generation task use sequential encoder decoder model generate paraphrase would like generated paraphrase semantically close original sentence one way ensure add constraint true paraphrase embeddings close unrelated paraphrase candidate sentence embeddings far ensure use sequential pair wise discriminator share weight encoder train suitable loss function loss function penalize paraphrase sentence embed distance large loss use combination sequential encoder decoder network also validate method evaluating obtain embeddings sentiment analysis task propose method result semantic embeddings outperforms state art paraphrase generation sentiment analysis task standard datasets result also show statistically significant', 'paper propose method obtain sentence level embeddings problem secure word level embeddings well study propose novel method obtain sentence level embeddings obtain simple method context solve paraphrase generation task use sequential encoder decoder model generate paraphrase would like generated paraphrase semantically close original sentence one way ensure add constraint true paraphrase embeddings close unrelated paraphrase candidate sentence embeddings far ensure use sequential pair wise discriminator share weight encoder train suitable loss function loss function penalize paraphrase sentence embed distance large loss use combination sequential encoder decoder network also validate method evaluating obtain embeddings sentiment analysis task propose method result semantic embeddings outperforms state art paraphrase generation sentiment analysis task standard datasets result also show statistically significant']",26760
69,84,69_biomedical_bioner_biomedical nlp_jnlpba,"['biomedical', 'bioner', 'biomedical nlp', 'jnlpba', 'biomedical entity', 'umls', 'biomedical mining', 'biobert', 'terminology', 'tcm']","['biomedical text mining become increasingly important number biomedical document rapidly grow progress natural language processing nlp extract valuable information biomedical literature gain popularity among researcher deep learn boost development effective biomedical text mining model however directly apply advancement nlp biomedical text mining often yield unsatisfactory result due word distribution shift general domain corpora biomedical corpus article investigate recently introduce pre trained language model bert adapt biomedical corpus introduce biobert bidirectional encoder representation transformer biomedical text mining domain specific language representation model pre train large scale biomedical corpus almost architecture across task biobert largely outperforms bert previous state art model variety biomedical text mining task pre trained biomedical corpus bert obtain performance comparable previous state art model biobert significantly outperforms follow three representative biomedical text mining task biomedical name entity recognition f score improvement biomedical relation extraction f score improvement biomedical question answer mrr improvement analysis result show pre training bert biomedical corpus help understand complex biomedical text make pre train weight biobert freely available http github com naver biobert pretrained source code fine tuning biobert available http github com dmis lab biobert', 'advancement biomedical name entity recognition bner biomedical relation extraction bre research promotes development text mining biological domains cornerstone bre robust bner system require identify mention ne plain texts relation extraction stage however current bner corpus play important role task pay less attention achieve criterion bre task study present revise jnlpba corpus revision jnlpba corpus broaden applicability ner corpus bner bre task preserve original entity type include protein dna rna cell line cell type abstract jnlpba corpus manually curated domain expert basis new annotation guideline focus specific ne instead general term simultaneously several imperfection issue jnlpba point make new corpus compare adaptability different ner system revise jnlpba jnlpba corpus f measure measure three open source ner system include banner gimli nersuite circumstance system perform average good revise jnlpba jnlpba moreover cross validation test carry train ner system jnlpba revise jnlpba corpus access performance protein protein interaction extraction ppie biomedical event extraction bee corpus confirm newly refine revise jnlpba competent ner corpus biomedical relation application revise jnlpba corpus freely available iasl btm ii sinica edu tw bner content revise jnlpba zip', 'motivation proliferation biomedical research article make task information retrieval important ever scientist researcher difficulty find article contain information relevant proper extraction biomedical entity like disease drug chem specie gene protein considerably improve filter article result good extraction relevant information performance bioner benchmark progressively improve progression transformer base model like bert xlnet openai gpt etc model give excellent result however computationally expensive achieve good score domain specific task use contextual string base model lstm crf base sequence tagger result introduce bionerflair method train model biomedical name entity recognition use flair plus glove embeddings bidirectional lstm crf base sequence tagger almost generic architecture widely use name entity recognition bionerflair outperform previous state art model perform experiment benchmark datasets biomedical name entity recognition compare current state art model bionerflair achieve best f score beyond biocreative ii gene mention bc gm corpus best f score beyond biocreative iv chemical drug bc chemd corpus best f score beyond jnlpba corpus best f score beyond ncbi disease corpus best f score beyond specie corpus near best result observe bc cdr chem bc cdr disease linnaeus corpus']",26760
70,82,70_event extraction_event_event argument_trigger,"['event extraction', 'event', 'event argument', 'trigger', 'event trigger', 'argument', 'trigger argument', 'ed', 'extract event', 'argument role']","['event argument extraction refers task extract structure information unstructured text particular event interest exist work exhibit poor capability extract causal event argument like reason effect furthermore exist work model task sentence level restrict context local scope may effective short span text long body text news article often observe argument event necessarily occur sentence contain event trigger tackle issue argument scatter across sentence use global context become imperative task work propose external knowledge aid approach infuse document level event information aid extraction complex event argument develop causal network event annotate dataset extract relevant event causal structure conceptnet phrase wikipedia use extracted event causal feature bi directional transformer encoder effectively capture long range inter sentence dependency report effectiveness propose approach qualitative quantitative analysis task establish finding event annotate dataset indian languages dataset add complexity task label argument entity type like time place well complex argument type like reason effect approach achieve state art performance across five language since work rely language specific feature easily extend language', 'event extraction ee aim identify structured event include event trigger correspond argument unstructured text exist work rely large number label instance train model label data could expensive obtain work present data efficient event extraction method formulate event extraction natural language generation problem formulation allow u inject knowledge label semantics event structure output dependency model give passage event type model learn summarize passage templated sentence predefined structure template event type specific manually create contains event trigger argument information lastly rule base algorithm used derive trigger argument prediction generate sentence method inherently enjoy follow benefit pretraining generative language model help incorporate semantics label generative ee autoregressive generation process end end design extract trigger argument force model capture dependency among output trigger argument predefined template form concrete yet flexible rule hint model valid pattern event type reduce model burden learn structure data empirical result show model achieves superior performance strong baseline ee task low data regime achieves competitive result current state art data becomes available', 'event extraction ee acquire structural event knowledge text divide two sub task event type classification element extraction namely identify trigger argument different role pattern different event type always distinct extraction schema e role pattern previous work ee usually follow isolated learn paradigm perform element extraction independently different event type ignore meaningful association among event type argument role lead relatively poor performance less frequent type role paper propose novel neural association framework ee task give document first perform type classification via construct document level graph associate sentence node different type adopt graph attention network learn sentence embeddings element extraction achieve building universal schema argument role parameter inheritance mechanism enhance role preference extract element model take account type role association ee enable implicit information share among experimental result show approach consistently outperforms state art ee method sub task particularly type role less train data performance superior exist method']",26760
71,81,71_keyphrase_keyphrases_keyphrase extraction_keyphrase generation,"['keyphrase', 'keyphrases', 'keyphrase extraction', 'keyphrase generation', 'absent', 'absent keyphrases', 'generate keyphrases', 'keyword extraction', 'unsupervised keyphrase', 'extract keyphrases']","['automate method granular categorization large corpus text document become increasingly important rate scientific news medical web document grow last year automatic keyphrase extraction ake aim automatically detect small set single multi word within single textual document capture main topic document ake play important role various nlp information retrieval task document summarization categorization full text index article recommendation due lack sufficient human label data different textual content supervise learn approach ideal automatic detection keyphrases content textual body state art advance text embed technique nlp researcher focus develop unsupervised method obtain meaningful insight raw datasets work introduce global local embed automatic keyphrase extractor gleake task ake gleake utilizes single multi word embed technique explore syntactic semantic aspect candidate phrase combine series embed base graph moreover gleake applies network analysis technique embed base graph refine significant phrase final set keyphrases demonstrate high performance gleake evaluate result five standard ake datasets different domain write style show superiority regard state art method', 'open domain keyphrase extraction kpe aim extract keyphrases document without domain quality restriction e g web page variant domain quality recently neural method show promising result many kpe task due powerful capacity model contextual semantics give document however empirically show neural kpe method prefer extract keyphrases good phraseness short entity style n gram instead globally informative keyphrases open domain document paper present jointkpe open domain kpe architecture build pre trained language model capture local phraseness global informativeness extract keyphrases jointkpe learn rank keyphrases estimate informativeness entire document jointly train keyphrase chunk task guarantee phraseness keyphrase candidate experiment two large kpe datasets diverse domain openkp kp k demonstrate effectiveness jointkpe different pre train variant open domain scenarios analysis reveal significant advantage jointkpe predict long non entity keyphrases challenge previous neural kpe method code publicly available http github com thunlp bert kpe', 'identify understanding quality phrase context fundamental task text mining challenge part task arguably lie uncommon emerge domain specific phrase infrequent nature phrase significantly hurt performance phrase mining method rely sufficient phrase occurrence input corpus context aware tag model though restricted frequency heavily rely domain expert either massive sentence level gold label handcraft gazetteer work propose ucphrase novel unsupervised context aware quality phrase tagger specifically induce high quality phrase span silver label consistently co occur word sequence within document compare typical context agnostic distant supervision base exist knowledge base kbs silver label root deeply input domain context thus unique advantage preserve contextual completeness capture emerge kb phrase train conventional neural tagger base silver label usually face risk overfitting phrase surface name alternatively observe contextualized attention map generate transformer base neural language model effectively reveal connection word surface agnostic way therefore pair attention map silver label train lightweight span prediction model apply new input recognize unseen quality phrase regardless surface name frequency thorough experiment various task datasets include corpus level phrase rank document level keyphrase extraction sentence level phrase tag demonstrate superiority design state art pre train unsupervised distantly supervise method']",26760
72,81,72_game_agent_emergent_communication,"['game', 'agent', 'emergent', 'communication', 'referential game', 'referential', 'communicate', 'emergence', 'multi agent', 'emergent communication']","['emergence communication system agent learn play referential signal game realistic image attract lot attention recently majority work focus use fix pretrained image feature extraction network potentially bias information agent learn communicate work consider signalling game set sender agent must communicate information image receiver must select correct image many distractors investigate effect feature extractor weight task solve visual semantics learn model first demonstrate extent use pretrained feature extraction network inductively bias visual semantics convey emergent communication channel quantify visual semantics induce go explore way inductive bias introduce encourage emergence semantically meaningful communication without need form supervise pretraining visual feature extractor impose various augmentation input image additional task game aim induce visual representation capture conceptual property image experiment demonstrate communication system capture visual semantics learn completely self supervised manner play right type game work bridge gap emergent communication research self supervise feature learning', 'rapid development deep learn current state art technique natural langauge processing base deep learning model train argescaled static textual corpus however human being learn understand different way thus ground language learn argues model need learn understand language experience perception obtain interact enviroments like human help deep reinforcement learn technique already lot work focus facilitate emergence communication protocols compositionalities like natural language among computational agent population unlike work hand focus numeric concept correspond abstraction cognition function word natural language base specifically design language game verify computational agent capable transmit numeric concept autonomous communication emergent communication protocol reflect underlying structure mean space although encode method compositional like natural language perspective human being emergent language generalise unseen input importantly easy model learn besides iterated learn help improve compositionality emergent languages measurement topological similarity furthermore experiment another representation method e directly encode numeral concatenation one hot vector find emergent language would become compositional like human natural language thus argue important factor emergence compositional language', 'driver compositionality artificial language emerge two agent play non visual referential game previously investigate use approach base reinforce algorithm neural iterate learn model follow recent introduction textit straight gumbel softmax st g approach paper investigate extent driver compositionality identify far field apply st g context extent translate emergent systematic generalisation ability play visual referential game compositionality generalisation ability emergent language assess use topographic similarity zero shot compositional test firstly provide evidence test train split strategy significantly impact zero shot compositional test deal visual stimulus whilst deal symbolic one secondly empirical evidence show use st gs approach small batch size overcomplete communication channel improve compositionality emerge language nevertheless show robust symbolic stimulus effect batch size clear cut deal visual stimulus result also show overcomplete communication channel create equal indeed increase maximum sentence length find beneficial compositionality generalisation ability increase vocabulary size find detrimental finally lack correlation language compositionality training time agent generalisation ability observe context discriminative referential game visual stimulus similar previous observation field use generative variant symbolic stimulus']",26760
73,81,73_code switch_switch_code mixed_mixed,"['code switch', 'switch', 'code mixed', 'mixed', 'hindi english', 'code', 'cs', 'code mix', 'hindi', 'mix']","['linguistic code switch c phenomenon occur multilingual speaker alternate two language dialect within single conversation processing c data especially challenge intra sentential data give state art monolingual nlp technology since technology gear toward process one language time paper address problem part speech tag pos context linguistic code switch c explore leverage multiple neural network architecture measure impact different pre train embeddings method pos tag c data investigate landscape four c language pair spanish english hindi english modern standard arabic egyptian arabic dialect msa egy modern standard arabic levantine arabic dialect msa lev result show multilingual embed e g msa egy msa lev help closely related language egy lev add noise language distant spa hin finally show proposed model outperform state art c tagger msa egy language pair', 'code mix code switch common phenomenon observe social medium content generate linguistically diverse user base study show indian sub continent substantial fraction social medium post exhibit code switch difficulty pose code mixed document downstream analyse well understood lending visibility code mixed document certain scenario may utility previously overlook instance document write mixture multiple language partially accessible wider audience could particularly useful considerable fraction audience lack fluency one component languages paper provide systematic approach sample code mixed document leverage polyglot embed base method require minimal supervision context india pakistan conflict trigger pulwama terror attack demonstrate untapped potential harnessing code mix human well start exist hostility diffuse emph hope speech classifier solely trained english document code mixed document utilized bridge retrieve emph hope speech content write low resource widely use language romanize hindi propose pipeline require minimal supervision hold promise substantially reduce web moderation effort', 'lately problem code switching gain lot attention emerge active area research bilingual communities speaker commonly embed word phrase non native language syntax native language day day communication code switch global phenomenon among multilingual community still limit acoustic linguistic resource available yet develop effective speech base application ability exist language technology deal code switch data emphasize code switch broadly classify two mode inter sentential intra sentential code switch work study intra sentential problem context code switch language model task salient contribution paper include creation hindi english code switch text corpus crawl blogging site educate usage internet ii exploration part speech feature towards effective model hindi english code switch data monolingual language model lm train native hindi language data iii proposal novel textual factor refer code switch factor c factor allow lm predict code switch instance context recognition code switch data substantial reduction ppl achieve use po factor also propose cs factor provide independent well additive gain ppl']",26760
74,80,74_head_attention head_multi head_head attention,"['head', 'attention head', 'multi head', 'head attention', 'self attention', 'attention', 'sparse transformer', 'transformer', 'attention pattern', 'rfa']","['transformer base model achieve great success various nlp vision speech task however core transformer self attention mechanism quadratic time memory complexity respect sequence length hinders application transformer base model long sequence many approach propose mitigate problem sparse attention mechanism low rank matrix approximation scalable kernel token mix alternative self attention propose novel pool network ponet token mix long sequence linear complexity design multi granularity pool pool fusion capture different level contextual information combine interaction tokens long range arena benchmark ponet significantly outperform transformer achieves competitive accuracy slightly slow fast model fnet across sequence length measure gpus also conduct systematic study transfer learn capability ponet observe ponet achieves accuracy bert glue benchmark outperform fnet relative comprehensive ablation analysis demonstrate effectiveness design multi granularity pool pool fusion token mix long sequence efficacy design pre training task ponet learn transferable contextualized language representation', 'follow success dot product attention transformer numerous approximation recently propose address quadratic complexity respect input length variant memory compute efficient possible directly use popular pre train language model train use vanilla attention without expensive corrective pre training stage work propose simple yet highly accurate approximation vanilla attention process query chunk query compute top k score respect key approach offer several advantage memory usage linear input size similar linear attention variant performer rfa b drop replacement vanilla attention require corrective pre training c also lead significant memory saving fee forward layer cast familiar query key value framework evaluate quality top k approximation multi head attention layer long range arena benchmark feed forward layer unifiedqa multiple qa datasets show approach lead accuracy nearly identical vanilla attention multiple setup include train scratch fine tuning zero shot inference', 'attention mechanisms become ubiquitous nlp recent architecture notably transformer learn powerful context aware word representation layer multi head attention multiple head learn diverse type word relationships however standard softmax attention attention head dense assign non zero weight context word work introduce adaptively sparse transformer wherein attention head flexible context dependent sparsity pattern sparsity accomplish replace softmax alpha entmax differentiable generalization softmax allow low score word receive precisely zero weight moreover derive method automatically learn alpha parameter control shape sparsity alpha entmax allow attention head choose focus spread behavior adaptively sparse transformer improve interpretability head diversity compare softmax transformer machine translation datasets findings quantitative qualitative analysis approach include head different layer learn different sparsity preference tend diverse attention distribution softmax transformer furthermore cost accuracy sparsity attention head help uncover different head specialization']",26760
75,80,75_semantic change_change detection_change_diachronic,"['semantic change', 'change detection', 'change', 'diachronic', 'lexical semantic', 'semantic shift', 'shift', 'period', 'soviet', 'evolution']","['recently researcher start pay attention detection temporal shift mean word however approach restrict effort uncover change time thus neglect valuable dimension social political variability propose approach detect semantic shift different viewpoint broadly define set texts share specific metadata feature time period also social entity political party viewpoint learn semantic space word represent low dimensional neural embed vector challenge compare mean word one space meaning another space measure size semantic shift compare effectiveness measure base optimal transformation two space measure base similarity neighbor word respective space experiment demonstrate combination two performs best show semantic shift occur time also along different viewpoint short period time evaluation demonstrate approach capture meaningful semantic shift help improve task contrastive viewpoint summarization ideology detection measure classification accuracy political text also show two law semantic change empirically show hold temporal shift also hold shift across viewpoint law state frequent word less likely shift mean word many sens likely', 'change precondition variation inherent language time new word enter lexicon others become obsolete exist word acquire new sens associate word correct mean historical context central challenge diachronic research historical corpus classical language ancient greek latin typically come rich metadata exist model limit inability exploit contextual information beyond document timestamp embed base method feature among current state art system lack interpretative power contrast bayesian model provide explicit interpretable representation semantic change phenomenon chapter build gasc recent computational approach semantic change base dynamic bayesian mixture model model evolution word sense time base distributional information lexical nature also text genre provide systematic comparison dynamic bayesian mixture model semantic change state art embed base model top provide full description mean change time show bayesian mixture model highly competitive approach detect binary semantic change ancient greek latin', 'word meaning change time depend linguistic extra linguistic factor associate word correct mean historical context central challenge diachronic research relevant range nlp task include information retrieval semantic search historical text bayesian model semantic change emerge powerful tool address challenge provide explicit interpretable representation semantic change phenomenon however corpora typically come rich metadata exist model limit inability exploit contextual information text genre beyond document time stamp particularly critical case ancient languages lack data long diachronic span make hard draw clear distinction polysemy fact word several sens semantic change process acquire lose change sens current system perform poorly language develop gasc dynamic semantic change model leverage categorical metadata text genre boost inference uncover evolution meaning ancient greek corpus new evaluation framework model achieve improved predictive performance compare state art']",26760
76,79,76_indian_smt_pidgin_rbmt,"['indian', 'smt', 'pidgin', 'rbmt', 'statistical machine', 'hindi', 'african', 'phrase base', 'pidgin english', 'machine translation']","['neural machine translation nmt ongoing technique machine translation mt use enormous artificial neural network exhibit promising outcome show incredible potential solve challenge machine translation exercise one exercise best approach furnish great mt language set little prepare information work zero shot translation zst inspect low resource language pair work high resource language pair benchmarks available namely spanish portuguese training data set spanish english english portuguese prepare state proof zst system give appropriate result available data subsequently architecture test sanskrit hindi translation data sparse training model english hindi sanskrit english language pair order prepare decipher zst system broaden preparation interpretation pipeline nmt seq seq model tensorflow incorporate zst feature dimensionality reduction word embed perform reduce memory usage data storage achieve faster train translation cycle work exist helpful technology utilized imaginative manner execute nlp issue sanskrit hindi translation sanskrit hindi parallel corpus construct test data require construction parallel corpus take telecasted news publish department public information state government madhya pradesh india website', 'paper present work case study statistical machien transaltion smt rule base machine translation rbmt system english indian langugae indian indian langugae perspective main objective study make five way performance compariosn smt rbmt b smt english indian langugae c rbmt english indian langugae smt indian indian langugae perspective e rbmt indian indian langugae perspective detail analysis describe rule base statistical machine translation system development evaluation detail error analysis point relative strengths weakness system observation base study smt system outperform rbmt b case smt english indian language mt systmes performs well indian english langugae mt system c case rbmt english indian langugae mt system perofrms good indian englsih language mt system smt system performs well indian indian language mt system compare rbmt effectively shall see even small amount training corpus statistical machine translation system many advantage high quality domain specific machine translation rule base counterpart', 'paper discuss centre development advance compute mumbai cdacm submission nlp tool contest statistical machine translation indian languages ilsmt collocate icon objective contest explore effectiveness statistical machine translation smt indian language indian language english hindi machine translation paper propose suffix separation word split smt agglutinative language hindi significantly improve baseline bl also show factored model reorder outperforms phrase base smt english hindi enhi report work five pair languages namely bengali hindi bnhi marathi hindi mrhi tamil hindi tahi telugu hindi tehi enhi health tourism general domain']",26760
77,78,77_sarcasm_sarcasm detection_sarcastic_irony,"['sarcasm', 'sarcasm detection', 'sarcastic', 'irony', 'detect sarcasm', 'incongruity', 'irony detection', 'ironic', 'rqs', 'sarcasm sentiment']","['sarcasm peculiar form sentiment expression surface sentiment differs imply sentiment detection sarcasm social medium platform apply past mainly textual utterance lexical indicator interjection intensifier linguistic marker contextual information user profile past conversation use detect sarcastic tone however modern social medium platform allow create multimodal message audiovisual content integrate text make analysis mode isolation partial work first study relationship textual visual aspect multimodal post three major social medium platform e instagram tumblr twitter run crowdsourcing task quantify extent image perceive necessary human annotator moreover propose two different computational framework detect sarcasm integrate textual visual modality first approach exploit visual semantics train external dataset concatenates semantics feature state art textual feature second method adapts visual neural network initialized parameter train imagenet multimodal sarcastic post result show positive effect combine modality detection sarcasm across platform method', 'computational model sarcasm detection often rely content utterance isolation however speaker sarcastic intent always apparent without additional context focus social medium discussion investigate three issue model conversation context help sarcasm detection identify part conversation context trigger sarcastic reply give sarcastic post contains multiple sentence identify specific sentence sarcastic address first issue investigate several type long short term memory lstm network model conversation context current turn show lstm network sentence level attention context current turn well conditional lstm network rocktaschel et al outperform lstm model read current turn conversation context consider prior turn succeed turn computational model test two type social medium platform twitter discussion forum discuss several difference datasets range size nature gold label annotation address last two issue present qualitative analysis attention weight produce lstm model attention discus result compare human performance two task', 'role predict sarcasm text know automatic sarcasm detection give prevalence challenge sarcasm sentiment bearing text critical phase sentiment analysis task increase popularity usage different social medium platform among user around world people use sarcasm day day conversation social medium post tweet consider way people express sentiment certain topic issue result increase popularity researcher start focus research endeavor detect sarcasm text different language especially english language however task sarcasm detection challenge task due nature sarcastic text relative significantly differs one person another depend topic region user mentality factor addition challenge sarcasm detection arabic language challenge due complexity arabic language morphologically rich many dialect significantly vary also lowly resourced recent year research attempt start tackle task sarcasm detection arabic include create collect corpora organize workshop establish baseline model paper intend create new humanly annotate arabic corpus sarcasm detection collect tweet implement new approach sarcasm detection quantification arabic tweet annotation technique follow paper unique sarcasm detection propose approach tackle problem regression problem instead classification e model attempt predict level sarcasm instead binary classification']",26760
78,77,78_brain_eye_eeg_eye track,"['brain', 'eye', 'eeg', 'eye track', 'fmri', 'gaze', 'surprisal', 'brain activity', 'reading', 'human reading']","['human read behavior tune statistic natural language time take human subject read word predict estimate word probability context however remain open question computational architecture best characterizes expectation deploy real time human determine behavioral signature read test two dozen model independently manipulate computational architecture training dataset size well next word expectation predict human reading time behavior naturalistic text corpus find across model architecture train dataset size relationship word log probability reading time near linear next evaluate feature model determine psychometric predictive power ability predict human reading behavior general well model next word expectation well psychometric predictive power however find nontrivial difference across model architecture give perplexity deep transformer model n gram model generally show superior psychometric predictive power lstm structurally supervised neural model especially eye movement data finally compare model psychometric predictive power depth syntactic knowledge measure battery syntactic generalization test develop use method control psycholinguistic experiment perplexity control find significant relationship syntactic knowledge predictive power result suggest different approach may require best model human real time language comprehension behavior naturalistic read versus behavior control linguistic material design targeted probe syntactic knowledge', 'present computational evaluation three hypothesis source deficit sentence comprehension aphasia slow process intermittent deficiency resource reduction act r base lewis vasishth model use implement three proposal slow process implement slowed default production rule fire time intermittent deficiency increase random noise activation chunk memory resource reduction reduce goal activation data consider subject v object rela tives whose matrix clause contain either np reflexive present self pace listen modality individual aphasia iwa match control participant hear sentence carry picture verification task decide interpretation sentence response accuracy use identify best parameter participant correspond three hypothesis mention show control tightly cluster less variable parameter value iwa specifically compare control among iwa individual low goal activation high noise slow default action time suggest individual patient show differential amount deficit along three dimension slow process intermittent deficient resource reduction ii overall evidence three source deficit play role iii iwa variable range parameter value control sum study contribute proof concept quantitative implementation evidence three account comprehension deficit aphasia', 'electroencephalography eeg signal recordings people read natural language commonly use cognitive method interpret human language understand neuroscience psycholinguistics previous study demonstrate human fixation activation word reading associate brain region clear measure brain dynamic across time frequency domain study propose first analysis event relate brain potential erps event related spectral perturbation ersps benchmark datasets consist sentence level simultaneous eeg relate eye track record human natural reading experiment task result show peaks evoke around ms stimulus start read sentence occipital area indicate brain retriving lexical semantic visual information processing approach ms sentence onset furthermore occipital erp around ms present negative power positive power short long reaction time addition occipital ersp around m demonstrate increased high gamma decrease low beta low gamma power relative baseline result imply semantic perception response occur around m alpha beta gamma band eeg signal finding also provide potential impact promote cognitive natural language processing model evaluation eeg dynamic']",26760
79,77,79_slu_understand slu_speak understand_intent,"['slu', 'understand slu', 'speak understand', 'intent', 'spoken understand', 'spoken', 'end slu', 'end speak', 'intent classification', 'nlu']","['consider problem speak language understand slu extract natural language intent associate slot argument name entity speech primarily direct voice assistant system subsume automatic speech recognition asr well natural language understand nlu end end joint slu model build require specification open opportunity deploy hardware constrain scenario like device enable voice assistant work offline privacy preserve manner whilst also reduce server cost first present model extract utterance intent directly speech without intermediate text output present compositional model generates transcript use listen attend spell asr system extract interpretation use neural nlu model finally contrast method jointly train end end joint slu model consist asr nlu subsystem connect neural network base interface instead text produce transcript well nlu interpretation show jointly train model show improvement asr incorporate semantic information nlu also improve nlu expose asr confusion encode hidden layer', 'much recent work speak language understand slu fall short least one three way model train oracle text input neglect automatic speech recognition asr output model train predict intent without slot value model train large amount house data propose clean general framework learn semantics directly speech semi supervision transcribe speech address framework build upon pretrained end end e e asr self supervised language model bert fine tune limited amount target slu corpus parallel identify two inadequate setting slu model test noise robustness e e semantics evaluation test propose framework realistic environmental noise new metric slot edit f score two public slu corpus experiment show slu framework speech input perform par oracle text input semantics understanding environmental noise present limited amount label semantics data available', 'much recent work speak language understand slu limit least one three way model train oracle text input neglect asr error model train predict intent without slot value model train large amount house data paper propose clean general framework learn semantics directly speech semi supervision transcribe untranscribed speech address issue framework build upon pretrained end end e e asr self supervised language model bert fine tune limited amount target slu data study two semi supervise setting asr component supervise pretraining transcribed speech unsupervised pretraining replace asr encoder self supervise speech representation wav vec parallel identify two essential criterion evaluate slu model environmental noise robustness e e semantics evaluation experiment atis show slu framework speech input perform par use oracle text input semantics understand even though environmental noise present limit amount label semantics data available training']",26760
80,76,80_bioasq_medical_medical dialogue_doctor,"['bioasq', 'medical', 'medical dialogue', 'doctor', 'medical question', 'medical conversation', 'symptom', 'patient', 'biomedical question', 'hqa']","['develop conversational agent interact patient provide primary clinical advice attract increase attention due huge application potential especially time covid pandemic however train end end neural base medical dialogue system restrict insufficient quantity medical dialogue corpus work make first attempt build release large scale high quality medical dialogue dataset related type common gastrointestinal disease name meddg k conversation collect online health consultation community five different category entity include disease symptoms attribute test medicine annotate conversation meddg additional label push forward future research building expert sensitive medical dialogue system propose two kind medical dialogue task base meddg dataset one next entity prediction doctor response generation acquire clear comprehension two medical dialogue task implement several state art benchmark well design two dialogue model consideration predict entity experimental result show pre train language model baselines struggle task poor performance dataset response quality enhance help auxiliary entity information human evaluation simple retrieval model outperform several state art generative model indicate still remain large room improvement generate medically meaningful response', 'medical dialogue generation aim provide automatic accurate response assist physician obtain diagnosis treatment suggestion efficient manner medical dialogue two key characteristic relevant response generation patient state symptoms medication physician action diagnosis treatment medical scenario large scale human annotation usually available due high cost privacy requirement hence current approach medical dialogue generation typically explicitly account patient state physician action focus implicit representation instead propose end end variational reason approach medical dialogue generation able deal limited amount label data introduce patient state physician action latent variable categorical prior explicit patient state track physician policy learn respectively propose variational bayesian generative approach approximate posterior distribution patient state physician action use efficient stochastic gradient variational bayes estimator optimize derive evidence lower bound stage collapse inference method propose reduce bias model train physician policy network compose action classifier two reason detector propose augmented reason ability conduct experiment three datasets collect medical platform experimental result show proposed method outperforms state art baseline term objective subjective evaluation metric experiment also indicate propose semi supervise reason method achieves comparable performance state art fully supervise learn baseline physician policy learning', 'beyond current conversational chatbots task orient dialogue system attract increase attention move forward develop dialogue system automatic medical diagnosis converse patient collect additional symptom beyond self report automatically make diagnosis besides challenge conversational dialogue system e g topic transition coherency question understand automatic medical diagnosis pose critical requirement dialogue rationality context medical knowledge symptom disease relation exist dialogue system madotto wu fung wei et al li et al mostly rely data driven learn cannot able encode extra expert knowledge graph work propose end end knowledge rout relational dialogue system kr d seamlessly incorporate rich medical knowledge graph topic transition dialogue management make cooperative natural language understanding natural language generation novel knowledge rout deep q network kr dqn introduce manage topic transition integrate relational refinement branch encode relation among different symptom symptom disease pair knowledge rout graph branch topic decision make extensive experiment public medical dialogue dataset show kr ds significantly beat state art method diagnosis accuracy show superiority kr d newly collect medical dialogue system dataset challenge retain original self report conversational data patient doctor']",26760
81,74,81_hour_speech corpus_phone_asr,"['hour', 'speech corpus', 'phone', 'asr', 'speech recognition', 'ladin', 'hour transcribe', 'common voice', 'coraa', 'pmt']","['automatic speech recognition asr complex challenging task recent year significant advance area particular brazilian portuguese bp language hour public available asr task second half release new datasets early number increase hour exist resource however compose audio contain read prepare speech lack datasets include spontaneous speech essential different asr application paper present coraa corpus annotate audio v hour publicly available dataset asr bp contain validate pairs audio transcription coraa also contain european portuguese audio hour also present public asr model base wav vec xlsr fine tune coraa model achieve word error rate coraa test set common voice test set measure character error rate obtain coraa common voice respectively coraa corpus assemble improve asr model bp phenomena spontaneous speech motivate young researcher start study asr portuguese corpus publicly available http github com nilc nlp coraa cc nc nd license', 'uyghur minority language resource automatic speech recognition asr research always insufficient thuyg currently open source dataset uyghur speech state art result clean noiseless speech test task update since first release show big gap development asr mainstream languages uyghur paper try bridge gap ultimately optimize asr system develop morpheme base decoder mldg decoder morpheme lattice dynamically generate decoder uyghur dnn hmm system long miss open source decoder mldg decoder employ algorithm name fly composition febabos allow back state transition play role relay station fly composition algorithm empowers dynamically generate graph constrain morpheme sequence lattice effectively static fully compose graph gram morpheme base language model lm use train deeply wider neural network acoustic model experiment three kind decode scheme experimental result show decode base static fully compose graph reduces state art word error rate wer clean noiseless speech test task thuyg mldg decoder reduces wer keep memory consumption reasonable base open source mldg decoder reader easily reproduce experimental result paper', 'consonant vowel reduction often encounter uyghur speech might cause performance degradation uyghur automatic speech recognition asr recently propose learn strategy base mask phone mask train pmt alleviates impact phenomenon uyghur asr although pmt achieves remarkably improvement still exist room gain due granularity mismatch mask unit pmt phoneme model unit word piece boost performance pmt propose multi model unit training mmut architecture fusion pmt pm mmut idea mmut framework split encoder two part include acoustic feature sequence phoneme level representation af plr phoneme level representation word piece level representation plr wplr allow af plr optimized intermediate phoneme base ctc loss learn rich phoneme level context information bring pmt experi mental result uyghur asr show propose approach improve significantly outperform pure pmt reduction wer read test oral test respectively also conduct experiment hour librispeech benchmark use espnet achieves relative wer reduction test set without lm fusion compare late official espnet pre train model']",26760
82,73,82_simulator_policy_user simulator_dialogue policy,"['simulator', 'policy', 'user simulator', 'dialogue policy', 'rl', 'reinforcement', 'reinforcement learn', 'policy learn', 'dialog policy', 'dialogue agent']","['train task completion dialogue agent via reinforcement learn rl costly require many interaction real user one common alternative use user simulator however user simulator usually lack language complexity human interlocutor bias design may tend degrade agent address issue present deep dyna q knowledge first deep rl framework integrate plan task completion dialogue policy learn incorporate dialogue agent model environment refer world model mimic real user response generate simulate experience dialogue policy learn world model constantly update real user experience approach real user behavior turn dialogue agent optimize use real experience simulate experience effectiveness approach demonstrate movie ticket book task simulate human loop setting', 'goal orient go dialogue system colloquially know goal orient chatbots help user achieve predefined goal e g book movie ticket within close domain first step understand user goal use natural language understand technique goal know bot must manage dialogue achieve goal conduct respect learnt policy success dialogue system depend quality policy turn reliant availability high quality train data policy learn method instance deep reinforcement learn due domain specificity amount available data typically low allow train good dialogue policy paper introduce transfer learn method mitigate effect low domain data availability transfer learn base approach improve bot success rate relative term distant domains double close domain compare model without transfer learning moreover transfer learn chatbots learn policy time faster finally transfer learn approach complementary additional processing warm start show joint application give best outcome', 'goal orient go dialogue system colloquially know goal orient chatbots help user achieve predefined goal e g book movie ticket within close domain first step understand user goal use natural language understand technique goal know bot must manage dialogue achieve goal conduct respect learnt policy success dialogue system depend quality policy turn reliant availability high quality train data policy learn method instance deep reinforcement learn due domain specificity amount available data typically low allow train good dialogue policy master thesis introduce transfer learn method mitigate effect low domain data availability transfer learn base approach improve bot success rate relative term distant domains double close domain compare model without transfer learning moreover transfer learn chatbots learn policy time faster finally transfer learn approach complementary additional processing warm start show joint application give best outcome']",26760
83,73,83_intent_ood_intent detection_shot intent,"['intent', 'ood', 'intent detection', 'shot intent', 'ood detection', 'ood utterance', 'intent label', 'unseen intent', 'intent classification', 'domain ood']","['task identify domain ood input examples directly test time see renew interest recently due increase real world deployment model work focus ood detection natural language sentence input task base dialog system finding three fold first curate release rostd real domain sentence task orient dialog dataset k ood example publicly available dataset schuster et al contrast exist setting synthesize ood example hold subset class example author annotator apriori instruction domain respect sentence exist dataset second explore likelihood ratio base approach alternative currently prevalent paradigm specifically reformulate apply approach natural language input find match outperform latter datasets large improvement non artificial ood benchmark dataset ablation validate specifically use likelihood ratio rather plain likelihood necessary discriminate well ood domain data third propose learn generative classifier compute marginal likelihood ratio ood detection allow u use principled likelihood time exploit training time label find approach outperforms simple likelihood ratio base prior approach hitherto first investigate use generative classifier ood detection test time', 'natural language understand nlu vital component dialogue system ability detect domain ood input critical practical application since acceptance ood input unsupported current system may lead catastrophic failure however exist ood detection method rely heavily manually label ood sample cannot take full advantage unlabeled data limit feasibility model practical application paper propose novel model generate high quality pseudo ood sample akin domain ind input utterance thereby improve performance ood detection end autoencoder train map input utterance latent code code ind ood sample train indistinguishable utilizing generative adversarial network provide supervision signal auxiliary classifier introduce regularize generate ood sample indistinguishable intent label experiment show pseudo ood sample generate model use effectively improve ood detection nlu besides also demonstrate effectiveness pseudo ood data improve efficiently utilize unlabeled data', 'conversational system primary interest ai community chatbots increasingly deploy provide round clock support increase customer engagement many commercial bot build framework follow standard approach require one build train intent model recognize user input intent model train supervise set collection textual utterance intent label pair gather substantial wide coverage training data different intent bottleneck bot building process moreover cost labeling hundred thousand conversation intent time consume laborious job paper present intent discovery framework involve primary step extraction textual utterance conversation use pre train domain agnostic dialog act classifier data extraction automatic clustering similar user utterance cluster manual annotation cluster intent label label propagation intent label utterances previous step map cluster label propagation generate intent training data raw conversation introduce novel density base cluster algorithm iter dbscan unbalance data cluster subject matter expert annotator domain expertise manually look cluster user utterance provide intent label discovery conduct user study validate effectiveness trained intent model generate term coverage intent accuracy time save concern manual annotation although system develop build intent model conversational system framework also use short text cluster label framework']",26760
84,73,84_srl_semantic role_role label_label srl,"['srl', 'semantic role', 'role label', 'label srl', 'predicate', 'predicate argument', 'role', 'argument', 'conll', 'syntax agnostic']","['semantic role label srl aim elaborate mean sentence form predicate argument structure recent research depict effective use syntax improve srl performance however syntax complicate linguistic clue hard effectively apply downstream task like srl work effectively encode syntax use adaptive convolution endow strong flexibility exist convolutional network exist cnns may help encode complicated structure like syntax srl still shortcomings contrary traditional convolutional network use filter different input adaptive convolution use adaptively generated filter condition syntactically inform input achieve integration filter generation network generates input specific filter help model focus important syntactic feature present inside input thus enlarge gap syntax aware syntax agnostic srl system study hash technique compress size filter generation network srl term trainable parameter experiment conll dataset confirm propose model substantially outperform previous srl system english chinese language', 'semantic role label srl nlp task involve assignment predicate argument type call semantic role though research srl primarily focus verbal predicate many resource available srl provide annotation verbs semantic relation often trigger linguistic construction e g nominalizations work investigate transfer scenario assume role annotate data source verbal domain unlabeled data target nominal domain key assumption enable transfer two domains selectional preference role e preference constraint admissible argument strongly depend whether relation trigger verb noun example set argument fill acquirer role verbal predicate acquire nominal form acquisition approach transfer task variational autoencoding perspective labeler serf encoder predict role label give sentence whereas selectional preference capture decoder component generate argument predict role nominal role label training data learn objective instead push labeler assign role predictive argument share decoder parameter across domain encourages consistency label predict domain facilitates transfer method substantially outperform baseline unsupervised direct transfer method english conll dataset', 'current state art semantic role label srl us deep neural network explicit linguistic feature however prior work show gold syntax tree dramatically improve srl decode suggest possibility increase accuracy explicit model syntax work present linguistically inform self attention lisa neural network model combine multi head self attention multi task learn across dependency parse part speech tag predicate detection srl unlike previous model require significant pre processing prepare linguistic feature lisa incorporate syntax use merely raw token input encode sequence simultaneously perform parse predicate detection role label predicate syntax incorporate train one attention head attend syntactic parent token moreover high quality syntactic parse already available beneficially injected test time without train srl model experiment conll srl lisa achieve new state art performance model use predict predicate standard word embeddings attain f absolute higher previous state art newswire f domain data nearly reduction error conll english srl also show improvement f lisa also perform state art contextually encode elmo word representation nearly f news f domain text']",26760
85,73,85_speaker recognition_speaker verification_sre_speaker,"['speaker recognition', 'speaker verification', 'sre', 'speaker', 'verification', 'plda', 'voxceleb', 'sv', 'eer', 'deep speaker']","['paper describe top scoring idlab submission text independent task short duration speaker verification sdsv challenge main difficulty challenge exist large degree vary phonetic overlap potentially cross lingual trial along limited availability domain deepmine farsi training data introduce domain balance hard prototype mining fine tune state art ecapa tdnn x vector base speaker embed extractor sample mining technique efficiently exploit speaker distance speaker prototype popular aam softmax loss function construct challenge training batch balance domain level enhance score cross lingual trial propose language dependent norm score normalization imposter cohort contain data farsi target domain simulate enrollment data always farsi case gaussian backend language model detect test speaker embed contain english cross language compensation offset determine aam softmax speaker prototype subtract maximum expected imposter mean score fusion five system minor topological tweak result final mindcf eer respectively sdsvc evaluation set', 'paper propose pas phrase dependent background model pbms text dependent td speaker verification sv integrate pas phrase identification process conventional td sv system pbm derive text independent background model adaptation use utterance particular pas phrase training pas phrase specific target speaker model derive particular pbm use train data respective target model test best pbm first select test utterance maximum likelihood ml sense select pbm use log likelihood ratio llr calculation respect claimant model propose method incorporate pass phrase identification step llr calculation consider conventional standalone td sv system performance propose method compare conventional text independent background model base td sv system use either gaussian mixture model gmm universal background model ubm hidden markov model hmm ubm vector paradigm addition consider two approach build pbms speaker independent speaker dependent show propose method significantly reduce error rate text dependent speaker verification non target type target wrong imposter wrong maintains comparable td sv performance imposter speak correct utterance respect conventional system experiment conduct reddots challenge rsr database consist short utterance', 'paper describe recent advancement make ibm vector speaker recognition system conversational speech particular identify key technique contribute significant improvement performance system quantify contribution technique include near neighbor discriminant analysis nda approach formulate alleviate limitation associate conventional linear discriminant analysis lda assume gaussian class conditional distribution application speaker channel adapt feature derive automatic speech recognition asr system speaker recognition use deep neural network dnn acoustic model large number output unit k senones compute frame level soft alignment require vector estimation process evaluate technique nist speaker recognition evaluation sre extend core condition involve telephone microphone trial experimental result indicate nda effective relative improvement term eer traditional parametric lda speaker recognition compare raw acoustic feature e g mfccs asr speaker adapt feature provide gain speaker recognition performance increase number output unit dnn acoustic model e increase senone set size k k provide consistent improvement performance example relative eer gain baseline gmm vector system knowledge result report paper represent best performance publish date nist sre extend core task']",26760
86,73,86_entailment_nli_textual entailment_premise,"['entailment', 'nli', 'textual entailment', 'premise', 'natural inference', 'snli', 'rte', 'premise hypothesis', 'inference nli', 'hypothesis']","['work study comparatively two typical sentence pair classification task textual entailment te answer selection observe phrase alignment different intensity contribute differently tasks address problem identify phrase alignment flexible granularity pool alignment different intensity task example flexible granularity alignment two single word single word phrase short phrase long phrase intensity roughly mean degree match range identity surface form co occurrence rephrase semantic relatedness unrelated word lot parenthesis text prior work limitation phrase generation representation ii conduct alignment word phrase level handcraft feature iii utilizes single attention mechanism alignment intensity without consider characteristic specific task limit system effectiveness across task propose architecture base gated recurrent unit support representation learn phrase arbitrary granularity ii task specific focus phrase alignment two sentence attention pool experimental result te match observation state art', 'reason conjuncts conjunctive sentence important deeper understand conjunction english also usages semantics differ conjunctive disjunctive boolean logic exist nli stress test consider non boolean usage conjunction use template test model knowledge hence introduce conjnli challenge stress test natural language inference conjunctive sentence premise differs hypothesis conjuncts remove add replaced sentence contain single multiple instance coordinate conjunction quantifier negation require diverse boolean non boolean inference conjuncts find large scale pre train language model like roberta understand conjunctive semantics well resort shallow heuristic make inference sentence initial solution first present iterative adversarial fine tune method us synthetically create train data base boolean non boolean heuristic also propose direct model advancement make roberta aware predicate semantic role observe performance gain conjnli still challenge current method thus encourage interesting future work well understanding conjunction data code publicly available http github com swarnahub conjnli', 'natural language inference nli aim determine logic relationship e entailment neutral contradiction pair premise hypothesis recently alignment mechanism effectively help nli capturing align part e similar segment sentence pair imply perspective entailment contradiction however align part sometimes mislead judgment neutral relation intuitively nli rely multiple perspective form holistic view eliminate bias paper propose multi perspective inferrer mpi novel nli model reason relationships multiple perspective associate three relationship mpi determines perspective different part sentence via rout agreement policy make final decision holistic view additionally introduce auxiliary supervise signal ensure mpi learn expect perspective experiment snli multinli show mpi achieve substantial improvement base model verifies motivation multi perspective inference visualize evidence verifies mpi learn highly interpretable perspective expect importantly mpi architecture free compatible powerful bert']",26760
87,71,87_knowledge ground_knowledge selection_ground dialogue_unstructured knowledge,"['knowledge ground', 'knowledge selection', 'ground dialogue', 'unstructured knowledge', 'ground', 'response', 'document ground', 'ground conversation', 'kb', 'dialogue generation']","['background base conversation bbcs introduce help conversational system avoid generate overly generic response bbc conversation ground knowledge source key challenge bbcs knowledge selection ks give conversational context try find appropriate background knowledge text fragment contain related fact comment etc base generate next response previous work address ks employ attention pointer mechanism mechanisms use local perspective e select token time base solely current decode state argue adoption global perspective e pre select text fragment background knowledge could help determine topic next response enhance k bbcs introduce global local knowledge selection glks mechanism give conversational context background knowledge first learn topic transition vector encode likely text fragment use next response use guide local k decode timestamp order effectively learn topic transition vector propose distantly supervise learn schema experimental result show glks model significantly outperform state art method term automatic human evaluation importantly glks achieves without require extra annotation demonstrate high degree scalability', 'prior work task orient dialogue system restrict limited coverage domain apis user oftentimes domain related request cover apis paper propose expand coverage task orient dialogue system incorporate external unstructured knowledge source define three sub task knowledge seek turn detection knowledge selection knowledge ground response generation model individually jointly introduce augmented version multiwoz include new api coverage turn response ground external knowledge source present baseline sub task use conventional neural approach experimental result demonstrate need research direction enable informative conversational system', 'target guide open domain conversation aim proactively naturally guide dialogue agent human achieve specific goal topic keywords open end conversation exist method mainly rely single turn datadriven learn simple target guide strategy without consider semantic factual knowledge relation among candidate topic keywords result poor transition smoothness low success rate work adopt structure approach control intend content system responses introduce coarse grain keywords attain smooth conversation transition turn level supervise learn knowledge relation candidate keywords drive conversation towards specify target discourse level guide strategy specially propose novel dynamic knowledge rout network dkrn considers semantic knowledge relation among candidate keywords accurate next topic prediction next discourse help accurate keyword prediction keyword augment response retrieval module achieve good retrieval performance meaningful conversation besides also propose novel dual discourse level target guide strategy guide conversation reach goal smoothly high success rate furthermore push research boundary target guide open domain conversation match real world scenario well introduce new large scale chinese target guide open domain conversation dataset k conversation crawl sina weibo quantitative human evaluation show method produce meaningful effective target guide conversation significantly improve state art method success rate average smoothness score']",26760
88,69,88_kurdish_arabic_diacritic_transliteration,"['kurdish', 'arabic', 'diacritic', 'transliteration', 'stemmer', 'diacritization', 'stem', 'sorani', 'arabizi', 'latin']","['vowel arabic optional orthographic symbol write diacritic letter arabic text typically percent write word explicitly show vowel contain say depend author genre field less percent word include explicit vowel although numerous study publish issue restore omit vowel speech technology little attention give problem paper dedicate write arabic technology f research present arabic unitex arabic language resource emphasis vowel representation encode specifically present two dozen rule formalize detailed description vowel omission write text typographical rule integrate large coverage resource morphological annotation restore vowel resource capable identify word vowel show well word vowel partially fully include take account rule resource able compute restore word form list compatible fully vowelize candidate omission tolerant dictionary lookup program performs analysis word second run text page second base comprehensive linguistic resource create spell checker detects invalid misplace vowel fully partially vowelized form finally resource provide lexical coverage percent word use popular newspaper restore vowel word context simply efficiently', 'abugida refers phonogram write system syllable represent use single consonant typographic ligature along default vowel optional diacritic denote vowel however texting language unique challenge spite advent device soft keyboard support custom key layouts number character languages large enough require character spread multiple view layout switch view many time type single word hinders natural think process prevents popular usage native keyboard layout hand support romanize script native word transcribe use latin character language model base suggestion also set back lack uniform romanization rule end propose disambiguation algorithm showcase usefulness two novel mutually non exclusive input method languages natively use abugida write system disambiguation ambiguous input abugida script b disambiguation word variant romanize script benchmark approach use public datasets show improvement type speed hindi bengali thai respectively use ambiguous input owe human ease locate key combine efficiency inference method word variant disambiguation wda map valid variant romanize word previously treat vocab vocabulary k word high accuracy lead increase error correction f score next word prediction nwp average', 'arabic language write face resurgence international normative solution challenge local network base operating principle even multilingual digital cod solution especially propose unicode solve many difficulty arabic write linguistic aspect still search adapted solution terminology one sector arabic language require deep modernization classical productivity model normative approach particular iso tc propose one solution would allow combine international standard well integrate knowledge society construction la langue et lecriture arabe sont aujourdhui confrontees une recrudescence de solution normatives internationale qui remettent en cause la plupart de leurs principe de fonctionnement en site ou sur les reseaux meme si le solution du codage numerique multilingue notamment celles proposees par unicode ont resolu beaucoup de difficultes de lecriture arabe le volet linguistique est encore en quete de solution plus adaptees la terminologie est lun de secteurs dans lequel la langue arabe necessite une modernisation profonde de ses modeles classiques de production la voie normative notamment celle du tc de iso est proposee comme une de solution qui lui permettrait de se mettre en synergie avec le referentiels internationaux pour mieux integrer la societe du savoir en voie de construction']",26760
89,67,89_slot_sf_intent_intent detection,"['slot', 'sf', 'intent', 'intent detection', 'detection slot', 'intent slot', 'slu', 'slot intent', 'atis', 'intent classification']","['spoken language understand slu mainly involve two task intent detection slot fill generally model jointly exist work however exist model fail fully utilize co occurrence relation slot intent restrict potential performance address issue paper propose novel collaborative memory network cm net base well design block name cm block cm block firstly capture slot specific intent specific feature memory collaborative manner us enrich feature enhance local context representation base sequential information flow lead specific slot intent global utterance representation stack multiple cm block cm net able alternately perform information exchange among specific memory local context global utterance thus incrementally enriches evaluate cm net two standard benchmark atis snip self collect corpus cais experimental result show cm net achieves state art result atis snip criterion significantly outperform baseline model cais additionally make cais dataset publicly available research community', 'spoken language understand slu essential part speak dialogue system typically consist intent detection id slot fill sf task recently recurrent neural network rnns base method achieve state art slu note exist rnn base approach id sf task often jointly model utilize correlation information however note far effort obtain good performance support bidirectional explicit information exchange id sf well study addition study attempt capture local context information enhance performance sf motivate finding paper parallel interactive network pin propose model mutual guidance id sf specifically give utterance gaussian self attentive encoder introduce generate context aware feature embed utterance able capture local context information take feature embed utterance slot intent module intent slot module develop capture bidirectional information flow id sf task finally cooperation mechanism construct fuse information obtain slot intent intent slot module reduce prediction bias experiment two benchmark datasets e snip atis demonstrate effectiveness approach achieve competitive result state art model encouragingly use feature embed utterance generate pre trained language model bert method achieve state art among comparison approach', 'slot fill identify contiguous span word utterance correspond certain parameter e slot user request query slot fill one important challenge modern task orient dialog system supervise learn approach proven effective tackling challenge need significant amount label training data give domain however new domain e unseen training may emerge deployment thus imperative model seamlessly adapt fill slot see unseen domain unseen domain contain unseen slot type train data even see slot unseen domain typically present different context set commonly refer zero shot slot fill little work focus set limited experimental evaluation exist model mainly rely context independent embed base similarity measure fail detect slot value unseen domain partially propose new zero shot slot fill neural model leona work three step step one acquire domain oblivious context aware representation utterance word exploit linguistic feature b name entity recognition cue c contextual embeddings pre train language model step two fine tune rich representation produce slot independent tag word step three exploit generalizable context aware utterance slot similarity feature word level use slot independent tag contextualizes produce slot specific prediction word thorough evaluation four diverse public datasets demonstrate approach consistently outperform sota model average unseen domain snip atis multiwoz sgd datasets respectively']",26760
90,66,90_simplification_sentence simplification_complex sentence_simplify sentence,"['simplification', 'sentence simplification', 'complex sentence', 'simplify sentence', 'simplify', 'simplification aim', 'lexical simplification', 'split rephrase', 'split', 'sentence split']","['sentence simplification aim improve readability understandability base several operation split deletion paraphrase however valid simplify sentence also logically entail input sentence work first present strong pointer copy mechanism base sequence sequence sentence simplification model improve entailment paraphrase capability via multi task learn related auxiliary task entailment paraphrase generation moreover propose novel multi level layer soft share approach auxiliary task share different high versus lower level layer sentence simplification model depend task semantic versus lexico syntactic nature also introduce novel multi arm bandit base train approach dynamically learn effectively switch across task multi task learning experiment multiple popular datasets demonstrate model outperforms competitive simplification system sari fkgl automatic metric human evaluation present several ablation analysis alternative layer share method soft versus hard share dynamic multi arm bandit sample approach model learn entailment paraphrasing skill', 'order simplify sentence human editor perform multiple rewrite transformation split several short sentence paraphrase word e replace complex word phrase simple synonyms reorder component delete information deem unnecessary despite varied range possible text alteration current model automatic sentence simplification evaluate use datasets focus single transformation lexical paraphrasing splitting make impossible understand ability simplification model realistic setting alleviate limitation paper introduces asset new dataset assess sentence simplification english asset crowdsourced multi reference corpus simplification produce execute several rewrite transformation quantitative qualitative experiment show simplification asset well capture characteristic simplicity compare standard evaluation datasets task furthermore motivate need develop good method automatic evaluation use asset since show current popular metric may suitable multiple simplification transformation perform', 'lexical simplification l aim replace complex word give sentence simpler alternative equivalent mean simplify sentence recently unsupervised lexical simplification approach rely complex word regardless give sentence generate candidate substitution inevitably produce large number spurious candidate paper propose lexical simplification framework lsbert base pretrained representation model bert capable making use wider context detecting word need simplification generate substitue candidate take five high quality feature account rank candidate include bert prediction order bert base language model paraphrase database ppdb addition word frequency word similarity commonly use ls method show system outputs lexical simplification grammatically correct semantically appropriate obtains obvious improvement compare baseline outperform state art accuracy point three well know benchmark']",26760
91,65,91_mt_parity_mt evaluation_human parity,"['mt', 'parity', 'mt evaluation', 'human parity', 'pre edit', 'post edit', 'translator', 'ht', 'transmart', 'gf']","['devise metric assess translation quality always core machine translation mt research traditional automatic reference base metric bleu show correlation human judgement adequacy fluency paramount advancement mt system development crowd source popularise enabled scalability metric base human judgement subjective direct assessment da adequacy believe reliable reference base automatic metric finally task base measurement post editing time expect provide detailed evaluation usefulness translation specific task therefore da average adequacy judgement obtain appraisal perceive quality independently task reference base automatic metric try objectively estimate quality also task independent way task base metric measurement obtain either perform specific task paper argue although expensive task base measurement reliable estimate mt quality specific task case task post edit end report experiment dataset newly collect post edit indicator show usefulness estimate post edit effort result show task base metric compare machine translate post edit version best track post edit effort expect metric follow da metric compare machine translate version independent reference suggest mt practitioner aware difference acknowledge implication decide evaluate mt post editing purpose', 'traditional automatic evaluation metric machine translation widely criticize linguist due low accuracy lack transparency focus language mechanic rather semantics low agreement human quality evaluation human evaluation form mqm like scorecard always carry real industry set client translation service provider tsps however traditional human translation quality evaluation costly perform go great linguistic detail raise issue inter rater reliability irr design measure quality bad premium quality translation work introduce hope task orient human centric evaluation framework machine translation output base professional post edit annotation contains limit number commonly occur error type use score model geometric progression error penalty point epps reflect error severity level translation unit initial experimental work carry english russian language pair mt output marketing content type text highly technical domain reveals evaluation framework quite effective reflect mt output quality regard overall system level performance segment level transparency increase irr error type interpretation approach several key advantage ability measure compare less perfect mt output different system ability indicate human perception quality immediate estimation labor effort require bring mt output premium quality low cost faster application well high irr experimental data available url http github com lhan hope', 'new machine translation mt technology emerge rapidly bold claim achieve human parity result produce approach accuracy achieve average bilingual human translator wu et al b ii translation quality human parity compare professional human translator hassan et al see light day laubli et al aside fact many paper craft definition human parity sensational claim often support complete analysis aspect involve translation establish discrepancy strengths statistical approach mt way human translate start point research look mt output linguistic theory able identify remain issue problem range simple number gender agreement error complex phenomenon correct translation aspectual value tense experiment confirm along study bentivogli et al neural mt surpass statistical mt many aspect however problem remain others emerge cover series problem related integration specific linguistic feature statistical neural mt aim analyse provide solution work focus address three main research question revolve around complex relationship linguistics mt general identify linguistic information lack order automatic translation system produce accurate translation integrate additional feature exist pipeline identify overgeneralization algorithmic bias potential drawback neural mt link many remain linguistic issue']",26760
92,64,92_music_lyric_song_melody,"['music', 'lyric', 'song', 'melody', 'musical', 'playlist', 'lyric melody', 'music genre', 'song lyric', 'genre']","['look connection musical lyrical content metal music combining automate extraction high level audio feature quantitative text analysis corpus song lyric genre base text corpus topic model first construct use latent dirichlet allocation lda subsample song score predict perceive musical hardness heaviness darkness gloominess extract use audio feature model combine audio feature text analysis offer comprehensive overview lyrical topic present within metal genre able establish whether level hardness music dimension associate occurrence particularly harsh textual topic twenty typical topic identify project topic space use multidimensional scaling md bonferroni correction positive correlation find musical hardness darkness textual topic deal brutal death dystopia archaisms occultism religion satanism battle psychological madness negative association topic like personal life love romance', 'automatic song write aim compose song lyric melody machine interest topic academia industry automatic song write lyric melody generation melody lyric generation two important task usually suffer follow challenge pair lyric melody data limit affect generation quality two task consider lot pair training data need due weak correlation lyric melody strict alignment require lyric melody relies specific alignment model paper propose songmass address challenge leverage mask sequence sequence mass pre train attention base alignment model lyric melody melody lyric generation specifically extend original sentence level mass pre training song level well capture long contextual information music use separate encoder decoder modality lyric melody leverage sentence level attention mask token level attention constraint training enhance alignment lyric melody inference use dynamic programming strategy obtain alignment word syllable lyric note melody pre train songmass unpaired lyric melody datasets objective subjective evaluation demonstrate songmass generates lyric melody significantly well quality baseline method without pre training alignment constraint', 'pop music accompaniment usually play multiple instrument track drum bass string guitar make song expressive contagious arrange together melody previous work usually generate multiple track separately music note different track explicitly depend hurt harmony model improve harmony paper propose novel multi track midi representation mumidi enable simultaneous multi track generation single sequence explicitly model dependency note different track greatly improve harmony unfortunately enlarge sequence length bring new challenge long term music model introduce two new technique address challenge model multiple note attribute e g pitch duration velocity musical note one step instead multiple step shorten length mumidi sequence introduce extra long context memory capture long term dependency music call system pop music accompaniment generation popmag evaluate popmag multiple datasets lmd freemidi cpmd private dataset chinese pop song subjective objective metric result demonstrate effectiveness popmag multi track harmony model long term context model specifically popmag win vote compare ground truth musical piece lmd freemidi cpmd datasets respectively largely outperforms state art music accompaniment generation model multi track midi representation term subjective objective metric']",26760
93,63,93_nlg_metric_natural generation_exist metric,"['nlg', 'metric', 'natural generation', 'exist metric', 'nlg evaluation', 'evaluation metric', 'bleu rouge', 'generation nlg', 'beametrics', 'metric bleu']","['natural language generation nlg evaluation multifaceted task require assessment multiple desirable criterion e g fluency coherency coverage relevance adequacy overall quality etc across exist datasets nlg task observe human evaluation score multiple criterion often correlate example low correlation human score fluency data coverage task structure data text generation suggest current recipe propose new automatic evaluation metric nlg show correlate well score assign human single criterion overall quality alone inadequate indeed extensive study involve automatic evaluation metric across different task different evaluation criterion show single metric correlate well human score desirable criterion nlg task give situation propose checklist well design evaluation automatic metric design templates target specific criterion e g coverage perturb output quality get affect along specific criterion e g coverage drop show exist evaluation metric robust even simple perturbation disagree score assign human perturb output propose template thus allow fine grain assessment automatic evaluation metric expose limitation facilitate good design analysis evaluation metric', 'success deep learning create surge interest wide range natural language generation nlg task deep learn push state art several exist nlg task also facilitate researcher explore various new nlg task image caption rapid progress nlg necessitate development accurate automatic evaluation metric would allow u track progress field nlg however unlike classification task automatically evaluate nlg system huge challenge several work show early heuristic base metric bleu rouge inadequate capturing nuance different nlg task expand number nlg model shortcoming current metric lead rapid surge number evaluation metric propose since moreover various evaluation metric shift use pre determine heuristic base formula train transformer model rapid change relatively short time lead need survey exist nlg metric help exist new researcher quickly come speed development happen nlg evaluation last year survey first wish highlight challenge difficulty automatically evaluate nlg system provide coherent taxonomy evaluation metric organize exist metric well understand development field also describe different metric detail highlight key contribution later discuss main shortcoming identify exist metric describe methodology use evaluate evaluation metric finally discuss suggestion recommendation next step forward improve automatic evaluation metric', 'natural language processing researcher identify limitation evaluation methodology generation task new question raise validity automatic metric crowdworker judgment meanwhile effort improve generation model tend focus simple n gram overlap metric e g bleu rouge argue new advance model metric directly benefit inform therefore propose generalization leaderboards bidimensional leaderboards billboard simultaneously track progress language generation task metric evaluation unlike conventional unidimensional leaderboards sort submit system predetermine metric billboard accepts generator evaluation metric compete entry billboard automatically create ensemble metric selects linearly combine metric base global analysis across generator metric rank base correlation human judgment release four billboard machine translation summarization image caption demonstrate linear ensemble diverse metric sometimes substantially outperform exist metric isolation mixed effect model analysis show automatic metric especially reference base one overrate machine human generation demonstrate importance update metric generation model become strong perhaps similar human future']",26760
94,62,94_act_dialog act_dialogue act_da,"['act', 'dialog act', 'dialogue act', 'da', 'da classification', 'act recognition', 'act da', 'dialog', 'utterance', 'act classification']","['dialogue act recognition dar challenge problem dialogue interpretation aim attach semantic label utterance characterize speaker intention currently many exist approach formulate dar problem range multi classification structure prediction suffer handcraft feature extension attentive contextual structural dependency paper consider problem dar viewpoint extend rich conditional random field crf structural dependency without abandon end end training incorporate hierarchical semantic inference memory mechanism utterance model extend structure attention network linear chain conditional random field layer take account contextual utterance correspond dialogue act extensive experiment two major benchmark datasets switchboard dialogue act swda meeting recorder dialogue act mrda datasets show method achieves well performance state art solution problem remarkable fact method nearly close human annotator performance swda within gap', 'dialog act da recognition task widely explore year recently approach task explore different dnn architecture combine representation word segment generate segment representation provide cue intention study explore mean generate informative segment representation explore different network architecture also consider different token representation word level also character functional level word level addition commonly use uncontextualized embeddings explore use contextualized representation provide information concern word sense segment structure character level tokenization important capture intention relate morphological aspect cannot capture word level finally functional level provide abstraction word shifts focus structure segment also explore approach enrich segment representation context information history dialog term classification surround segment turn take history kind information already prove important disambiguation da previous study nevertheless able capture additional information consider summary dialog history wider turn take context combining best approach step achieve result surpass previous state art generic da recognition swda mrda two widely explore corpus task furthermore consider past future context simulate annotation scenario approach achieve performance similar human annotator swda surpass mrda', 'classify general intent user utterance conversation also know dialogue act da e g open end question statement opinion request opinion key step natural language understand nlu conversational agent da classification extensively study human human conversation sufficiently explore emerge open domain automate conversational agent moreover despite significant advance utterance level da classification full understanding dialogue utterance require conversational context another challenge lack available label data open domain human machine conversation address problem propose novel method cdac contextual dialogue act classifier simple yet effective deep learn approach contextual dialogue act classification specifically use transfer learning adapt model train human human conversation predict dialogue act human machine dialogue investigate effectiveness method train model well know switchboard human human dialogue dataset fine tune predict dialogue act human machine conversation data collect part amazon alexa prize competition result show cdac model outperforms utterance level state art baseline switchboard dataset comparable late report state art contextual da classification result furthermore result show fine tune cdac model small sample manually label human machine conversation allow cdac accurately predict dialogue act real user conversation suggest promising direction future improvement']",26760
95,62,95_radiology_radiology report_chest_radiologist,"['radiology', 'radiology report', 'chest', 'radiologist', 'report', 'ray', 'report generation', 'medical image', 'chest ray', 'abnormal']","['chest x ray one commonly accessible radiological examination screen diagnosis many lung disease tremendous number x ray image study accompany radiological report accumulate store many modern hospital picture archive communication system pacs side still open question type hospital size knowledge database contain invaluable image informatics e loosely label use facilitate data hungry deep learning paradigm build truly large scale high precision computer aid diagnosis cad system paper present new chest x ray database namely chestx ray comprise frontal view x ray image unique patient text mine eight disease image label image multi label associate radiological report use natural language processing importantly demonstrate commonly occur thoracic disease detect even spatially locate via unified weakly supervise multi label image classification disease localization framework validate use propose dataset although initial quantitative result promise report deep convolutional neural network base reading chest x ray e recognize locate common disease pattern train image level label remain strenuous task fully automate high precision cad system data download link http nihcc app box com v chestxray nihcc', 'radiology report contain diverse rich set clinical abnormality document radiologist interpretation image comprehensive semantic representation radiological finding would enable wide range secondary use application support diagnosis triage outcomes prediction clinical research paper present new corpus radiology report annotate clinical finding annotation schema capture detailed representation pathologic finding observable image lesion type clinical problem medical problem schema use event base representation capture fine grain detail include assertion anatomy characteristic size count etc gold standard corpus contain total annotated compute tomography ct report extract trigger argument entity use two state art deep learning architecture include bert predict linkage trigger argument entity refer argument role use bert base relation extraction model achieve best extraction performance use bert model pre train million radiology report institution f find trigger f argument roles assess model generalizability use external validation set randomly sample mimic chest x ray mimic cxr database extraction performance validation set find trigger argument role demonstrate model generalize well cross institutional data different image modality extract find event radiology report mimic cxr database provide extraction research community', 'automatically generate radiology report improve current clinical practice diagnostic radiology one hand relieve radiologists heavy burden report write hand remind radiologists abnormality avoid misdiagnosis miss diagnosis yet task remain challenge job data driven neural network due serious visual textual data bias end propose posterior prior knowledge explore distil approach ppked imitate working pattern radiologist first examine abnormal region assign disease topic tag abnormal region rely year prior medical knowledge prior work experience accumulation write report thus ppked include three module posterior knowledge explorer poke prior knowledge explorer prke multi domain knowledge distiller mkd detail poke explore posterior knowledge provide explicit abnormal visual region alleviate visual data bias prke explore prior knowledge prior medical knowledge graph medical knowledge prior radiology report work experience alleviate textual data bias explore knowledge distil mkd generate final report evaluate mimic cxr iu xray datasets method able outperform previous state art model two datasets']",26760
96,61,96_domain adaptation_source domain_domain sentiment_target domain,"['domain adaptation', 'source domain', 'domain sentiment', 'target domain', 'adaptation', 'uda', 'unsupervised domain', 'domain', 'dga', 'adaptation uda']","['sentiment analysis sa important research area cognitive computation thus depth study pattern sentiment analysis necessary present rich resource data base sa well developed challenge practical multi source unsupervised sa e target domain sa transfer multiple source domain seldom study challenge behind problem mainly locate lack supervision information semantic gap among domain e domain shifts loss knowledge however exist method either lack distinguishable capacity semantic gap among domain lose private knowledge alleviate problem propose two stage domain adaptation framework first stage multi task methodology base shared private architecture employ explicitly model domain common feature domain specific feature label source domains second stage two elaborate mechanism embed shared private architecture transfer knowledge multiple source domain first mechanism selective domain adaptation sda method transfer knowledge close source domain second mechanism target orient ensemble toe method knowledge transfer well design ensemble method extensive experiment evaluation verify performance propose framework outperforms unsupervised state art competitor conclude experiment transfer different distribute source domain may degrade target domain performance crucial choose proper source domain transfer', 'multi source unsupervised domain adaptation m uda sentiment analysis sa aim leverage useful information multiple source domains help sa unlabeled target domain supervised information exist algorithm m uda either exploit share feature e domain invariant information base weak assumption nlp e g smoothness assumption avoid problem propose two transfer learn framework base multi source domain adaptation methodology sa combine source hypothesis derive good target hypothesis key feature first framework novel weight scheme base unsupervised domain adaptation framework w uda combine source classifier acquire pseudo label target instance directly second framework two stage training base unsupervised domain adaptation framework st uda exploit pseudo label train target private extractor importantly weight assign source classifier base relation target instance source domain measure discriminator adversarial training furthermore discriminator also fulfill separation share feature private feature experimental result two sa datasets demonstrate promising performance framework outperforms unsupervised state art competitor', 'sentiment analysis user generate review comment product service social network help enterprise analyze feedback customer take corresponding action improvement mitigate large scale annotation target domain domain adaptation da provide alternate solution learn transferable model label source domain exist multi source domain adaptation mda method either fail extract discriminative feature target domain related sentiment neglect correlation different source distribution difference among different sub domain even source cannot reflect vary optimal weight different training stage paper propose novel instance level mda framework name curriculum cycle consistent generative adversarial network c cyclegan address issue specifically c cyclegan consist three component pre trained text encoder encode textual input different domains continuous representation space intermediate domain generator curriculum instance level adaptation bridge gap across source target domains task classifier train intermediate domain final sentiment classification c cyclegan transfer source sample instance level intermediate domain closer target domain sentiment semantics preserve without lose discriminative feature dynamic instance level weight mechanism assign optimal weight different source sample train stage conduct extensive experiment three benchmark datasets achieve substantial gain state art da approach source code release http github com warushrush curriculum cyclegan']",26760
97,61,97_empathetic_empathetic response_empathy_emotional,"['empathetic', 'empathetic response', 'empathy', 'emotional', 'emotion', 'empathetic dialogue', 'affective', 'response', 'generate empathetic', 'eac']","['open domain conversational agent chatbots become increasingly popular natural language processing community one challenge enable converse empathetic manner current neural response generation method rely solely end end learn large scale conversation data generate dialogue approach produce socially unacceptable response due lack large scale quality data use train neural model however recent work show promise combine dialogue act intent model neural response generation hybrid method improve response quality chatbots make controllable interpretable key element dialog intent model development taxonomy inspire idea manually label response intent use subset sizeable empathetic dialogue dataset k dialogue goal produce large scale taxonomy empathetic response intent furthermore use lexical machine learn method automatically analyse speaker listener utterance entire dataset identify response intent emotion category finally use information visualization method summarize emotional dialogue exchange pattern temporal progression result reveal novel important empathy pattern human human open domain conversation serve heuristic hybrid approach', 'online peer peer support platform enable conversation million people seek provide mental health support successful web base mental health conversation could improve access treatment reduce global disease burden psychologist repeatedly demonstrate empathy ability understand feel emotion experience others key component lead positive outcome supportive conversation however recent study show highly empathic conversation rare online mental health platform paper work towards improve empathy online mental health support conversation introduce new task empathic rewrite aim transform low empathy conversational post higher empathy learn transformation challenge require deep understanding empathy maintain conversation quality text fluency specificity conversational context propose partner deep reinforcement learn agent learns make sentence level edits post order increase express level empathy maintain conversation quality rl agent leverage policy network base transformer language model adapt gpt performs dual task generate candidate empathic sentence add sentence appropriate position train reward transformation increase empathy post maintain text fluency context specificity diversity combination automatic human evaluation demonstrate partner successfully generate empathic specific diverse response outperform nlp method related task like style transfer empathic dialogue generation work direct implication facilitate empathic conversation web base platform', 'research dialogue empathy aim endow agent capacity accurate understand proper respond emotion exist model empathetic dialogue generation focus emotion flow one direction context response argue conduct empathetic conversation bidirectional process empathy occur emotion two interlocutor could converge point e reach emotion consensus besides also find empathetic dialogue corpus extremely limited restricts model performance address issue propose dual generative model dual emp simultaneously construct emotion consensus utilize external unpaired data specifically model integrates forward dialogue model backward dialogue model discrete latent variable represent emotion consensus unified architecture alleviate constraint pair data extract unpaired emotional data open domain conversation employ dual emp produce pseudo pair empathetic sample efficient low cost human annotation automatic human evaluation demonstrate method outperforms competitive baseline produce coherent empathetic response']",26760
98,60,98_toxic_toxicity_toxicity detection_toxic comment,"['toxic', 'toxicity', 'toxicity detection', 'toxic comment', 'toxic span', 'comment', 'toxic speech', 'span detection', 'semeval toxic', 'toxicity detector']","['flood information produce daily basis global internet usage arise line interactive communication among user situation contribute significantly quality human life unfortunately involve enormous danger since line texts high toxicity cause personal attack line harassment bully behavior trigger industrial research community last year several try identify efficient model line toxic comment prediction however step still infancy new approach framework require parallel data explosion appear constantly make construction new machine learn computational tool manage information imperative need thankfully advance hardware cloud compute big data management allow development deep learning approach appear promising performance far text classification particular use convolutional neural network cnn recently propose approach text analytics modern manner emphasize structure word document work employ approach discover toxic comment large pool document provide current kaggle competition regard wikipedia talk page edit justify decision choose compare cnns traditional bag word approach text analysis combine selection algorithms proven effective text classification report result provide enough evidence cnn enhance toxic comment classification reinforce research interest towards direction', 'lack moderation online community enable participant incur personal aggression harassment cyberbullying issue accentuate extremist radicalisation contemporary post truth politics scenario kind hostility usually express mean toxic language profanity abusive statement recently google developed machine learn base toxicity model attempt assess hostility comment unfortunately suggest say model deceive adversarial attack manipulate text sequence comment paper firstly characterise adversarial attack use obfuscation polarity transformation former deceives corrupt toxic trigger content typographic edits whereas latter deceives grammatical negation toxic content propose two stage approach counter attack anomaly bulding upon recently propose text deobfuscation method toxicity score model lastly conduct experiment approximately distorted comment show way feasible restore toxicity adversarial variant incur roughly twofold increase processing time even though novel adversary challenge would keep come derive versatile nature write language anticipate technique combine machine learn text pattern recognition method one target different layer linguistic feature would need achieve robust detection toxic language thus foster aggression free digital interaction', 'widespread use toxic language online platform increasingly use automate system leverage advance natural language processing automatically flag remove toxic comment however automate system detect moderate toxic language provide feedback user let alone provide avenue recourse user make actionable change present work recast interactive open source web tool visualize model toxic prediction provide alternative suggestion flag toxic language work also provide user new path recourse use automate moderation tool recast highlight text responsible classify toxicity allow user interactively substitute potentially toxic phrase neutral alternative examine effect recast via two large scale user evaluation find recast highly effective help user reduce toxicity detect model user also gain strong understanding underlying toxicity criterion use black box model enable transparency recourse addition find user focus optimize language model instead judgement implied incentive goal deploy automated model model cease effective classifier toxicity compare human annotation open discussion toxicity detection model work work effect future online discourse']",26760
99,59,99_disaster_crisis_situational awareness_disaster relate,"['disaster', 'crisis', 'situational awareness', 'disaster relate', 'natural disaster', 'emergency', 'humanitarian', 'tweet', 'situational', 'earthquake']","['ubiquity social medium make rich source physical event detection disaster potential resource crisis management resource allocation recent work leverage social medium source retrospective fact event detection large event earthquakes hurricane similarly long history use traditional physical sensor climate satellite perform regional event detection however combine social medium corroborative physical sensor real time accurate global physical detection remain unexplored paper present eventmapper framework support event recognition small yet equally costly event landslides flooding wildfire eventmapper integrates high latency high accuracy corroborative source physical sensor low latency noisy probabilistic source social medium stream deliver real time global event recognition furthermore eventmapper resilient concept drift phenomenon machine learning model require continuous fine tune maintain high performance exploit common feature probabilistic corroborative source eventmapper automate machine learn model update maintenance fine tuning describe three application build eventmapper landslide wildfire flooding detection', 'onset disaster event filter relevant information social web data challenge due sparse availability practical limitation label datasets ongoing crisis paper hypothesize unsupervised domain adaptation multi task learn useful framework leverage data past crisis event train efficient information filtering model sudden onset new crisis present novel method classify relevant tweet ongoing crisis without see new example use publicly available dataset trec incident stream specifically construct customized multi task architecture multi domain discriminator crisis analytics multi task domain adversarial attention network model consist dedicate attention layer task provide model interpretability critical real word application deep network struggle sparse datasets show improve sharing base layer multi task learn domain adversarial training evaluation domain adaptation crisis event perform choose target event test set training rest result show multi task model outperform single task counterpart qualitative evaluation interpretability show attention layer use guide explain model prediction empower emergency service explore accountability model showcasing word tweet deem important classification process finally show practical implication work provide use case covid pandemic', 'social medium become essential channel post disaster relate information provide government relief agency real time data well disaster management however research field receive sufficient attention extract useful information still challenge paper aim improve disaster relief efficiency via mine analyze social medium data like public attitude towards disaster response public demand target relief supply different type disaster focus different natural disaster base property type duration damage contains total tweet paper public perception assess qualitatively manually classified tweet contain information like demand target relief supply satisfaction disaster response public fear public attitude natural disaster study via quantitative analysis use eight machine learning model well provide decision maker appropriate model comparison machine learn model base computational time prediction accuracy conduct change public opinion different natural disaster evolution people behavior use social medium disaster relief face identical type natural disaster twitter continue evolve study result paper demonstrate feasibility validation propose research approach provide relief agency insights good disaster management']",26760
100,58,100_layout_document image_invoice_pdf,"['layout', 'document image', 'invoice', 'pdf', 'document layout', 'document understand', 'visually rich', 'rich document', 'business document', 'layout aware']","['recognize layout unstructured digital document important step parse document structure machine readable format downstream application deep neural network develop computer vision proven effective method analyze layout document image however document layout datasets currently publicly available several magnitude small establish compute vision datasets model train transfer learn base model pre train traditional computer vision dataset paper develop publaynet dataset document layout analysis automatically match xml representation content million pdf article publicly available pubmed central size dataset comparable establish computer vision datasets contain thousand document image typical document layout element annotate experiment demonstrate deep neural network train publaynet accurately recognize layout scientific article pre trained model also effective base mode transfer learn different document domain release dataset http github com ibm aur nlp publaynet support development evaluation advance model document layout analysis', 'precise boundary annotation image region crucial downstream application rely region class semantics document collection contain densely lay highly irregular overlap multi class region instance large range aspect ratio fully automatic boundary estimation approach tend data intensive cannot handle variable size image produce sub optimal result aforementioned image address issue propose boundarynet novel resize free approach high precision semi automatic layout annotation variable size user select region interest first process attention guide skip network network optimization guide via fast march distance map obtain good quality initial boundary estimate associate feature representation output process residual graph convolution network optimize use hausdorff loss obtain final region boundary result challenge image manuscript dataset demonstrate boundarynet outperforms strong baseline produce high quality semantic region boundary qualitatively approach generalizes across multiple document image datasets contain different script system layouts without additional fine tune integrate boundarynet document annotation system show provide high annotation throughput compare manual fully automatic alternative', 'recent advancement area computer vision state art neural network give boost optical character recognition ocr accuracy however extract character text alone often insufficient relevant information extraction document also visual structure capture ocr extract information table chart footnote box heading retrieve correspond structure representation document remain challenge find application large number real world use case paper propose novel enterprise base end end framework call deepreader facilitate information extraction document image via identification visual entity populate meta relational model across different entity document image model schema allow easy understand abstraction entity detect deep vision model relationship deepreader suite state art vision algorithm apply recognize handwritten print text eliminate noisy effect identify type document detect visual entity like table line box deep reader map extract entity rich relational schema capture relevant relationship entity word textboxes line etc detect document relevant information field extract document write sql query top relationship table natural language base interface add top relationship schema non technical user specify query natural language fetch information minimal effort paper also demonstrate many different capability deep reader report result real world use case']",26760
101,58,101_equation_mwps_mathematical_solver,"['equation', 'mwps', 'mathematical', 'solver', 'mwp', 'arithmetic', 'mathbert', 'mathematics', 'latex', 'solve mwps']","['practical automatic textual math word problem mwps solver able solve various textual mwps exist work focus one unknown linear mwps herein propose simple efficient method call universal expression tree uet make first attempt represent equation various mwps uniformly semantically align universal tree structure solver sau solver base encoder decoder framework propose resolve multiple type mwps unified model benefit uet representation sau solver generate universal expression tree explicitly decide symbol generate accord generated symbol semantic meaning like human solve mwps besides sau solver also include novel subtree level semanticallyaligned regularization enforce semantic constraint rationality generate expression tree align contextual information finally validate universality solver extend research boundary mwps introduce new challenge hybrid math word problem dataset hmwp consist three type mwps experimental result several mwps datasets show model solve universal type mwps outperform several state art model', 'previous math word problem solver follow encoder decoder paradigm fail explicitly incorporate essential math symbolic constraint lead unexplainable unreasonable prediction herein propose neural symbolic solver ns solver explicitly seamlessly incorporate different level symbolic constraint auxiliary task ns solver consist problem reader encode problem programmer generate symbolic equation symbolic executor obtain answer along target expression supervision solver also optimize via new auxiliary objective enforce different symbolic reason self supervise number prediction task predict number quantity number location b commonsense constant prediction task predict prior knowledge e g many leg chicken required c program consistency checker compute semantic loss predict equation target equation ensure reasonable equation map duality exploit task exploit quasi duality symbolic equation generation problem part speech generation enhance understanding ability solver besides provide realistic challenge benchmark develop universal scalable solver also construct new large scale mwp benchmark cm k consist kind mwps arithmetic one unknown linear one unknown non linear equation set k sample extensive experiment math k cm k demonstrate superiority n solver compare state art method', 'since introduction original bert e base bert researcher develop various customized bert model improve performance specific domains task exploit benefit transfer learn due nature mathematical text often use domain specific vocabulary along equation math symbol posit development new bert model mathematics would useful many mathematical downstream task resource paper introduce multi institutional effort e two learning platform three academic institution u toward need mathbert model create pre training base bert model large mathematical corpus range pre kindergarten pre k high school college graduate level mathematical content addition select three general nlp task often use mathematics education prediction knowledge component auto grade open end q knowledge trace demonstrate superiority mathbert base bert experiment show mathbert outperforms prior best method base bert task addition build mathematics specific vocabulary mathvocab train mathbert discover mathbert pre train mathvocab outperforms mathbert trained base bert vocabulary e origvocab mathbert currently adopt participate lean platform stride inc commercial educational resource provider assistments org free online educational platform release mathbert public usage http github com tb mathbert']",26760
102,57,102_document level_level nmt_level translation_aware nmt,"['document level', 'level nmt', 'level translation', 'aware nmt', 'nmt', 'level parallel', 'multi encoder', 'sentential', 'aware', 'aware neural']","['though machine translation error cause lack context beyond one sentence long acknowledge development context aware nmt system hamper several problem firstly standard metric sensitive improvement consistency document level translation secondly previous work context aware nmt assume sentence align parallel data consist complete document practical scenario document level data constitutes fraction available parallel data address first issue perform human study english russian subtitle dataset identify deixis ellipsis lexical cohesion three main source inconsistency create test set target phenomena address second shortcoming consider set much large amount sentence level data available compare aligned document level introduce model suitable scenario demonstrate major gain context agnostic baseline new benchmark without sacrifice performance measure bleu', 'sentence well form text connect via various link form cohesive structure text current neural machine translation nmt system translate text conventional sentence sentence fashion ignore cross sentence link dependency may lead generate incoherent target text coherent source text order handle issue propose cache base approach model coherence neural machine translation capture contextual information either recently translate sentence entire document particularly explore two type cache dynamic cache store word best translation hypotheses precede sentence topic cache maintains set target side topical word semantically related document translate basis build new layer score target word two cache cache base neural model estimate probability cache base neural model combine nmt probability final word prediction probability via gate mechanism finally propose cache base neural model train jointly nmt system end end manner experiment analysis present paper demonstrate propose cache base model achieve substantial improvement several state art smt nmt baseline', 'neural machine translation nmt arguably achieve human level parity train evaluated sentence level document level neural machine translation receive less attention lag behind sentence level counterpart majority propose document level approach investigate way condition model several source target sentence capture document context approach require train specialize nmt model scratch parallel document level corpus propose approach require train specialize model parallel document level corpus apply trained sentence level nmt model decode time process document leave right multiple time self train sentence level model pair source sentence generate translation approach reinforces choice make model thus make likely choice make sentence document evaluate approach three document level datasets nist chinese english wmt chinese english opensubtitles english russian demonstrate approach high bleu score high human preference baseline qualitative analysis approach show choice make model consistent across document']",26760
103,56,103_distillation_teacher_kd_knowledge distillation,"['distillation', 'teacher', 'kd', 'knowledge distillation', 'student', 'large teacher', 'teacher student', 'small student', 'distil', 'compress']","['significant memory computational requirement large deep neural network restrict application edge device knowledge distillation kd prominent model compression technique deep neural network knowledge train large teacher model transfer small student model success knowledge distillation mainly attribute train objective function exploit soft target information also know dark knowledge besides give regular hard label train set however show literature large gap teacher student network difficult train use knowledge distillation address shortcoming propose improve knowledge distillation method call anneal kd feed rich information provide teacher soft target incrementally efficiently anneal kd technique base gradual transition anneal soft target generate teacher different temperature iterative process therefore student train follow anneal teacher output step step manner paper include theoretical empirical evidence well practical experiment support effectiveness anneal kd method comprehensive set experiment different task image classification cifar nlp language inference bert base model glue benchmark consistently get superior result', 'pretrained language model plms bert adopt training paradigm first pretrain model general data finetune model task specific data recently achieve great success however plms notorious enormous parameter hard deploy real life application knowledge distillation prevailing address problem transfer knowledge large teacher much small student set data argue selection thee three key component namely teacher train data learn objective crucial effectiveness distillation therefore propose four stage progressive distillation framework ernie tiny compress plm varies three component gradually general level task specific level specifically first stage general distillation performs distillation guidance pretrained teacher gerenal data latent distillation loss general enhance distillation change teacher model pretrained teacher finetuned teacher task adaptive distillation shift train data general data task specific data end task specific distillation add two additional loss namely soft label hard label loss onto last stage empirical result demonstrate effectiveness framework generalization gain bring ernie tiny particular experiment show layer ernie tiny maintains performance layer teacher bert base glue benchmark surpass state art sota glue score amount parameter moreover ernie tiny achieves new compression sota five chinese nlp task outperform bert base accuracy x few parameter x fast inference speed', 'recently knowledge distillation kd show great success bert compression instead learn teacher soft label conventional kd researcher find rich information contain hidden layer bert conducive student performance well exploit hidden knowledge common practice force student deeply mimic teacher hidden state tokens layer wise manner paper however observe although distil teacher hidden state knowledge hsk helpful performance gain marginal utility diminishes quickly hsk distilled understand effect conduct series analysis specifically divide hsk bert three dimension namely depth length width first investigate variety strategy extract crucial knowledge single dimension jointly compress three dimension way show student performance improve extract distil crucial hsk use tiny fraction hsk achieve performance extensive hsk distillation base second find propose efficient kd paradigm compress bert require load teacher train student two kind student model compute device propose kd paradigm give rise train speedup x x']",26760
104,56,104_essay_aes_essay score_student,"['essay', 'aes', 'essay score', 'student', 'grade', 'student answer', 'score aes', 'automate essay', 'automatic essay', 'evograder']","['automatic scoring engine use score approximately fifteen million test taker last three year number increase due covid associate automation education test despite wide usage ai base test literature intelligent model highly lack paper propose new model rely quadratic weight kappa qwk base agreement human raters show model efficacy however effectively ignore highly multi feature nature essay score essay score depend feature like coherence grammar relevance sufficiency vocabulary date study test automate essay score aes system holistically feature motivation propose model agnostic adversarial evaluation scheme associate metric aes system test natural language understand capability overall robustness evaluate current state art aes model use proposed scheme report result five recent model model range feature engineering base approach late deep learning algorithms find aes model highly overstable even heavy modification much content unrelated topic question decrease score produce model hand irrelevant content average increase score thus show model evaluation strategy rubric reconsider also ask human raters score original adversarial response see human detect difference two whether agree score assigned auto score', 'deep learn base automatic essay score aes system actively use state language test agency alike evaluate million candidate life change decision range college application visa approval however little research put understand interpret black box nature deep learning base score algorithms previous study indicate score model easily fool paper explore reason behind surprising adversarial brittleness utilize recent advance interpretability find extent feature coherence content vocabulary relevance important automate score mechanism use investigate oversensitivity e large change output score little change input essay content overstability e little change output score large change input essay content aes result indicate autoscoring model despite get trained end end model rich contextual embeddings bert behave like bag word model word determine essay score without requirement context making model largely overstable stark contrast recent probe study pre trained representation learn model show rich linguistic feature part speech morphology encode also find model learn dataset bias make oversensitive deal issue propose detection base protection model detect oversensitivity overstability cause sample high accuracy find proposed model able detect unusual attribution pattern flag adversarial sample successfully', 'evograder free online demand formative assessment service design use undergraduate biology classroom evograder web portal power amazon elastic cloud run lightside lab open source machine learning tool evograder web portal allows biology instructor upload response file csv contain unlimited number evolutionary explanation write response different acorn assess contextual reason natural selection instrument item system automatically analyzes response provide detailed information scientific naive concept contain within student response well overall student sample reason model type graph visual model provide evograder summarize class level response downloadable file raw score csv format also provide detailed analysis although computational machinery evograder employ complex use system easy user need know use spreadsheet organize student response upload file web use web browser series experiment use new sample write evolutionary explanation demonstrate evograder score comparable trained human raters although evograder score take less time free evograder interest biology instructor teach large class seek emphasize scientific practice generate scientific explanation teach crosscut idea evolution natural selection software architecture evograder describe may serve template develop machine learning portal core concept within biology across discipline']",26760
105,55,105_poem_poetry_poetry generation_generate poem,"['poem', 'poetry', 'poetry generation', 'generate poem', 'rhyme', 'chinese poetry', 'poetic', 'poet', 'poems', 'chinese classical']","['motivate recent progress machine learn base model learn artistic style paper focus problem poem generation challenge task machine capture linguistic feature strongly characterize certain poet well semantics poet production influence personal experience literary background since poetry construct use syllable regulate form structure poems propose syllable base neural language model describe poem generation mechanism design around poet style automatically select representative generation poetic work target author usually enough successfully train modern deep neural network propose multi stage procedure exploit non poetic work author also publicly available huge corpus learn syntax grammar target language focus italian poet dante alighieri widely famous divine comedy quantitative qualitative experimental analysis generate tercet report included expert judge strong background humanistic study generate tercet frequently consider real generic population judge relative difference respect one really author dante expert judge perceive dante style rhyme generate text', 'one major problem writer poet face writer block condition author lose ability produce new work experience creative slowdown problem difficult context poetry prose latter case author need concise express idea also various aspect rhyme poetic meter relevant prose one effective way overcome write block poet prompt system would help imagination open mind new idea prompt system possibly generate one liner two liner full ghazals purpose work give ode urdu hindi poet help start next line poetry couplet complete ghazal consider various factor like rhyme refrain meter result help aspire poet get new idea help overcome writer block auto generate piece poetry use deep learning technique concern creative work like especially literary context ensure output plagiarize work also address concern make sure result odes exact match input data use parameter like temperature manual plagiarism check input corpus best knowledge although automatic text generation problem study quite extensively literature specific problem urdu hindi poetry generation explore much apart develop system auto generate urdu hindi poetry another key contribution work create clean preprocessed corpus urdu hindi poetry derive authentic resource make freely available researcher area', 'automatic text generation garner grow attention recent year essential step towards computer creativity generative pretraining transformer gpt one state art approach excellent success paper take first step investigate power gpt traditional vietnamese poetry generation earlier time experiment base gpt quite good generate poem proper template though learn pattern include rhyme tone rule train data like almost text generation approach poems generate still topic drift semantic inconsistency improve cohesion within poem propose new model sp gpt semantic poem gpt build top gpt model additional loss constrain context throughout entire poem well evaluation examine method automatic quantitative evaluation human evaluation automatic human evaluation demonstrate approach generate poems good cohesion without lose quality due additional loss time pioneer topic release first computational scoring module poem generate template containing style rule dictionary additionally first publish luc bat dataset include luc bat poems equivalent million sentence combine poem style also publish exploration code available http github com fsoft ailab poem generator']",26760
106,55,106_sequence label_crf_chunk_tag,"['sequence label', 'crf', 'chunk', 'tag', 'neural sequence', 'sequence tag', 'neural crf', 'lstm crf', 'ner chunk', 'sequence labeling']","['natural language processing nlp model current trend consist use increasingly extra data build best model possible implies expensive computational cost train time difficulty deployment worry model carbon footprint reveal critical problem future trend goal develop nlp model require extra data minimize training time paper explore markov chain model hide markov chain hmc pairwise markov chain pmc nlp segmentation task apply model three classic application pos tag name entity recognition chunk develop original method adapt model text segmentation specific challenge obtain relevant performance short training execution time pmc achieves equivalent result obtain conditional random field crf one apply model task extra data use moreover pmc training time times short crf one validates model give objective', 'shot sequence label fssl canonical solution tag model generalize emerge resource scarce domain paper propose esd enhance span base decomposition method follow metric base meta learn paradigm fssl esd improve previous method two perspective introduce optimal span decomposition framework formulate fssl optimization problem seek optimal span match test query support instance inference propose post processing algorithm alleviate false positive labeling resolve span conflict b enhance representation span class prototypes refine span representation inter cross span attention obtain class prototypical representation multi instance learn avoid semantic drift represent type specific entity slot prototype divide type span three category accord boundary information esd outperform previous method two popular fssl benchmark fewnerd snip proven robust nest noisy tag scenario', 'paper propose novel reinforcement learn base model sequence tag refer mm tag inspire success methodology alphago zero mm tag formalize problem sequence tag monte carlo tree search mcts enhance markov decision process mdp model time step correspond position word sentence leave right action corresponds assign tag word two long short term memory network lstm use summarize past tag assignment word sentence base output lstms policy guide tag assignment value predict whole tag accuracy whole sentence produce policy value strengthen mcts take produced raw policy value input simulate evaluates possible tag assignment subsequent position output good search policy assign tags reinforcement learn algorithm propose train model parameter work first apply mcts enhance mdp model sequence tag task show mm tag accurately predict tag thanks exploratory decision making mechanism introduce mcts experimental result show base chunking benchmark show mm tag outperform state art sequence tag baseline include crf crf lstm']",26760
107,54,107_abusive_abuse_harassment_abusive behavior,"['abusive', 'abuse', 'harassment', 'abusive behavior', 'sexual', 'abuse detection', 'gang', 'abusive detection', 'abusive content', 'ald']","['fringe group organization long history use euphemisms ordinary sounding word secret mean conceal discuss nowadays one common use euphemisms evade content moderation policy enforce social medium platform exist tool enforce policy automatically rely keyword search word ban list notoriously imprecise even limited swearword still cause embarrass false positive commonly use ordinary word acquire euphemistic meaning add keyword base ban list hopeless consider pot storage container marijuana heater household appliance firearm current generation social medium company instead hire staff check post manually expensive inhumane much effective usually apparent human moderator word use euphemistically may know secret meaning therefore whether message violates policy also euphemism ban group use need invent another one leave moderator one step behind paper demonstrate unsupervised algorithms analyze word sentence level context detect word use euphemistically identify secret meaning word compare exist state art use context free word embeddings algorithm detect euphemism achieve high detection accuracy unlabeled euphemisms text corpus algorithm reveal euphemistic meaning word first kind far aware arm race content moderator policy evaders algorithms may help shift balance direction moderator', 'objective goal study understand people experience sexism sexual harassment workplace discover theme experience post everyday sexism project website everydaysexism com method study use quantitative qualitative method quantitative method computational framework collect analyze large number workplace sexual harassment experience qualitative method analysis topic generate text mining method result twenty three topic cod group three overarch theme sex discrimination sexual harassment literature sex discrimination theme include experience woman treat unfavorably due sex pass promotion deny opportunity pay less men ignore talked meeting sex discrimination gender harassment theme include story sex discrimination gender harassment sexist hostility behavior range insult joke invoke misogynistic stereotype bully behavior last theme unwanted sexual attention contain story describe sexual comment behavior use degrade woman unwanted touch high weighted topic indicate common website user endure touch hug kiss groped grab conclusion study illustrates researcher use automatic process go beyond limit traditional research method investigate naturally occur large scale datasets internet achieve well understanding everyday workplace sexism experience', 'pervasiveness abusive content internet lead severe psychological physical harm significant effort natural language processing nlp research devote address problem abusive content detection relate sub area detection hate speech toxicity cyberbullying etc although current technology achieve high classification performance research study observe real life application technology cause unintended harm silence represent group review large body nlp research automatic abuse detection new focus ethical challenge organize around eight establish ethical principle privacy accountability safety security transparency explainability fairness non discrimination human control technology professional responsibility promotion human value many case principle relate situational ethical code may context dependent fact connect universal human right right privacy freedom discrimination freedom expression highlight need examine broad social impact technology bring ethical human right consideration every stage application life cycle task formulation dataset design model train evaluation application deployment guide principle identify several opportunity right respect socio technical solution detect confront online abuse include nudge quarantine value sensitive design counter narrative style transfer ai drive public education application']",26760
108,54,108_domain adaptation_adaptation_domain translation_domain nmt,"['domain adaptation', 'adaptation', 'domain translation', 'domain nmt', 'nmt', 'domain parallel', 'domain domain', 'domain', 'nmt domain', 'multi domain']","['previous research adapt general neural machine translation nmt model specific domain usually neglect diversity translation within domain core problem domain adaptation real world scenario one representative challenge scenario deploy translation system conference specific topic e g global warm coronavirus usually extremely less resource due limited schedule motivate wider investigation scenario present real world fine grain domain adaptation task machine translation fgrada fgrada dataset consist chinese english translation task four sub domain information technology autonomous vehicle ai education real time network smart phone sub domain equip development set test set evaluation purpose closer reality fgrada employ domain bilingual training data provide bilingual dictionary wiki knowledge base easier obtain within short time benchmark fine grain domain adaptation task present depth analysis show still challenge problem improve performance heterogeneous resource', 'nmt achieve remarkable result last year production system come strict quality requirement arbitrarily niche domain always adequately covered readily available parallel corpus typically address training domain specific model use fine tune method variation back translation top domain monolingual corpus however industrial practitioner rarely afford focus single domain far typical scenario include set closely related yet succinctly different sub domain book com need translate property description user review well message example send customer agent property manager editor might need translate article across set different topic e commerce platform would typically need translate description item user generate content related end propose mdt novel method simultaneously fine tune several sub domain pass multidimensional sentence level information model training inference show mdt achieve result competitive n specialist model fine tune single constituent domain effectively serve n sub domain therefore cut development maintenance cost factor besides bleu industry standard automatic evaluation metric know weakly correlate human judgement also report rigorous human evaluation result model sub domain well specific example well contextualise performance model term adequacy fluency facilitate research plan make code available upon acceptance', 'neural network train gradient descent know susceptible catastrophic forgetting cause parameter shift training process context neural machine translation nmt result poor performance heterogeneous datasets sub task like rare phrase translation hand non parametric approach immune forget perfectly complement generalization ability nmt however attempt combine non parametric retrieval base approach nmt successful narrow domains possibly due reliance sentence level retrieval propose novel n gram level retrieval approach rely local phrase level similarity allow u retrieve neighbor useful translation even overall sentence similarity low complement expressive neural network allow model extract information noisy retrieve context evaluate semi parametric nmt approach heterogeneous dataset compose wmt iwslt jrc acquis opensubtitles demonstrate gain evaluation set semi parametric nature approach open door non parametric domain adaptation demonstrate strong inference time adaptation performance new domain without need parameter update']",26760
109,54,109_ocr_character recognition_handwritten_historical,"['ocr', 'character recognition', 'handwritten', 'historical', 'print', 'optical character', 'optical', 'historical document', 'recognition ocr', 'ocr error']","['many real world application involve use optical character recognition ocr engine transform handwritten image transcript downstream natural language processing nlp model apply process ocr engine may introduce error input downstream nlp model become noisy despite pre train model achieve state art performance many nlp benchmark prove robust noisy text generate real ocr engine greatly limit application nlp model real world scenario order improve model performance noisy ocr transcript natural train nlp model label noisy text however case label clean text since handwritten picture correspond text impossible directly use recognition model obtain noisy label data human resource employ copy text take picture extremely expensive consider size data model training consequently interested make nlp model intrinsically robust ocr error low resource manner propose novel robust training framework employ simple effective method directly simulate natural ocr noise clean text iteratively mine hard example large number simulate sample optimal performance make model learn noise invariant representation stability loss employ experiment three real world datasets show propose framework boost robustness pre train model large margin believe work greatly promote application nlp model actual scenario although algorithm use simple straightforward make code three datasets publicly available footnote http github com tal ai robust learn msshem', 'today kind information get digitize along digitization huge archive various kind document digitize know optical character recognition method newspaper paper document convert digital resource fact method work texts result try process document contain non textual zone get garbage text output order digitize document properly prepossess carefully preprocessing segment document different region accord category properly important optical character recognition process available bangla language algorithm categorize newspaper book page fully work decompose document several part like headline sub headline column image etc input skew rotate input also deskewed de rotate decompose bangla document find edge input image find horizontal vertical area every pixel lie later input image cut accord area pick every sub image find height width ratio line height accord value sub image categorize deskew image find skew angle de skew image accord angle de rotate image use line height matra line pixel ratio matra line', 'article describe result case study apply neural network base optical character recognition ocr scan image book print train ocr engine ocropus breuel high ridge herbal text corpus odebrechtetalsubmitted training specific ocr model possible necessary ground truth available error correct diplomatic transcription ocr result evaluate accuracy ground truth unseen test set character word accuracy percentage correctly recognize item result machine readable texts individual document range character level word level include earliest print book think inaccessible ocr method recently furthermore ocr model train one part corpus consist book different printing date different typesets mixed model test predictive power book part contain yet font mostly yield character accuracy well therefore seem possible construct generalized model train range font apply wide variety historical printing still give good result moderate postcorrection effort page enable train individual model even good accuracy use method diachronic corpus include early printing construct much fast cheap manual transcription ocr method report open possibility transform print textual cultural heritage electronic text largely automatic mean prerequisite mass conversion scan book']",26760
110,53,110_temporal relation_temporal_event temporal_event,"['temporal relation', 'temporal', 'event temporal', 'event', 'relation event', 'timeml', 'temporal expression', 'temporal reason', 'temporal causal', 'event pair']","['extract temporal relation among event unstructured text extensive application temporal reason question answer difficult recent development neural symbolic method show promising result solve similar task current temporal relation extraction method usually suffer limited expressivity inconsistent relation inference example timeml annotation concept intersection absent additionally current method guarantee consistency among predicted annotation work propose smart neural semantic parser extract temporal information text effectively smarter parse natural language executable logical form representation base custom type lambda calculus train phase dynamic programming denotation dpd technique use provide weak supervision logical form inference phase smarter generate temporal relation graph execute logical form result neural semantic parser produce logical form capture temporal information text precisely accurate logical form representation event give context ensure correctness extracted relation', 'extract event time news article challenge attractive task contrast exist pair wised temporal link annotation reimers et al propose annotate time anchor k exact time event work represent time anchor discrete representation single day multi day certain uncertain increase complexity model temporal relation two time anchor cannot categorized relation allen interval algebra allen paper propose effective method decompose complex temporal relation sub level relation introduce unified quadruple representation single day multi day certain uncertain time anchor temporal relation classifier train multi label classification manner system structure approach much simpler exist decision tree model reimers et al compose dozen node classifier another contribution work construct large event time corpus news document reasonable inter annotator agreement iaa purpose overcome data shortage exist event time corpus news document empirical result show approach outperforms state art decision tree model increase data size obtain significant improvement performance', 'background grow research interest automate answer question generation summary free form text news article order implement task computer able identify sequence event duration event time event occur relationship type event pair time pairs event time pair specific problem important accurately identify relationship type combination event time temporal order event define machine learn approach take mani et al provide accuracy baseline data timebank researcher use maximum entropy classifier methodology timeml use tlink annotation tag relationship type event time time complexity quadratic come tag document tlink use human annotation research propose use decision tree parse improve relationship type tag research attempt solve gap human annotation automate task relationship type tag attempt improve accuracy event time relationship annotated document scope information document domain news use tagging perform within document across document relationship type identify pair event time chain event research focus document tag use timeml specification contains tags event tlink timex tag attribute identifier relation po time etc']",26760
111,53,111_stance_stance detection_stance classification_detect stance,"['stance', 'stance detection', 'stance classification', 'detect stance', 'stance quantification', 'target stance', 'sequential classifier', 'topic stance', 'favor', 'detection']","['popular social medium network provide perfect environment study opinion attitude express user interaction social medium twitter occur many natural language research stance detection position attitude express respect specific topic within natural language processing field largely do english although effort recently make develop annotate data language tell lack resource facilitate multilingual crosslingual research stance detection partially due fact manually annotate corpus social medium texts difficult slow costly process furthermore stance highly domain topic specific phenomenon need annotate data specially demand result manually label resource hinder relatively small size skew class distribution paper present method obtain multilingual datasets stance detection twitter instead manually annotate per tweet basis leverage user base information semi automatically label large amount tweet empirical monolingual cross lingual experimentation qualitative analysis show method help overcome aforementioned difficulty build large balance multilingual label corpus believe method easily adapt easily generate label social medium data natural language processing task domain', 'automate way extract stance deny vs support opinion conversation social medium essential advance opinion mining research recently renew excitement field see new model attempt improve state art however train evaluate model datasets use often small additionally small datasets uneven class distribution e tiny fraction example dataset favor deny stance example clear stance moreover exist datasets distinguish different type conversation social medium e g reply v quote twitter model train one event generalize event present work create new dataset label stance response post twitter reply quote controversial issue best knowledge currently large human label stance dataset twitter conversation stance label importantly design tweet collection methodology favor selection denial type response class expect useful identification rumor determine antagonistic relationship user moreover include many baseline model learn stance conversation compare performance various model show combine data reply quote decrease accuracy model indicate two modality behave differently come stance learning', 'extent user stance towards give topic could infer study stance detection focus analyse user post give topic predict stance however stance social medium inferred mixture signal might reflect user belief include post online interaction paper examine various online feature user detect stance towards different topic compare multiple set feature include topic content network interaction user preference online network connection objective understand online signal reveal user stance experimentation apply tweet dataset semeval stance detection task cover five topic result show stance user detect multiple signal user online activity include post topic network interact follow website visit content like performance stance model use different network feature comparable state art report model use textual content addition combine network content feature lead high report performance date semeval dataset f measure present extensive analysis show different set feature reveal stance finding distinct privacy implication highlight stance strongly embed user online social network principle individual profile interaction connection even post topic']",26760
112,53,112_character level_character_subword_sub character,"['character level', 'character', 'subword', 'sub character', 'level nmt', 'morphologically rich', 'morphologically', 'logographic', 'nmt', 'vocabulary']","['neural machine translation nmt model generally perform translation use fix size lexical vocabulary important bottleneck generalization capability overall translation quality standard approach overcome limitation segment word subword unit typically use external tool arbitrary heuristic result vocabulary unit optimize translation task recent study show approach extend perform nmt directly level character deliver translation accuracy par subword base model hand require relatively deep network paper propose computationally efficient solution character level nmt implement hierarchical decode architecture translation subsequently generate level word character evaluate different method open vocabulary nmt machine translation task english five language distinct morphological typology show hierarchical decode model reach high translation accuracy subword level nmt model use significantly few parameter demonstrate good capacity learning long distance contextual grammatical dependency standard character level nmt model', 'necessity use fix size word vocabulary order control model complexity state art neural machine translation nmt system important bottleneck performance especially morphologically rich languages conventional method aim overcome problem use sub word character level representation solely rely statistic disregard linguistic property word lead interruption word structure cause semantic syntactic loss paper propose new vocabulary reduction method nmt reduce vocabulary give input corpus rate also consider morphological property language method base unsupervised morphology learn principle use pre processing language pair also present alternative word segmentation method base supervised morphological analysis aid u measure accuracy model evaluate method turkish english nmt task input language morphologically rich agglutinative analyze different representation method term translation accuracy well semantic syntactic property generate output method obtain significant improvement bleu point conventional vocabulary reduction technique show provide good accuracy open vocabulary translation morphologically rich language', 'neural machine translation nmt researcher face challenge un see vocabulary oov word translation solve researcher propose split western language english german sub word compound paper try address oov issue improve nmt adequacy harder language chinese whose character even sophisticated composition integrate chinese radical nmt model different setting address unseen word challenge chinese english translation hand also consider semantic part mt system since chinese radical usually carry essential meaning word construct meaningful radical new character integrate nmt system model use attention base nmt system strong baseline system experiment standard chinese english nist translation share task data show design model outperform baseline model wide range state art evaluation metric include lepor beer character addition bleu nist score especially adequacy level translation also interesting finding result various experiment setting performance word character chinese nmt different language instance fully character level nmt may perform well state art languages researcher demonstrate recently however chinese nmt model word boundary knowledge important model learning']",26760
113,53,113_story_story generation_generate story_plot,"['story', 'story generation', 'generate story', 'plot', 'narrative', 'story generate', 'storytelling', 'educat', 'plan', 'automate story']","['propose task outline condition story generation give outline set phrase describe key character event appear story task generate coherent narrative consistent provide outline task challenge input provide rough sketch plot thus model need generate story interweave key point provide outline require model keep track dynamic state latent plot conditioning input outline generate full story present plotmachines neural narrative model learn transform outline coherent story track dynamic plot state addition enrich plotmachines high level discourse structure model learn different writing style correspond different part narrative comprehensive experiment three fiction non fiction datasets demonstrate large scale language model gpt grover despite impressive generation performance sufficient generate coherent narrative give outline dynamic plot state track important compose narrative tighter consistent plot', 'system story generation ask produce plausible enjoyable story give input context task underspecified vast number diverse story originate single input large output space make difficult build evaluate story generation model exist datasets lack rich enough contexts meaningfully guide model exist evaluation crowdsourced automatic unreliable assess long form creative text address issue introduce dataset evaluation platform build storium online collaborative storytelling community author generate dataset contains k lengthy story tokens fine grain natural language annotation e g character goal attribute intersperse throughout narrative forming robust source guide model evaluate language model fine tune dataset integrate onto storium real author query model suggest story continuation edit automatic metric compute edits correlate well user rating generate story qualitative feedback semi structure user interview release storium dataset evaluation platform spur principled research story generation', 'story generation challenge task demand maintain consistency plot character throughout story previous work show gpt large scale language model achieve good performance story generation however observe several serious issue still exist story generate gpt categorize two fold consistency coherency term consistency one hand gpt cannot guarantee consistency plot explicitly hand generate story usually contain coreference error term coherency gpt take account discourse relation sentence story directly enhance consistency coherency generate story propose two stage generation framework first stage organize story outline depict story plots event second stage expand outline complete story therefore plots consistency control guarantee explicitly addition coreference supervision signal incorporate reduce coreference error improve coreference consistency moreover design auxiliary task discourse relation model improve coherency generate story experimental result story dataset show model outperform baseline approach term automatic metric human evaluation']",26760
114,52,114_nat_autoregressive_non autoregressive_translation nat,"['nat', 'autoregressive', 'non autoregressive', 'translation nat', 'autoregressive translation', 'wmt en', 'autoregressive machine', 'nar', 'en', 'wmt']","['non autoregressive translation nat achieve fast inference speed cost bad accuracy compare autoregressive translation since nat share model structure easy task nat due explicit dependency previous target side tokens natural idea gradually shift model train easy task hard nat task smooth shift train nat train paper introduce semi autoregressive translation sit intermediate task sit contains hyperparameter k k value defines sit task different degree parallelism specially sat cover nat special case reduces k nat k n n length target sentence design curriculum schedule gradually shift k n different pace function number task train time call method task level curriculum learn nat tcl nat experiment iwslt de en iwslt en de wmt en de de en datasets show tcl nat achieves significant accuracy improvement previous nat baseline reduces performance gap nat model bleu point demonstrate effectiveness propose method', 'non autoregressive neural machine translation nat achieve significant decode speedup generate target word independently simultaneously however context non autoregressive translation word level cross entropy loss cannot model target side sequential dependency properly leading weak correlation translation quality result nat tends generate influent translation translation translation error paper propose train nat minimize bag ngrams bon difference model output reference sentence bag ngrams train objective differentiable efficiently calculate encourages nat capture target side sequential dependency correlate well translation quality validate approach three translation task show approach largely outperform nat baseline bleu score wmt en leftrightarrow de bleu score wmt en leftrightarrow ro', 'recent year neural machine translation nmt achieve notable result various translation task however word word generation manner determine autoregressive mechanism lead high translation latency nmt restricts low latency application non autoregressive neural machine translation nat remove autoregressive mechanism achieves significant decode speedup generate target word independently simultaneously nevertheless nat still take word level cross entropy loss training objective optimal output nat cannot properly evaluate due multimodality problem article propose use sequence level training objective train nat model evaluate nat output whole correlate well real translation quality firstly propose train nat model optimize sequence level evaluation metric e g bleu base several novel reinforcement algorithm customize nat outperforms conventional method reduce variance gradient estimation secondly introduce novel training objective nat model aim minimize bag ngrams bon difference model output reference sentence bon training objective differentiable calculate efficiently without approximation finally apply three stage train strategy combine two method train nat model validate approach four translation task wmt en leftrightarrow de wmt en leftrightarrow ro show approach largely outperform nat baseline achieves remarkable performance translation task source code available http github com ictnlp seq nat']",26760
115,52,115_categorical compositional_compositional distributional_categorical_compositional,"['categorical compositional', 'compositional distributional', 'categorical', 'compositional', 'coecke', 'quantifier', 'distributional', 'distributional semantics', 'sadrzadeh', 'lambek']","['recent work vector base compositional natural language semantics propose use density matrix model lexical ambiguity grade entailment e g piedeleu et al bankova et al sadrzadeh et al ambiguous word meaning work represent mixed state compositional interpretation phrase constituent part take form strongly monoidal functor send derivational morphisms pregroup syntax linear map fdhilb aim paper threefold firstly replace pregroup front end lambek categorial grammar directional implication express word selectional requirement curry howard correspondence derivation grammar type logic associate term order linear lambda calculus term read program compositional meaning assembly density matrix target semantic space secondly extend exist literature introduce symmetric nondegenerate bilinear form call metric defines canonical isomorphism vector space dual allow u keep distinction leave right implication thirdly use metric define density matrix space directional form model ubiquitous derivational ambiguity natural language syntax show alows integrate treatment lexical derivational form ambiguity control level interpretation', 'ability compose part form complex whole analyze whole combination element desirable across discipline workshop bring together researcher apply compositional approach physic nlp cognitive science game theory within nlp long stand aim represent word combine form phrase sentence within framework distributional semantics word represent vector vector space categorical model coecke et al inspire quantum protocol provide convince account compositionality vector space model nlp furthermore history vector space model cognitive science theory categorization develop nosofsky smith et al utilise notion distance feature vector recently g ardenfors develop model concept conceptual space provide geometric structure information represent point vector region vector space compositional approach apply formalism give conceptual space theory rich model compositionality previously bolt et al compositional approach also apply study strategic game nash equilibrium contrast classical game theory game study monolithically one global object compositional game theory work bottom build large complex game small component approach inherently difficult since interaction game consider research categorical compositional method field recently begin ghani et al moreover interaction three discipline cognitive science linguistics game theory fertile ground research game theory cognitive science well establish area camerer similarly game theoretic approach apply linguistics j ager lastly study linguistics cognitive science intimately intertwine smolensky legendre jackendoff physic supply compositional approach via vector space categorical quantum theory allow interplay three discipline examine', 'originally inspire categorical quantum mechanic abramsky coecke lics categorical compositional distributional model natural language meaning coecke sadrzadeh clark provide conceptually motivated procedure compute mean sentence give grammatical structure within lambek pregroup vectorial representation meaning part prediction first model outperformed model mainstream empirical language processing task large scale data moreover like cqm allow vary model interpret quantum axiom one also vary model interpret word mean paper show developments categorical quantum mechanic relevant natural language processing firstly selinger cpm construction allow explicitly take account lexical ambiguity distinguish two inherently different notion homonymy polysemy term model interpret word meaning mean passage vector space model density matrix despite change model standard empirical method compare meaning easily adopt demonstrate small scale experiment real world data experiment moreover provide preliminary evidence validity propose new model word mean secondly commutative classical structure well non commutative counterpart arise image cpm construction allow encode relative pronoun verbs adjective finally iteration cpm construction something counterpart quantum realm enable one accommodate entailment ambiguity']",26760
116,52,116_code mixed_mixed_sentiment code_code mix,"['code mixed', 'mixed', 'sentiment code', 'code mix', 'sentimix', 'mixed social', 'hinglish', 'hi en', 'hindi english', 'mix']","['sentiment analysis indian language sail code mixed tool contest aim identifying sentence level sentiment polarity code mixed dataset indian languages pair hi en ben hi en hi en dataset henceforth refer hi en ben hi en dataset bn en respectively submit four model sentiment analysis code mixed hi en bn en datasets first model ensemble voting classifier consist three classifier linear svm logistic regression random forest second one linear svm model use tf idf feature vector character n gram n range used scikit learn sklearn machine learn library implementing approach run obtain vote classifier run use linear svm model produce result four submit output run outperform run datasets finish first contest hi en f score bn en f score', 'fairly common use code mix social medium platform express opinion emotion multilingual society purpose task detect sentiment code mixed social medium text code mixed text pose great challenge traditional nlp system currently use monolingual resource deal problem multilingual mixing task solve past use lexicon lookup respective sentiment dictionary use long short term memory lstm neural network monolingual resource paper codalab username kongjun present system use bilingual vector gate mechanism bilingual resource complete task model consist two main part vector gate mechanism combine character word level attention mechanism extract important emotional part text result show proposed system outperform baseline algorithm achieve fifth place spanglish th place hinglish code paper availabled https github com junkong semveal task', 'nigerian english adaptation pidgin evolve year multi language code switch code mix linguistic adaptation pidgin preserve many word normal english language corpus spell pronunciation fundamental meaning word change significantly example ginger plant expression motivation tank container expression gratitude implication current approach use direct english sentiment analysis social medium text nigeria sub optimal able capture semantic variation contextual evolution contemporary meaning word practice many word nigerian pidgin adaptation standard english full english language base sentiment analysis model design capture full intent nigerian pidgin use alone code mixed augment scarce human label code change text ample synthetic code reformatted text meaning achieve significant improvement sentiment score research explores understand sentiment intrasentential code mix switch context significant word localization work present vader lexicon compatible nigerian pidgin sentiment tokens score gold standard nigerian pidgin tweet sentiment label']",26760
117,51,117_readability_readability assessment_persian_assessment,"['readability', 'readability assessment', 'persian', 'assessment', 'elt', 'elt curriculum', 'automatic readability', 'grade level', 'read difficulty', 'filipino']","['automatic readability assessment one important application natural language processing nlp education since automatic readability assessment allow fast selection appropriate reading material reader level proficiency particularly useful english education english foreign language efl student around world readability assessment model develop native reader english low accuracy text non native english language training elt curriculum introduce lxper index readability assessment model non native efl reader elt curriculum korea experiment show new model train cokec text text corpus korean elt curriculum significantly improve accuracy automatic readability assessment texts korean elt curriculum', 'readability assessment task determine difficult easy text level grade traditionally language dependent readability formula use formula take text characteristic account however natural language processing nlp tool assess complexity text able measure different feature adapt different language paper present multiaztertest tool open source nlp tool analyzes texts measure cohesion language readability english spanish basque whose architecture design easily adapt language ii readability assessment classifier improve performance coh metrix english coh metrix esp spanish errexail basque iii web tool multiaztertest obtains accuracy classify three reading level elementary intermediate advance english basque spanish classify two reading level simple complex use smo classifier use cross lingual feature multiaztertest also obtain competitive result complex vs simple distinction', 'determine readability text first step simplification paper present readability analysis tool capable analyze text write bengali language provide depth information readability complexity despite th speak language world million native speaker bengali suffers lack fundamental resource natural language processing readability relate research bengali language far consider narrow sometimes faulty due lack resource therefore correctly adopt document level readability formulas traditionally use u base education system bengali language proper age age comparison due unavailability large scale human annotate corpus divide document level task sentence level experiment neural architecture serve baseline future work bengali readability prediction process present several human annotate corpus dictionary document level dataset comprise document different grade level large scale sentence level dataset comprise k sentence simple complex label consonant conjunct count algorithm corpus word validate effectiveness algorithm list easy word update pronunciation dictionary k word resource useful several task low resource language make code dataset publicly available http github com tafseer nayeem bengalireadability reproduciblity']",26760
118,51,118_gans_gan_generative adversarial_discriminator,"['gans', 'gan', 'generative adversarial', 'discriminator', 'adversarial network', 'network gans', 'mode collapse', 'quality diversity', 'adversarial', 'generator']","['article propose adversarially trained normalized noisy feature auto encoder atnnfae byte level text generation atnnfae consist auto encoder internal code normalize unit sphere corrupt additive noise simultaneously replica decoder share parameter ae decoder use generator fed random latent vector adversarial discriminator train distinguish training sample reconstruct ae sample produce random input generator make entire generator discriminator path differentiable discrete data like text combine effect noise injection code share weight decoder generator prevent mode collapse phenomenon commonly observe gans since perplexity cannot apply non sequential text generation propose new evaluation method use total variance distance frequency hash cod byte level n gram ngtvd ngtvd single benchmark characterize quality diversity generate texts experiment offer large scale datasets arabic chinese english comparison n gram baseline recurrent neural network rnns ablation study noise level discriminator perform find rnns trouble compete n gram baseline atnnfae result generally competitive', 'train generative model generate high quality text sufficient diversity important open problem natural language generation nlg community recently generative adversarial model apply extensively text generation task adversarially trained generator alleviate exposure bias experience conventional maximum likelihood approach result promise generation quality however due notorious defect mode collapse adversarial training adversarially trained generator face quality diversity trade e generator model tend sacrifice generation diversity severely increase generation quality paper propose novel approach aim improve performance adversarial text generation via efficiently decelerate mode collapse adversarial train end introduce cooperative training paradigm language model cooperatively trained generator utilize language model efficiently shape data distribution generator mode collapse moreover instead engage cooperative update generator principled way formulate meta learn mechanism cooperative update generator serf high level meta task intuition ensure parameter generator adversarial update would stay resistant mode collapse experiment demonstrate propose approach efficiently slow pace mode collapse adversarial text generator overall propose method able outperform baseline approach significant margin term generation quality diversity testify domain', 'generative adversarial network gans show great capacity image generation discriminative model guide train generative model construct image resemble real image recently gans extend generate image generate sequence e g poem music cod exist gans sequence generation mainly focus general sequence grammar free many real world application however need generate sequence formal language constraint correspond grammar example test performance database one may want generate collection sql query similar query real user also follow sql syntax target database generate sequence highly challenge generator discriminator gans need consider structure sequence give grammar formal language address issue study problem syntax aware sequence generation gans collection real sequence set pre define grammatical rule give discriminator generator propose novel gan framework namely treegan incorporate give context free grammar cfg sequence generation process treegan generator employ recurrent neural network rnn construct parse tree generate parse tree translate valid sequence give grammar discriminator use tree structure rnn distinguish generate tree real tree show treegan generate sequence cfg generation fully conform give syntax experiment synthetic real data set demonstrate treegan significantly improve quality sequence generation context free language']",26760
119,51,119_emotion recognition_speech emotion_emotion_iemocap,"['emotion recognition', 'speech emotion', 'emotion', 'iemocap', 'ser', 'recognition ser', 'affect recognition', 'spontaneity', 'emotion speech', 'cross corpus']","['although speech recognition become widespread technology infer emotion speech signal still remain challenge address problem paper propose quaternion convolutional neural network qcnn base speech emotion recognition ser model mel spectrogram feature speech signal encode rgb quaternion domain show qcnn base ser model outperforms real value method ryerson audio visual database emotional speech song ravdess class dataset achieve best knowledge state art result qcnn also achieve comparable result state art method interactive emotional dyadic motion capture iemocap class berlin emo db class datasets specifically model achieves accuracy ravdess iemocap emo db datasets respectively addition result show quaternion unit structure well able encode internal dependency reduce model size significantly compare method', 'speech emotion recognition ser become key role global business today improve service efficiency like call center service recent sers base deep learning approach however efficiency deep learn depend number layer e deep layer higher efficiency hand deeper layer cause vanish gradient problem low learn rate high time consume therefore paper propose redesign exist local feature learn block lflb new design call deep residual local feature learn block deepreslflb deepreslflb consist three cascade block lflb residual local feature learn block reslflb multilayer perceptron mlp lflb build learn local correlation along extract hierarchical correlation deepreslflb take advantage repeatedly learn explain detail deeper layer use residual learn solve vanish gradient reduce overfitting mlp adopt find relationship learn discover probability predict speech emotion gender type base two available publish datasets emodb ravdess propose deepreslflb significantly improve performance evaluate standard metric accuracy precision recall f score', 'language agnostic approach recognize emotion speech remain incomplete challenge task paper use bangla english language assess whether distinguish emotion speech independent language follow emotion categorize study happiness anger neutral sadness disgust fear employ three emotional speech set first two develop native bengali speaker islamic university technology bangla english language separately third toronto emotional speech set tess develop native english speaker canada carefully select language independent prosodic feature adopt support vector machine svm model conduct three experiment carry proposition first experiment measure performance three speech set individually follow second experiment record classification rate combine speech set finally third experiment measure recognition rate training test model different speech set although study reveals speech emotion recognition ser mostly language independent disparity recognize emotional state like disgust fear two language moreover investigation infer non native speaker convey emotion speech much like express native tongue']",26760
120,51,120_nmt_source sentence_encoder free_neural machine,"['nmt', 'source sentence', 'encoder free', 'neural machine', 'translation nmt', 'attention base', 'rewriter evaluator', 'rewriter', 'chinese english', 'ambiguous noun']","['conventional attention base neural machine translation nmt conduct dynamic alignment generate target sentence repeatedly read representation source sentence keep fix generated encoder bahdanau et al attention mechanism greatly enhance state art nmt paper propose new attention mechanism call interactive attention model interaction decoder representation source sentence translation reading write operation interactive attention keep track interaction history therefore improve translation performance experiment nist chinese english translation task show interactive attention achieve significant improvement previous attention base nmt baseline state art variant attention base nmt e coverage model tu et al neural machine translator interactive attention outperform open source attention base nmt system groundhog bleu point open source phrase base system moses bleu point averagely multiple test set', 'dominant neural machine translation nmt model apply unified attentional encoder decoder neural network translation traditionally nmt decoder adopt recurrent neural network rnns perform translation leave toright manner leave target side context generate right left unexploited translation paper equip conventional attentional encoder decoder nmt framework backward decoder order explore bidirectional decoding nmt attend hidden state sequence produce encoder backward decoder first learn generate target side hidden state sequence right leave forward decoder performs translation forward direction translation prediction timestep simultaneously apply two attention model consider source side reverse target side hidden state respectively new architecture model able fully exploit source target side context improve translation quality altogether experimental result nist chinese english wmt english german translation task demonstrate model achieves substantial improvement conventional nmt bleu point respectively source code work obtain https github com deeplearnxmu abdnmt', 'attention base encoder decoder effective architecture neural machine translation nmt typically rely recurrent neural network rnn build block lately call attentive reader decode process design encoder yield relatively uniform composition source sentence despite gate mechanism employ encode rnn hand often hope decoder take piece source sentence varying level suit linguistic structure example may want take entity name raw form take idiom perfectly compose unit motivated demand propose multi channel encoder mce enhances encode component different level composition specifically addition hidden state encode rnn mce take original word embed raw encode composition particular design external memory neural turing machine ntm complex composition three encode strategy properly blend decode empirical study chinese english translation show model improve bleu point upon strong open source nmt system dl mt wmt english french task single shallow system achieve bleu comparable state art deep model']",26760
121,51,121_causal_causality_causal inference_cause effect,"['causal', 'causality', 'causal inference', 'cause effect', 'causal relation', 'causal explanation', 'extract causal', 'causal statement', 'causal attribution', 'event causality']","['context causal relation e g b prevalent functional requirement various application ai e g automatic derivation suitable test case requirement automatically extract causal statement basic necessity problem lack approach able extract causal relation natural language requirement fine grained form specifically exist approach consider combinatorics cause effect also allow split cause effect granular text fragment e g variable condition making extracted relation unsuitable automatic test case derivation objective contribution address research gap make follow contribution first present causality treebank first corpus fully label binary parse tree represent composition causal requirement second propose fine grain causality extractor base recursive neural tensor network approach capable recover composition causal statement write natural language achieve f score evaluation causality treebank third disclose open data set well code foster discourse automatic extraction causality community', 'objective leveraging machine learn method aim extract explicit implicit cause effect association patient report diabetes related tweet provide tool well understand opinion feeling observation share within diabetes online community causality perspective material method million diabetes related tweet english collect april january deep learn natural language processing method apply focus tweet personal emotional content cause effect tweet dataset manually label use train fine tune bertweet model detect causal sentence contain causal association crf model bert base feature extract possible cause effect association cause effect cluster semi supervise approach visualise interactive cause effect network result causal sentence detect recall imbalanced dataset crf model bert base feature outperform fine tune bert model cause effect detection macro recall lead sentence cause effect association diabetes identified central cluster follow death insulin insulin pricing related cause frequently associate death conclusion novel methodology develop detect causal sentence identify explicit implicit single multi word cause correspond effect express diabetes related tweet leverage bert base architecture visualise cause effect network extract causal association real life patient report outcomes social medium data provide useful complementary source information diabetes research', 'causality understand event critical natural language processing task helpful many area include health care business risk management finance close examination one find huge amount textual content form formal document content arise social medium like twitter dedicate communicate explore various type causality real world recognize cause effect relationships natural language event continue remain challenge simply often express implicitly implicit causality hard detect technique employ literature also time perceived ambiguous vague also although well know datasets exist problem example limit range complexity causal relationship depict especially relate implicit relationship contemporary method either base lexico semantic pattern match feature drive supervise method therefore expect method gear towards handle explicit causal relationship lead limited coverage implicit relationship hard generalize paper investigate language model capability causal association among event express natural language text use sentence context combine event information leverage mask event context domain domain data distribution propose method achieve state art performance three different data distribution leveraged extraction causal diagram building chain event unstructured text']",26760
122,50,122_dialogue summarization_meeting_summarization_summary,"['dialogue summarization', 'meeting', 'summarization', 'summary', 'meeting summarization', 'abstractive dialogue', 'transcript', 'dialogue summary', 'abstractive', 'summarize']","['summarization speech difficult problem due spontaneity flow disfluency issue usually encounter write texts work present first application bertsum model conversational language generate abstractive summary narrate instructional video across wide variety topic garden cooking software configuration sport order enrich vocabulary use transfer learn pretrain model large cross domain datasets write spoken english also preprocessing transcript restore sentence segmentation punctuation output asr system result evaluate rouge content f score wikihow datasets engage human judge score set summary randomly select dataset curated howto youtube base blind evaluation achieve level textual fluency utility close summary write human content creator model beat current sota apply wikihow article vary widely style topic show performance regression canonical cnn dailymail dataset due high generalizability model across different style domains great potential improve accessibility discoverability internet content envision integrate feature intelligent virtual assistant enable summarize write spoken instructional content upon request', 'previous dialogue summarization datasets mainly focus open domain chitchat dialogues summarization datasets broadly use task orient dialogue explore yet automatically summarize task orient dialogue help business collect review need improve service besides previous datasets pay attention generate good summary higher rouge score hardly understand structure information dialogue ignore factuality summary paper introduce large scale public task orient dialogue summarization dataset todsum aim summarize key point agent complete certain task user compare exist work todsum suffers severe scatter information issue require strict factual consistency make hard directly apply recent dialogue summarization model therefore introduce additional dialogue state knowledge todsum enhance faithfulness generate summary hope well understanding conversational content help summarization model generate concise coherent summary meanwhile establish comprehensive benchmark todsum propose state aware structure dialogue summarization model integrate dialogue state information dialogue history exhaustive experiment qualitative analysis prove effectiveness dialogue structure guidance finally discuss current issue todsum potential development direction future work', 'summary meeting important convey essential content discussion concise form generally time consume read understand whole document therefore summary play important role reader interested important context discussion work address task meeting document summarization automatic summarization system meeting conversation develop far primarily extractive result unacceptable summary hard read extract utterance contain disfluency affect quality extractive summary make summary much readable propose approach generate abstractive summary fuse important content several utterance first separate meeting transcript various topic segment identify important utterance segment use supervise learn approach important utterance combine together generate one sentence summary text generation step dependency parse utterance segment combine together create direct graph informative well form sub graph obtain integer linear programming ilp select generate one sentence summary topic segment ilp formulation reduce disfluency leverage grammatical relation prominent non conversational style text therefore generates summary comparable human write abstractive summary experimental result show method generate informative summary baseline addition readability assessment human judge well log likelihood estimate obtain dependency parser show generate summary significantly readable well form']",26760
123,50,123_amr_amr parse_smatch_amr parser,"['amr', 'amr parse', 'smatch', 'amr parser', 'amr graph', 'amrs', 'representation amr', 'mean representation', 'ldc', 'parser']","['system generate natural language text abstract meaning representation amr typically evaluate use automatic surface match metric compare generate texts reference text input mean representation construct show besides well know issue metric suffer additional problem arise apply metric amr text evaluation since abstract mean representation allow numerous surface realization work aim alleviate issue propose mathcal mathcal f beta decomposable metric build two pillar first principle mean preservation mathcal measure extent give amr reconstruct generated sentence use sota amr parser apply fine grain amr evaluation metric measure distance original reconstruct amr second pillar build principle grammatical form mathcal f measure linguistic quality generate text implement use sota language model two extensive pilot study show fulfillment principle offer benefit amr text evaluation include explainability score since mathcal mathcal f beta necessarily rely gold amrs may extend text generation task', 'abstract mean representation amr represent sentence direct acyclic root graph aim capture mean machine readable format amr parse convert natural language sentence graph however evaluate parser new data mean comparison manually create amr graph costly also would like able detect parse questionable quality prefer result alternative system select one assess good quality propose amr accuracy prediction task predict several metric correctness automatically generate amr parse absence correspond gold parse develop neural end end multi output regression model perform three case study firstly evaluate model capacity predict amr parse accuracy test whether reliably assign high score gold parses secondly perform parse selection base predicted parse accuracy candidate parses alternative system aim improve overall result finally predict system rank submission two amr share tasks basis predict parse accuracy average experiment carry across two different domain show method effective', 'two extension amr smatch score script present first extension com bine smatch score script c rule base classifier produce human readable report error pattern frequency observe scored amr graph first extension result gain state art camr baseline parser add manually craft wrapper fix identify camr parser error second extension combine per sentence smatch en semble method select best amr graph among set amr graphs sentence second modification au tomatically yield gain ap ply output two nondeterministic amr parser camr wrapper parser novel character level neural translation amr parser amr parse task character level neural translation attains surprising gain carefully optimize word level neural translation overall achieve smatch f semeval official scor ing set f ldc e test set']",26760
124,50,124_augmentation_mixup_augmentation technique_augmentation nlp,"['augmentation', 'mixup', 'augmentation technique', 'augmentation nlp', 'da', 'eda', 'decra', 'augment example', 'nl augmenter', 'aeda']","['data hungry deep neural network establish standard many nlp task include traditional sequence tag one despite state art performance high resource language still fall behind statistical counter part low resource scenario one methodology counter attack problem text augmentation e generate new synthetic training data point exist data although nlp recently witness load textual augmentation technique field still lack systematic performance analysis diverse set language sequence tag task fill gap investigate three category text augmentation methodology perform change syntax e g crop sub sentence token e g random word insertion character e g character swapping level systematically compare part speech tag dependency parse semantic role label diverse set language family use various model include architecture rely pretrained multilingual contextualized language model mbert augmentation significantly improve dependency parse follow part speech tag semantic role label find experimented technique effective morphologically rich languages general rather analytic language vietnamese result suggest augmentation technique improve strong baseline base mbert identify character level method consistent performer synonym replacement syntactic augmenters provide inconsistent improvement finally discuss result heavily depend task language pair model type', 'investigate role linguistic knowledge data augmentation da natural language processing nlp particularly whether linguistic knowledge lead well da approach design two adapted da program apply lcqmc large scale chinese question match corpus binary chinese question match classification task two da program produce augment texts five simple text edit operation da technique largely irrespective language generation rule one enhance pre train n gram language model fuse prior linguistic knowledge train four neural network model bow cnn lstm rnn gru rnn pre train model ernie gram lcqmc train set vary size well relate augment train set produce two da program test set performance five classification model show add probabilistic linguistic knowledge constrains make base da program well since significant performance difference model train two type augment train set five da technique apply together separately moreover due inability five da technique make strictly paraphrastic augment texts result indicate need sufficient amount train example classification model train mediate negative impact false matching augment text pair improve performance limitation random text edit perturbation use da approach', 'practice common find oneself far little text data train deep neural network big data wall represent challenge minority language community internet organization laboratory company compete gafam google amazon facebook apple microsoft research effort text data augmentation aim long term goal find end end learn solution equivalent use neural network fee neural network engineering work focus use practical robust scalable easy implement data augmentation pre process technique similar successful computer vision several text augmentation technique experiment exist one test comparison purpose noise injection use regular expression others modify improved technique like lexical replacement finally innovative one generation paraphrase use back translation transformation syntactic tree base robust scalable easy use nlp cloud apis text augmentation technique study amplification factor increase accuracy result range significant statistical fluctuation standardize task text polarity prediction standard deep neural network architecture test multilayer perceptron mlp long short term memory recurrent network lstm bidirectional lstm bilstm classical xgboost algorithm test improvement']",26760
125,50,125_ultrasound_glottal_tongue_tract,"['ultrasound', 'glottal', 'tongue', 'tract', 'glottal flow', 'excitation', 'vocal tract', 'cepstrum', 'dysarthric', 'creaky']","['speech generate parametric synthesizer generally suffer typical buzziness similar encounter old lpc like vocoders order alleviate problem suit model excitation adopt hereby propose adaptation deterministic plus stochastic model dsm residual model excitation divide two distinct spectral band delimit maximum voiced frequency deterministic part concern low frequency content consist decomposition pitch synchronous residual frame orthonormal basis obtain principal component analysis stochastic component high pas filter noise whose time structure modulate energy envelope similarly do harmonic plus noise model hnm propose residual model integrate within hmm base speech synthesizer compare traditional excitation subjective test result show significative improvement male female voice addition propose model require computational load memory essential integration commercial application', 'model speech production often rely source filter approach although method parameterizing filter nowadays reach certain maturity still lot gain several speech processing application find appropriate excitation model manuscript present deterministic plus stochastic model dsm residual signal dsm consist two contribution act two distinct spectral band delimit maximum voiced frequency component extract analysis perform speaker dependent dataset pitch synchronous residual frame deterministic part model low frequency content arise orthonormal decomposition frame stochastic component high frequency noise modulate time frequency interest phonetic computational property dsm also highlight applicability dsm two field speech process study first show incorporate dsm vocoder hmm base speech synthesis enhances deliver quality propose approach turn significantly outperform traditional pulse excitation provide quality equivalent straight second application potential glottal signature derive propose dsm investigate speaker identification purpose interestingly signatures show lead good recognition rate glottal base method', 'speech sound disorder common communication impairment childhood speech disorder negatively affect life development child clinical intervention often recommend help diagnosis treatment clinician use instrumented method spectrograms ultrasound tongue image analyse speech articulation analysis method laborious clinician therefore grow interest automation paper investigate contribution ultrasound tongue image automatic detection speech articulation error system train typically develop child speech augment database adult speech use audio ultrasound evaluation typically develop speech indicate pre train adult speech jointly use ultrasound audio give best result accuracy evaluate disorder speech collect pronunciation score experience speech language therapist focus case velar front glide r score show good inter annotator agreement velar front glide error automatic velar front error detection best result obtain jointly use ultrasound audio best system correctly detect error identify experienced clinician segment identified error best system match error identify clinician result automatic glide detection harder interpret due poor inter annotator agreement appear promise overall finding suggest automatic detection speech articulation error potential integrate ultrasound intervention software automatically quantify progress speech therapy']",26760
126,49,126_ad_query_search query_search engine,"['ad', 'query', 'search query', 'search engine', 'query intent', 'search', 'advertiser', 'engine', 'click', 'sponsor search']","['advertising ad short keyword suggestion important sponsor search improve online advertising increase search revenue two common challenge task first keyword bidding problem hot ad keywords expensive advertiser advertiser bid popular keywords unpopular keywords difficult discover result ad chance present user second inefficient ad impression issue large proportion search query unpopular yet relevant many ad keywords ad present search result page exist retrieval base match base method either deteriorate bidding competition unable suggest novel keywords cover query lead inefficient ad impression address issue work investigates use generative neural network keyword generation sponsor search give purchase keyword word sequence input model generate set keywords relevant input also satisfy domain constraint enforces domain category generate keyword expect furthermore reinforcement learn algorithm propose adaptively utilize domain specific information keyword generation offline evaluation show propose model generate keywords diverse novel relevant source keyword accordant domain constraint online evaluation show generative model improve coverage cov click rate ctr revenue per mille rpm substantially sponsor search', 'come effective ad text time consume process particularly challenge small business limited advertising experience inexperienced advertiser onboards poorly write ad text ad platform opportunity detect low performing ad text provide improvement suggestion realize opportunity propose ad text strength indicator tsi predict click rate ctr input ad text ii fetch similar exist ad create neighborhood around input ad iii compare predict ctrs neighborhood declare whether input ad strong weak addition suggestion ad text improvement tsi show anonymized version superior ad higher predict ctr neighborhood propose bert base text ctr model train impression click associate ad text ii propose sentence bert base semantic ad similarity model train use weak label ad campaign setup data offline experiment demonstrate bert base text ctr model achieve significant lift ctr prediction auc cold start new advertiser compare bag word base baseline addition semantic textual similarity model similar ad retrieval achieves precision retrieve ad product category significantly high compare unsupervised tf idf word vec sentence bert baseline finally share promising online result advertiser yahoo verizon medium ad platform variant tsi implement sub second end end latency', 'numerous online stock image library offer high quality yet copyright free image use marketing campaign assist advertiser navigate third party library study problem automatically fetch relevant ad image give ad text via short textual query image motivate observation log data ad image search query give ad text formulate keyword extraction problem keyword extract ad text augment version serve ad image query context propose visualtextrank unsupervised method augment input ad text use semantically similar ad ii extract image query augment ad text visualtextrank build prior work graph base context extraction bias textrank particular leverage text image similar ad well keyword extraction use advertiser category specific bias sentence bert embeddings use data collect verizon medium native yahoo gemini ad platform stock image search feature onboarding advertiser demonstrate superiority visualtextrank compare competitive keyword extraction baseline include accuracy lift bias textrank case stock image library restrict english query show effectiveness visualtextrank multilingual ad translate english leveraging semantically similar english ad online test simplify version visualtextrank lead increase usage stock image search increase advertiser onboarding rate verizon medium native ad platform']",26760
127,49,127_prompt_prompt tune_prompt learn_soft prompt,"['prompt', 'prompt tune', 'prompt learn', 'soft prompt', 'prompt base', 'shot learn', 'shot', 'shot learner', 'continuous prompt', 'gpt']","['pre train language model plms learn universal representation effectively adapt broad nlp task differ lot superficially work empirically find evidence indicate adaptation plms various task reparameterized optimize free parameter common low dimensional intrinsic task subspace may help u understand plms could easily adapt various nlp task small scale data specifically find subspace examine universality resort recent success prompt tune decompose soft prompt multiple nlp task low dimensional nonlinear subspace learn adapt plm unseen task data tune parameter subspace dub pipeline intrinsic prompt tune ipt experiment study diverse shot nlp task surprisingly find dimensional subspace find random task tune free parameter recover full prompt tune performance see task use different training data unseen task respectively show great generalization ability find intrinsic task subspace besides analysis tool ipt could bring practical benefit improve prompt tuning stability', 'prompt tune pt promise parameter efficient method utilize extremely large pre train language model plms could achieve comparable performance full parameter fine tune tune soft prompt however compare fine tune pt empirically require much training step explore whether improve efficiency pt reuse trained soft prompt share learn knowledge empirically investigate transferability soft prompt across different task model cross task transfer find trained soft prompt well transfer similar task initialize pt accelerate training improve performance moreover explore factor influence prompt transferability across task investigate measure prompt similarity find overlap rate activate neuron highly correlate transferability cross model transfer explore project prompt plm another plm successfully train kind projector achieve non trivial transfer performance similar task however initialize pt project prompt work well may cause optimization preference plms high redundancy finding show improve pt knowledge transfer possible promising prompt cross task transferability generally well cross model transferability', 'prompt pre trained language model plms show remarkable performance bridge gap pre training task various downstream task among method prompt tune freezes plms tune soft prompt provide efficient effective solution adapt large scale plms downstream task however prompt tune yet fully explore pilot experiment find prompt tuning performs comparably conventional full model fine tune downstream data sufficient whereas performs much bad shot learn setting may hinder application prompt tune practice attribute low performance manner initialize soft prompt therefore work propose pre train prompt add soft prompt pre train stage obtain good initialization name pre train prompt tune framework ppt ensure generalization ppt formulate similar classification task unify task form pre train soft prompt unify task extensive experiment show tune pre train prompt downstream task reach even outperform full model fine tune full data shot setting approach effective efficient use large scale plms practice']",26760
128,49,128_mmt_multimodal translation_multimodal_multimodal machine,"['mmt', 'multimodal translation', 'multimodal', 'multimodal machine', 'manga', 'translation mmt', 'visual', 'multi modal', 'manga translation', 'image description']","['visual genome dataset connecting structure image information english language present hindi visual genome multimodal dataset consist text image suitable english hindi multimodal machine translation task multimodal research select short english segment caption visual genome along associate image automatically translate hindi manual post edit take associate image account prepared set segment accompany challenge test set segment challenge test set create search particularly ambiguous english word base embed similarity manually select image help resolve ambiguity dataset first multimodal english hindi machine translation freely available non commercial research purpose hindi version visual genome also allow create hindi image labelers practical tool hindi visual genome also serve workshop asian translation wat multi modal translation task', 'leverage visual modality effectively neural machine translation nmt remain open problem computational linguistics recently caglayan et al posit observe gain limit mainly due simple short repetitive sentence multi k dataset multimodal mt dataset available time render source text sufficient context work investigate hypothesis new large scale multimodal machine translation mmt dataset time longer mean sentence length multi k repetition propose evaluate three novel fusion technique design ensure utilization visual context different stage sequence sequence transduction pipeline even full linguistic context however still obtain marginal gain full linguistic context posit visual embeddings extract deep vision model resnet multi k resnext lend increase discriminativeness vocabulary element token level prediction nmt demonstrate qualitatively analyze attention distribution quantitatively principal component analysis arrive conclusion quality visual embeddings rather length sentence need improve exist mmt datasets', 'multimodal machine translation mmt mainly focus enhance text translation visual feature attract considerable attention computer vision natural language processing community current mmt model resort attention mechanism global context model multimodal joint representation learn utilize visual feature however attention mechanism lack sufficient semantic interaction modality two provide fix visual context unsuitable model observed variability generate translation address issue paper propose novel dynamic context guide capsule network dccn mmt specifically timestep decode first employ conventional source target attention produce timestep specific source side context vector next dccn take vector input use guide iterative extraction relate visual feature via context guide dynamic rout mechanism particularly represent input image global regional visual feature introduce two parallel dccns model multimodal context vector visual feature different granularity finally obtain two multimodal context vector fuse incorporated decoder prediction target word experimental result multi k dataset english german english french translation demonstrate superiority dccn code available http github com deeplearnxmu mm dccn']",26760
129,48,129_privacy_privacy policy_differential privacy_private,"['privacy', 'privacy policy', 'differential privacy', 'private', 'gdpr', 'differential', 'differentially private', 'privacy guarantee', 'differentially', 'policy']","['use machine learn algorithms model user behavior drive business decision become increasingly commonplace specifically provide intelligent recommendation automate decision making lead increase use customer personal data analyze customer behavior predict interest company product increase use customer personal data lead good model also potential customer data leak reverse engineer mishandled paper assess differential privacy solution address privacy problem build privacy protection data engineering model training stage predictive model development interest pragmatic implementation operational environment necessitate general purpose differentially private modeling framework evaluate one tool leapyear apply credit risk model domain credit risk model major model methodology banking finance user data analyze determine total expect loss bank examine application differential privacy credit risk model evaluate performance differentially private model non differentially private model credit risk model major model methodology banking finance user data analyze determine total expect loss bank paper explore application differential privacy credit risk model evaluate performance non differentially private model differentially private model', 'balance privacy utility tradeoff crucial requirement many practical machine learn system deal sensitive customer data popular approach privacy preserve text analysis noise injection text data first map continuous embed space perturb sample spherical noise appropriate distribution project back discrete vocabulary space allow perturbation admit require metric differential privacy often utility downstream task model perturb data low spherical noise account variability density around different word embed space particular word sparse region likely unchanged even noise scale large use global sensitivity mechanism potentially add much noise word dense region embed space cause high utility loss whereas use local sensitivity leak information scale noise added paper propose text perturbation mechanism base carefully design regularize variant mahalanobis metric overcome problem give noise scale metric add elliptical noise account covariance structure embed space heterogeneity noise scale along different direction help ensure word sparse region sufficient likelihood replacement without sacrifice overall utility provide text perturbation algorithm base metric formally prove privacy guarantee additionally empirically show mechanism improve privacy statistic achieve level utility compare state art laplace mechanism', 'eu general data protection regulation gdpr one demand comprehensive privacy regulation time year go effect study impact landscape privacy policy online conduct first longitudinal depth scale assessment privacy policy gdpr gauge complete consumption cycle policy first user impression compliance assessment create diverse corpus two set unique english language privacy policy inside outside eu cover pre gdpr post gdpr version result test analyse suggest gdpr catalyst major overhaul privacy policy inside outside eu overhaul policy manifest extensive textual change especially eu base website come mixed benefit user privacy policy become considerably longer user study participant amazon mturk indicate significant improvement visual representation privacy policy user perspective eu website develop new workflow automate assessment requirement privacy policy use workflow show privacy policy cover data practice consistent seven compliance requirement post gdpr also assess transparent organization privacy practice perform specificity analysis analysis find evidence positive change trigger gdpr specificity level improve average still find landscape privacy policy transitional phase many policy still meet several key gdpr requirement improve coverage come reduce specificity']",26760
130,48,130_geolocation_location_poi_geographic,"['geolocation', 'location', 'poi', 'geographic', 'toponym', 'geo', 'geoparsing', 'place', 'geocoding', 'geospatial']","['nearby place e g city describe related word article transfer research question field lexical encode geographic information onto level intertextuality end explore volunteer geographic information vgi model text address place level city region help call topic network do examine language encodes network geographic information aboutness level texts hypothesis network thematizations place similar regardless distance underlie community author investigate introduce multiplex topic network mtn automatically derive linguistic multilayer network lmn novel model especially thematic network text corpus study show zipfian organization thematic universe geographical place especially city locate online communication interpret find context cognitive map notion extend call thematic map accord interpretation find organization thematic map part cognitive map result tendency author generate shareable content ensures continue existence underlying medium test hypothesis example special wikis extract wikipedia way come conclusion place whether close locate neighboring place span similar subnetworks topic universe', 'provide timely accessibility reminder point interest poi play vital role improve user satisfaction find place make visit decision however difficult keep poi database sync real world counterpart due dynamic nature business change alleviate problem formulate present practical solution jointly extract poi mention identifies couple accessibility label unstructured text approach task sequence tag problem goal produce poi name accessibility label pair unstructured text task challenge two main issue poi names often newly coin word successfully register new entity brand may exist multiple pair text necessitate deal one many many one map make poi couple accessibility label end propose geographic enhance dependency guide sequence tag gedit model concurrently address two challenge first alleviate challenge develop geographic enhance pre train model learn text representation second mitigate challenge apply relational graph convolutional network learn tree node representation parse dependency tree finally construct neural sequence tag model integrate feed previously pre learned representation crf layer extensive experiment conduct real world dataset demonstrate superiority effectiveness gedit addition already deploy production baidu map statistic show propose solution save significant human effort labor cost deal amount document confirm practical way poi accessibility maintenance', 'rise social medium people obtain share information almost instantly basis many research area try gain valuable insight large volume freely available user generate content goal extract knowledge social medium stream might useful context intelligent transportation system smart city design developed framework provide functionality parallel collection geo locate tweet multiple pre define bound box city region include filter non comply tweet text pre process portuguese english language topic model transportation specific text classifier well aggregation data visualization perform exploratory data analysis geo locate tweet different city rio de janeiro ao paulo new york city london melbourne comprise total million tweet period month furthermore perform large scale topic model comparison rio de janeiro ao paulo interestingly topic share city despite country consider different regard population economy lifestyle take advantage recent development word embeddings train representation collection geo locate tweet use combination bag embeddings traditional bag word train travel relate classifier portuguese english filter travel relate content non relate create specific gold standard data perform empirical evaluation result classifier result line research work application area show robustness use word embeddings learn word similarity bag word able capture']",26760
131,47,131_emoji_emojis_sticker_emoji prediction,"['emoji', 'emojis', 'sticker', 'emoji prediction', 'emojinet', 'emoji sentiment', 'emoji usage', 'skin', 'emoji sense', 'skin tone']","['sticker vivid engage expression become increasingly popular online message apps work dedicate automatically select sticker response match text label sticker previous utterance however due large quantity impractical require text label sticker hence paper propose recommend appropriate sticker user base multi turn dialog context history without external label two main challenge confront task one learn semantic meaning sticker without correspond text label another challenge jointly model candidate sticker multi turn dialog context tackle challenge propose sticker response selector srs model specifically srs first employ convolutional base sticker image encoder self attention base multi turn dialog encoder obtain representation sticker utterance next deep interaction network propose conduct deep matching sticker utterance dialog history sr learn short term long term dependency interaction result fusion network output final matching score evaluate propose method collect large scale real world dialog dataset sticker one popular online chat platform extensive experiment conduct dataset show model achieve state art performance commonly use metric experiment also verify effectiveness component sr facilitate research sticker selection field release dataset k multi turn dialog sticker pair', 'emojis establish popular mean communication online message despite apparent ubiquity image base token however interpretation ambiguity may allow unique us emojis appear paper present first examination emoji usage hacktivist group via study anonymous collective twitter research aim identify whether anonymous affiliate evolve approach use emojis compare large dataset anonymous tweet baseline tweet dataset randomly sample twitter user use computational qualitative analysis compare emoji usage utilise word vec language model examine semantic relationship emojis identify clear distinction emoji emoji relationship anonymous user explore emojis use mean convey emotion find despite little commonality emoji emoji semantic tie anonymous emoji usage display similar pattern emotional purpose emojis baseline twitter user finally explore textual context emojis occur find although similarity exist emoji usage anonymous baseline twitter datasets anonymous user appear adopt specific interpretation certain emojis include use emojis mean express adoration infatuation towards notable anonymous affiliate finding indicate emojis appear retain considerable degree similarity within anonymous account compare typical twitter user however sign emoji usage anonymous account evolve somewhat gaining additional group specific association reveal new insight behaviours unusual collective', 'sticker vivid engage expression become increasingly popular online message apps work dedicate automatically select sticker response match sticker image previous utterance however exist method usually focus measure match degree dialog context sticker image ignore user preference use sticker hence paper propose recommend appropriate sticker user base multi turn dialog context sticker use history user two main challenge confront task one model sticker preference user base previous sticker selection history another challenge jointly fuse user preference match dialog context candidate sticker final prediction make tackle challenge propose emph preference enhance sticker response selector pesrs model specifically pesrs first employ convolutional base sticker image encoder self attention base multi turn dialog encoder obtain representation sticker utterance next deep interaction network propose conduct deep matching sticker utterance model user preference use recently select sticker input use key value memory network store preference representation pesrs learn short term long term dependency interaction result fusion network dynamically fuse user preference representation final sticker selection prediction extensive experiment conduct large scale real world dialog dataset show model achieve state art performance commonly use metric experiment also verify effectiveness component pesrs']",26760
132,47,132_protein_ppi_biomedical_chemical,"['protein', 'ppi', 'biomedical', 'chemical', 'protein interaction', 'ppi extraction', 'biocreative', 'protein protein', 'chemical protein', 'cdr']","['biomedical literature provide rich source knowledge protein protein interaction ppis drug drug interaction ddis chemical protein interaction cpis biomedical relation extraction aim automatically extract biomedical relation biomedical text various biomedical research state art method biomedical relation extraction primarily base supervise machine learn therefore depend sufficient label data however create large set train data prohibitively expensive labor intensive especially biomedicine domain knowledge require contrast large amount unlabeled biomedical text available pubmed hence computational method capable employ unlabeled data reduce burden manual annotation particular interest biomedical relation extraction present novel semi supervise approach base variational autoencoder vae biomedical relation extraction model consist follow three part classifier encoder decoder classifier implement use multi layer convolutional neural network cnns encoder decoder implement use bidirectional long short term memory network bi lstms cnns respectively semi supervised mechanism allow model learn feature label unlabeled data evaluate method multiple public ppi ddi cpi corpus experimental result show method effectively exploit unlabeled data improve performance reduce dependence label data best knowledge first semi supervise vae base method biomedical relation extraction result suggest exploit unlabeled data greatly beneficial improve performance various biomedical relation extraction', 'motivation protein protein interaction ppi critical function protein normal diseased cell many critical protein function mediate interaction knowledge nature interaction important construction network analyse biological data however small percentage ppis capture protein interaction database annotation function available e g ppi functionally annotate intact database aim label function type ppis extract relationship describe pubmed abstract method create weakly supervise dataset intact ppi database contain interact protein pair annotate function associate abstract pubmed database apply state art deep learning technique biomedical natural language processing task biobert build model dub ppi biobert identify function ppis order extract high quality ppi function large scale use ensemble ppi biobert model improve uncertainty estimation apply interaction type specific threshold counteract effect variation number training sample per interaction type result scan million pubmed abstract automatically identify new type ppis include phosphorylation acetylation interaction overall precision acetylation base human review sample work demonstrate analysis biomedical abstract ppi function extraction feasible approach substantially increase number interaction annotate function capture online database', 'motivation biomedical literature contain wealth chemical protein interaction cpis automatically extract cpi describe biomedical literature essential drug discovery precision medicine well basic biomedical research exist method focus sentence sequence identify cpi however local structure sentence external biomedical knowledge also contain valuable information effective use information may improve performance cpi extraction result paper propose novel neural network base approach improve cpi extraction specifically approach first employ bert generate high quality contextual representation title sequence instance sequence knowledge sequence gaussian probability distribution introduce capture local structure instance meanwhile attention mechanism apply fuse title information biomedical knowledge respectively finally related representation concatenate fed softmax function extract cpi evaluate propose model chemprot corpus propose model superior performance compare state art model experimental result show gaussian probability distribution external knowledge complementary integrating effectively improve cpi extraction performance furthermore gaussian probability distribution effectively improve extraction performance sentence overlap relation biomedical relation extraction task availability data code available http github com congsun dlut cpi extraction contact yangzh dlut edu cn wangleibihami gmail com supplementary information supplementary data available bioinformatics online']",26760
133,46,133_humor_pun_humorous_funny,"['humor', 'pun', 'humorous', 'funny', 'joke', 'humour', 'humor detection', 'humor recognition', 'punchline', 'funniness']","['introduce release analyze new dataset call humicroedit research computational humor publicly available data consist regular english news headline pair version headline contain simple replacement edits design make funny carefully curated crowdsourced editor create funny headline judge score total edited headline five judge per headline simple edits usually single word replacement mean apply straightforward analysis technique determine make edit headline humorous show data support classic theory humor incongruity superiority setup punchline finally develop baseline classifier predict whether edit headline funny first step toward automatically generate humorous headline approach create topical humor', 'tremendous amount user generate data social networking site lead gain popularity automatic text classification field computational linguistics past decade within domain one problem drawn attention many researcher automatic humor detection text depth semantic understand text require detect humor make problem difficult automate increase number social medium user many multilingual speaker often interchange language post social medium call code mixing introduces challenge field linguistic analysis social medium content barman et al like spell variation non grammatical structure sentence past research include detect pun texts kao et al humor one line mihalcea et al single language tremendous amount code mixed data available online need develop technique detect humor code mixed tweet paper analyze task humor detection text describe freely available corpus contain english hindi code mixed tweet annotate humorous h non humorous n tag also tag word tweet language tag english hindi others moreover describe experiment carry corpus provide baseline classification system distinguish humorous non humorous text', 'despite critical communication skill grasp humor challenge successful use humor require mixture engage content build appropriate vocal delivery e g pause prior study computational humor emphasize textual audio feature immediately next punchline yet overlook long term context setup moreover theory usually abstract understand concrete humor snippet fill gap develop dehumor visual analytical system analyze humorous behavior public speak intuitively reveal building block concrete example dehumor decompose humorous video multimodal feature provide inline annotation video script particular well capture build ups introduce content repetition complement feature introduce theory computational humor visualize context link graph help user locate punchlines desire feature learn summarize content keywords humor feature statistic augment time matrix case study stand comedy show ted talk show dehumor able highlight various build block humor examples addition expert interview communication coach humor researcher demonstrate effectiveness dehumor multimodal humor analysis speech content vocal delivery']",26760
134,45,134_kg_ke_triple_rdf triple,"['kg', 'ke', 'triple', 'rdf triple', 'rdf', 'knowledge graph', 'factual knowledge', 'kg fact', 'kepler', 'colake']","['pre train language representation model plms cannot well capture factual knowledge text contrast knowledge embed ke method effectively represent relational fact knowledge graphs kg informative entity embeddings conventional ke model cannot take full advantage abundant textual information paper propose unified model knowledge embed pre trained language representation kepler well integrate factual knowledge plms also produce effective text enhance ke strong plms kepler encode textual entity description plm embeddings jointly optimize ke language model objective experimental result show kepler achieves state art performances various nlp task also work remarkably well inductive ke model kg link prediction furthermore pre train evaluate kepler construct wikidata large scale kg dataset align entity description benchmark state art ke method shall serve new ke benchmark facilitate research large kg inductive ke kg text source code obtain https github com thu keg kepler', 'knowledge enhance pre trained language model keplms pre trained model relation triple inject knowledge graph improve language understanding ability guarantee effective knowledge injection previous study integrate model knowledge encoders represent knowledge retrieve knowledge graph operation knowledge retrieval encode bring significant computational burden restrict usage model real world application require high inference speed paper propose novel keplm name dkplm decomposes knowledge injection process pre train language model pre train fine tune inference stage facilitate application keplms real world scenario specifically first detect knowledge aware long tail entity target knowledge injection enhance keplms semantic understanding ability avoid inject redundant information embeddings long tail entity replace pseudo token representation form relevant knowledge triple design relational knowledge decode task pre train force model truly understand injected knowledge relation triple reconstruction experiment show model outperforms keplms significantly zero shot knowledge probe task multiple knowledge aware language understand task show dkplm high inference speed compete model due decompose mechanism', 'human curated knowledge graph provide critical supportive information various natural language processing task graph usually incomplete urging auto completion prevalent graph embed approach e g transe learn structure knowledge via represent graph element dense embeddings capture triple level relationship spatial distance however hardly generalizable element never visit train intrinsically vulnerable graph incompleteness contrast textual encoding approach e g kg bert resort graph triple text triple level contextualized representation generalizable enough robust incompleteness especially coupled pre train encoders two major drawback limit performance high overhead due costly score possible triple inference lack structure knowledge textual encoder paper follow textual encoding paradigm aim alleviate drawback augment graph embed technique complementary hybrid paradigm specifically partition triple two asymmetric part translation base graph embed approach encode part contextualized representation siamese style textual encoder build upon representation model employ deterministic classifier spatial measurement representation structure learn respectively moreover develop self adaptive ensemble scheme improve performance incorporate triple score exist graph embed model experiment achieve state art performance three benchmark zero shot dataset link prediction highlight inference cost reduce order magnitude compare textual encoding method']",26760
135,45,135_wikipedia_entity page_editor_page,"['wikipedia', 'entity page', 'editor', 'page', 'citation', 'edition', 'npov', 'wikipda', 'verifiability', 'wikipedia editor']","['wikipedia entity page valuable source information direct consumption knowledge base construction update maintenance fact entity page typically support reference recent study show much reference online news source however many entity page incomplete even relevant information already available exist news article even already present reference often delay news article publication time reference time work therefore look wikipedia lens news propose novel news article suggestion task improve news coverage wikipedia reduce lag newsworthy reference work find direct application precursor wikipedia page generation knowledge base acceleration task rely relevant high quality input source propose two stage supervise approach suggest news article entity page give state wikipedia first suggest news article wikipedia entity article entity placement rely rich set feature take account emph salience emph relative authority entity emph novelty news article entity page second determine exact section entity page input article article section placement guide class base section template perform extensive evaluation approach base ground truth data extract external reference wikipedia achieve high precision value emph article entity suggestion stage upto emph article section placement finally compare approach competitive baseline show significant improvement', 'wikipedia play increasingly central role web policy contributor follow source fact check content affect million reader among core guiding principle verifiability policy particularly important role verifiability require information include wikipedia article corroborate reliable secondary source manual labor need curate fact check wikipedia scale however content always evenly comply policy citation e reference external source may conform verifiability requirement may miss altogether potentially weaken reliability specific topic area free encyclopedia paper aim provide empirical characterization reason wikipedia cite external source comply verifiability guideline first construct taxonomy reason inline citation require collect label data editor multiple wikipedia language edition collect large scale crowdsourced dataset wikipedia sentence annotate category derive taxonomy finally design evaluate algorithmic model determine statement require citation predict citation reason base taxonomy evaluate robustness model across different class wikipedia article vary quality well additional dataset claim annotate fact check purpose', 'multilingualism common offline limit understanding way multilingualism display online role multilinguals play spread content speaker different language take computational approach study multilingualism use one large user generate content platform wikipedia study multilingualism collect analyze large dataset content write multilingual editor english german spanish edition wikipedia dataset contains two million paragraph edit multilingual user july august analyze multilingual editor term engagement interest language proficiency primary non primary secondary language find english edition wikipedia display different dynamic spanish german edition user primarily edit spanish german edition make complex edits user edit edition second language contrast user edit english edition second language make edits complex edits user primarily edit english edition way english serve special role bring together content write multilinguals many language edition nonetheless language remain formidable hurdle spread content find evidence complexity barrier whereby editor less likely edit complex content second language addition find multilinguals less engage show lower level language proficiency second language also examine topical interest multilingual editor find significant difference primary non primary editor language']",26760
136,44,136_sign_deaf_fingerspell_signer,"['sign', 'deaf', 'fingerspell', 'signer', 'gloss', 'american sign', 'deaf people', 'sw', 'skeletal', 'asl']","['advance nlp knowledge representation computer graphic technology provide u insights development educational tool deaf people actual education material tool deaf pupil present several problem since textbook design support normal student classroom suitable people hear disability virtual reality vr technology appear good tool promise framework education pupil hear disability paper present current research task surround design implementation virtual educational environment base x h anim standard system generate animates automatically sign language sentence semantic representation encode whole meaning arabic input text aspect issue sign language generation discuss include model sign representation facilitate reuse reduces time sign generation conversion semantic component sign feature representation regard sign language linguistics characteristic generate realistic smooth gestural sequence use x content performs transition sign natural look animated avatar sign language sentence evaluate algerian native deaf people goal project development machine translation system arabic algerian sign language use educational tool deaf child algerian primary school', 'truly understandable accepted deaf community automatic sign language production slp system must generate photo realistic signer prior approach base graphical avatar proven unpopular whereas recent neural slp work produce skeleton pose sequence show understandable deaf viewer paper propose signgan first slp model produce photo realistic continuous sign language video directly speak language employ transformer architecture mixture density network mdn formulation handle translation speak language skeletal pose pose condition human synthesis model introduce generate photo realistic sign language video skeletal pose sequence allow photo realistic production sign video directly translate write text propose novel keypoint base loss function significantly improve quality synthesize hand image operate keypoint space avoid issue cause motion blur addition introduce method controllable video generation enable train large diverse sign language datasets provide ability control signer appearance inference use dataset eight different sign language interpreter extract broadcast footage show signgan significantly outperforms baseline method quantitative metric human perceptual study', 'signwriting improve fast transcriber swift present paper advance editor computer aid write transcribe sign language sl use signwriting sw application editor allow compose save desire sign use sw elementary component call glyph make sort alphabet depend national sign language code basic component sign user guide fully automated procedure make composition process fast intuitive swift pursues goal help break electronic barrier keep deaf people away web time support linguistic research sign languages feature reason design special attention deaf user need general usability issue editor develop modular way integrate everywhere use sw alternative write verbal language may advisable']",26760
137,44,137_compositional generalization_compositional_generalization_improve compositional,"['compositional generalization', 'compositional', 'generalization', 'improve compositional', 'compositionality', 'scan', 'cfq', 'recombination', 'gscan', 'recombine']","['human systematically generalize novel composition exist concept extensive conjecture extent neural network recent argument support evidence scan dataset claim neural network inherently ineffective cognitive capacity paper revisit systematic generalization perspective meaningful learn exceptional capability human learn new concept connect previously know knowledge propose augment training dataset either inductive deductive manner build semantic link new old concept observation scan suggest follow meaningful learn principle modern sequence sequence model include rnns cnns transformer successfully generalize composition new concept validate finding two real world datasets semantic parse consistent compositional generalization also observe moreover experiment demonstrate prior knowledge semantic linking play key role achieve systematic generalization meanwhile inductive learn generally work well deductive learning experiment finally provide explanation data augmentation technique conclude either inductive base deductive base meaningful learn hope finding encourage excavate exist neural network potential systematic generalization advance learning scheme', 'compositionality ability combine familiar unit like word novel phrase sentence focus intense interest artificial intelligence recent year test compositional generalization semantic parsing keysers et al introduce compositional freebase query cfq dataset maximizes similarity test train distribution primitive unit like word maximize compound divergence dissimilarity test train distribution large structure like phrase dependency parse however lack compositional generalization benchmark work introduce gold standard set dependency parses cfq use analyze behavior state art dependency parser qi et al cfq dataset find increase compound divergence degrades dependency parse performance although dramatically semantic parse performance additionally find performance dependency parser uniformly degrade relative compound divergence parser performs differently different split compound divergence explore number hypothesis cause non uniform degradation dependency parse performance identify number syntactic structure drive dependency parser low performance challenge split', 'systematic compositionality essential mechanism human language allow recombination know part create novel expression however exist neural model show lack basic ability learn symbolic structure motivate failure transformer model scan compositionality challenge lake baroni require parse command action propose two auxiliary sequence prediction task track progress function argument semantics additional training supervision automatically generate sequence representative underlying compositional symbolic structure input data inference model jointly predict next action next token auxiliary sequence step experiment scan dataset show method encourage transformer understand compositional structure command improve accuracy multiple challenge split train instance approach still achieve accuracy mcd split therefore argue compositionality induce transformer give minimal proper guidance also show well result achieve use less contextualized vector attention query provide insight architecture choice achieve systematic compositionality finally show positive generalization result groundedscan task ruis et al code publicly available http github com jiangyctarheel compositional auxseq']",26760
138,44,138_active_active learn_uncertainty base_uncertainty,"['active', 'active learn', 'uncertainty base', 'uncertainty', 'al strategy', 'uncertainty sample', 'active al', 'al', 'viraal', 'ltal']","['machine learn technique apply natural language processing nlp component conversational agent development show promising result improve accuracy quality feedback conversational agent provide effort require develop educational scenario specific conversational agent time consume require domain expert label annotate noisy data source classroom videos previous approach model annotation rely label thousand example calculate inter annotator agreement majority vote order model necessary scenario method proven successful ignores individual annotator strength label data point utilizes example majority vote label propose use multi task weak supervision method combine active learning address concern approach require less labeling traditional method show significant improvement precision efficiency time requirement majority vote method ratner demonstrate validity method google jigsaw data set propose scenario apply method use instructional quality assessment iqa define category label propose use probabilistic modeling annotator label generate active learning example label data active learn able iteratively improve train performance accuracy original classification model approach combine state art label technique weak supervision active learn optimize result educational domain could use lessen data requirement expand scenario within education domain transfer learning', 'recent year deep learn achieve great success many natural language processing task include name entity recognition shortcoming large amount manually annotate data usually require previous study demonstrate active learning could elaborately reduce cost data annotation still plenty room improvement real application find exist uncertainty base active learn strategy two shortcoming firstly strategy prefer choose long sequence explicitly implicitly increase annotation burden annotator secondly strategy need invade model modify generate additional information sample selection increase workload developer increase training prediction time model paper first examine traditional active learning strategy specific case bilstm crf widely use name entity recognition several typical datasets propose uncertainty base active learning strategy call low token probability ltp combine input output crf select informative instance ltp simple powerful strategy favor long sequence need invade model test ltp multiple datasets experiment show ltp performs slightly well traditional strategy obviously less annotation token sentence level accuracy entity level f score related code release http github com hit ice al ner', 'open pit mine leave many region worldwide inhospitable uninhabitable put region back use entire stretch land must renaturalized sustainable subsequent use transfer new primary use many contaminate site soil information permanently manage case information available form expert report unstructured data collection file folder best case digitize due size complexity data difficult single person overview data order able make reliable statement one important obstacle rapid transfer area use information base approach issue support fulfil several sustainable development goal regard environment issue health climate action use stack optical character recognition text classification active learn geographic information system visualization effectively mine visualize information subsequently link extracted information geographic coordinate visualize use geographic information system active learning play vital role dataset provide train data total process nine category actively learn representation dataset evaluate ocr active learn text classification separately report performance system active learn text classification result twofold whereas category restriction work sufficient f seven topic orient category complicate human coder hence result achieve mediocre evaluation score f']",26760
139,43,139_hypernymy_hypernym_taxonomy_hyponym,"['hypernymy', 'hypernym', 'taxonomy', 'hyponym', 'hypernymy detection', 'metonymy', 'taxonomy induction', 'hypernym hyponym', 'hypermine', 'pattern base']","['online educational platform organize academic question base hierarchical learn taxonomy subject chapter topic automatically tag new question exist taxonomy help organize question different class hierarchical taxonomy search base facet like chapter task formulate flat multi class classification problem usually flat classification base method ignore semantic relatedness term hierarchical taxonomy question traditional method also suffer class imbalance issue consider leaf node ignore hierarchy hence formulate problem similarity base retrieval task optimize semantic relatedness taxonomy question demonstrate method help handle unseen label hence use taxonomy tag wild method augment question correspond answer capture semantic information align question answer pair contextualized embed correspond label taxonomy vector representation representation align fine tune transformer base model loss function combination cosine similarity hinge rank loss loss function maximize similarity question answer pair correct label representation minimize similarity unrelated label finally perform experiment two real world datasets show propose learn method outperforms representation learn use multi class classification method state art method measure recall k also demonstrate performance propose method unseen relate learning content like learn objective without training network', 'root supervise system classification hypernym co hyponym random word derive already introduce root santus et al relies random forest algorithm nine unsupervised corpus base feature evaluate fold cross validation pair equally distribute among three class involve several part speech e adjective nouns verbs class present root achieves f score baseline vector cosine classification binary root achieves follow result baseline hypernyms co hyponym v hypernym random v co hyponym random v order compare performance state art also evaluate root subset weed et al datasets prove fact competitive finally investigate whether system learn semantic relation simply learn prototypical hypernym claim levy et al second possibility seem likely even though root train negative example e switch hypernym drastically reduce bias', 'text rich heterogeneous information network text rich hins ubiquitous real world application hypernymy also know relation subclass relation lay core many knowledge graphs benefit many downstream application exist method hypernymy discovery either leverage textual pattern extract explicitly mention hypernym hyponym pair learn distributional representation term interest base context approach rely statistical signal textual corpus effectiveness would therefore hindered signal corpus sufficient term interest work propose discover hypernymy text rich hins introduce additional high quality signal develop new framework name hypermine exploit multi granular context combine signal text network without human label data hypermine extend definition context scenario text rich hin example define type nodes community contexts contexts encode signal different granularity fee hypernymy inference model hypermine learn model use weak supervision acquire base high precision textual pattern extensive experiment two large real world datasets demonstrate effectiveness hypermine utility model context granularity show case study high quality taxonomy generate solely base hypernymy discover hypermine']",26760
140,43,140_offensive_offenseval_offensive identification_offensive detection,"['offensive', 'offenseval', 'offensive identification', 'offensive detection', 'multilingual offensive', 'offensive social', 'offense', 'offensive tweet', 'identification social', 'detect offensive']","['communicate social platform become one principal mean personal communication interaction unfortunately healthy communication often interfered offensive language damaging effect user key fight offensive language social medium existence automatic offensive language detection system paper present result main finding semeval task offenseval sub task zampieri et al identify categorise offensive language social medium task base arabic offenseval dataset mubarak et al paper describe system submit widebot ai lab share task rank th participant macro f golden dataset codalab username yasserotiefy experiment various model best model linear svm use combination character word n gram also introduce neural network approach enhance predictive ability system include cnn highway network bi lstm attention layer', 'offensive language detection ever grow natural language processing nlp application growth mainly widespread usage social network become mainstream channel people communicate work enjoy entertainment content many incident share aggressive offensive content negatively impacted society great extend believe contribute improve compare different machine learning model fight harmful content important challenge goal thesis target problem offensive language detection build efficient automate model offensive language detection recent advancement nlp model specifically transformer model tackle many shortcoming standard seq seq technique bert model show state art result many nlp task although literature still explore reason bert achievement nlp field efficient variant develop improve upon standard bert roberta albert moreover due multilingual nature text social medium could affect model decision give tween become essential examine multilingual model xlm roberta train language compare unilingual model roberta base model prove capable model achieve high f score task another critical aspect well round offensive language detection system speed model trained make inference respect consider model run time fine tune efficient implementation fasttext call blazingtext achieve good result much fast bert base model', 'offensive behaviour become pervasive internet community individual take advantage anonymity cyber world indulge offensive communication may consider real life government online community company etc invest prevention offensive behaviour content social medium one effective solution tack enigmatic problem use computational technique identify offensive content take action current work focus detect offensive language english tweet dataset use experiment obtain semeval task identify categorize offensive language social medium offenseval dataset contains annotate english tweet present paper provide comparative analysis random kitchen sink rks base approach offensive language detection explore effectiveness google sentence encoder fasttext dynamic mode decomposition dmd base feature random kitchen sink rks method offensive language detection experiment evaluation observe rks fastetxt achieve compete result evaluation measure use accuracy precision recall f score']",26760
141,43,141_probe_structural probe_encode linguistic_linguistic encode,"['probe', 'structural probe', 'encode linguistic', 'linguistic encode', 'linguistic', 'hewitt', 'train probe', 'ep', 'linguistic knowledge', 'linguistic property']","['explore deep cluster text representation unsupervised model interpretation induction syntax representation high dimensional box method like kmeans work well thus approach jointly transform representation low dimensional cluster friendly space cluster consider two notion syntax part speech induction posi constituency label colab work interestingly find multilingual bert mbert contain surprising amount syntactic knowledge english possibly even much english bert ebert model use supervision free probe arguably less biased way probe find unsupervised probe show benefit high layer compare supervised probe note unsupervised probe utilizes ebert mbert representation differently especially posi validate efficacy probe demonstrate capability unsupervised syntax induction technique probe work well syntactic formalism simply adapt input representation report competitive performance probe tag english posi state art performance tag posi across language competitive result colab also perform zero shot syntax induction resource impoverish language report strong result', 'measure well pretrained representation encode linguistic property common use accuracy probe e classifier train predict property representation despite widespread adoption probe difference accuracy fail adequately reflect difference representation example substantially favour pretrained representation randomly initialize one analogously accuracy similar probe genuine linguistic label probe random synthetic task see reasonable difference accuracy respect random baseline previous work constrain either amount probe training data model size instead propose alternative standard probe information theoretic probe minimum description length mdl mdl probe train probe predict label recast teach effectively transmit data therefore measure interest change probe accuracy description length label give representation addition probe quality description length evaluate amount effort need achieve quality amount effort characterize either size probe model ii amount data need achieve high quality consider two method estimate mdl easily implement top standard probe pipeline variational cod online cod show method agree result informative stable standard probe', 'recently variety probe task propose discover linguistic property learn contextualized word embeddings many work implicitly assume embeddings lay certain metric space typically euclidean space work considers family geometrically special space hyperbolic space exhibit well inductive bias hierarchical structure may better reveal linguistic hierarchy encode contextualized representation introduce poincare probe structural probe project embeddings poincare subspace explicitly define hierarchy focus two probe objective dependency tree hierarchy define head dependent structure b lexical sentiment hierarchy define polarity word positivity negativity argue key desideratum probe sensitivity existence linguistic structure apply probes bert typical contextualized embed model syntactic subspace probe good recovers tree structure euclidean probe reveal possibility geometry bert syntax may necessarily euclidean sentiment subspace reveal two possible meta embeddings positive negative sentiment show lexically control contextualization would change geometric localization embeddings demonstrate finding poincare probe via extensive experiment visualization result reproduce https github com franxyao poincareprobe']",26760
142,42,142_authorship_av_authorship attribution_authorship verification,"['authorship', 'av', 'authorship attribution', 'authorship verification', 'attribution', 'pan', 'aa', 'stylometric', 'write style', 'verification av']","['authorship verification av fundamental research task digital text forensics address problem whether two text write person recent year variety av method propose focus problem divide two category first category refers method base explicitly define feature one full control feature consider actually represent second category hand relate av method base implicitly define feature control mechanism involve character sequence text serve potential feature however av method belong second category bear risk topic text may bias classification prediction turn may lead mislead conclusion regard result tackle problem propose preprocessing technique call posnoise effectively mask topic related content give text way av method forced focus text unit relate write style empirical evaluation base six av method fall second category seven corpus show posnoise lead good result compare well know topic mask approach case increase accuracy', 'forensic document analysis fda address problem find authorship give document identification document writer via number modality e g handwriting signature linguistic writing style e stylome etc studied fda state art research conduct fusion stylome signature modality paper propose bimodal fda system vast application judicial police related historical document analysis focus time complexity propose bimodal system train test linear time complexity purpose first revisit multinomial na ive bayes mnb best state art linear complexity authorship attribution system prove superior accuracy well know linear complexity classifier state art propose fuzzy version mnb fuse state art well know linear complexity fuzzy signature recognition system evaluation purpose construct chimeric dataset compose signature textual content different letter despite linear complexity propose multi biometric system prove meaningfully improve state art unimodal counterpart regard accuracy f score detection error trade det cumulative match characteristic cmc match score histogram msh evaluation metric', 'retrieve indexed document topical content write style open door number application information retrieval ir one application retrieve textual content certain author x query ir system provide beforehand set reference text x authorship verification av research subject field digital text forensics suitable purpose task av determine two document e indexed reference document write author x even though av represent unary classification problem number exist approach consider binary classification task however underlying classification model av method number serious implication regard prerequisite evaluability applicability comprehensive literature review observe several misunderstanding regard differentiation unary binary av approach require consideration objective paper therefore clarify propose clear criterion new property aim improve characterization exist future av approach give investigate applicability eleven exist unary binary av method well four generic unary classification algorithms two self compile corpus furthermore highlight important issue concern evaluation av method base fix decision criterion pay attention previous av study']",26760
143,42,143_personality_trait_personality trait_mbti,"['personality', 'trait', 'personality trait', 'mbti', 'unfollow', 'traits', 'personality prediction', 'personality detection', 'personality traits', 'automatic personality']","['people observe assortatively connect set trait phenomenon term assortative mixing sometimes homophily quantified assortativity coefficient social network uncover exact cause strong assortative mixing find social network research challenge among main suggested cause sociology tendency similar individual connect often refer homophily social influence among already connect individual important question researcher practice tackle present understanding exact mechanism interplay tendency underlie social network structure namely addition mention assortativity coefficient several static temporal network property substructures link tendency homophily social influence social network herein investigate concretely tackle computer mediate textit communication network base twitter mention particular type assortative mixing infer semantic feature communication content term textit semantic homophily work best knowledge first offer depth analysis semantic homophily communication network interplay quantify diverse level semantic homophily identify semantic aspect driver observe homophily show insights temporal evolution finally present intricate interplay communication network twitter analyze mechanisms increase understand semantic aspect shape shape human computer mediate communication', 'online social network osns evolve two pervasive behavior follow unfollow respectively signify relationship creation relationship dissolution research social network evolution mainly focus follow behavior unfollow behavior largely ignore mining unfollow behavior challenge user decision unfollow affected simple combination user attribute like informativeness reciprocity also affect complex interaction among meanwhile prior datasets seldom contain sufficient record infer complex interaction address issue first construct large scale real world weibo dataset record detail post content relationship dynamic million chinese user next define user attribute two category spatial attribute e g social role user temporal attribute e g post content user leverage construct dataset systematically study interaction effect user spatial temporal attribute contribute unfollow behavior afterwards propose novel unified model heterogeneous information umhi unfollow prediction specifically umhi model capture user spatial attribute social network structure infers user temporal attribute user post content unfollow history model interaction spatial temporal attribute nonlinear mlp layer comprehensive evaluation construct dataset demonstrate propose umhi model outperforms baseline method average term precision addition factor analyse verify spatial attribute temporal attribute essential mining unfollow behavior', 'social medium digitalise massive amount user cognition term timelines emotional content big data open unprecedented opportunity investigate cognitive phenomenon like perception personality information diffusion require suitable interpretable framework since social medium data come user mind worthy candidate challenge cognitive network model cognition give structure mental conceptual association work outline cognitive network science open new quantitative way understand cognition online medium like reconstruct user semantically emotionally frame event contextual knowledge unavailable machine learn ii investigate conceptual salience prominence knowledge structure social discourse iii study user personality trait like openness experience curiosity creativity language post iv bridge cognitive emotional content social dynamic via multilayer network compare mindset influencers follower advancement combine cognitive network computer science understand cognitive mechanism digital real world setting come limitation concern representativeness individual variability data integration aspect discuss along ethical implication manipulate socio cognitive data future reading cognition network social medium expose cognitive bias amplify online platform relevantly inform policy make education market massive complex cognitive trend']",26760
144,42,144_code switch_switch_cs_switch speech,"['code switch', 'switch', 'cs', 'switch speech', 'switch asr', 'cs speech', 'frisian', 'mandarin english', 'asr code', 'switch cs']","['paper describe several technique improve acoustic language model automatic speech recognition asr system operate code switch cs speech focus recognition frisian dutch radio broadcast one mixed languages namely frisian resourced language previous work propose several automatic transcription strategy cs speech increase amount available training speech data work explore acoustic modeling benefit monolingual speech data belong high resourced mixed language purpose train state art am ineffective due lack training data significantly increase amount c speech monolingual dutch speech moreover improve language model lm create code switch text practice almost non existent generate text use recurrent lm train transcription train c speech data add transcription automatically transcribe cs speech data translate dutch text extract transcription large dutch speech corpus report significantly improve cs asr performance due increase acoustic textual training data', 'fame project code switch cs automatic speech recognition asr system frisian dutch speech develop accurately transcribe local broadcaster bilingual archive cs speech archive contains recording monolingual frisian dutch speech segment well frisian dutch c speech hence recognition performance monolingual segment also vital accurate transcription work propose multi graph decode rescoring strategy use bilingual monolingual graph together unify acoustic model c asr propose decode scheme give freedom design employ alternative search space monolingual bilingual recognition task enables effective use monolingual resource high resourced mixed language low resourced cs scenario scenario dutch high resourced frisian low resourced language therefore use additional monolingual dutch text resource improve dutch language model lm compare performance single multi graph c asr system dutch segment use large dutch lm asr result show proposed approach outperform baseline single graph c asr system provide good performance monolingual dutch segment without accuracy loss monolingual frisian code mixed segment', 'fame project aim develop automatic speech recognition asr system frisian dutch code switch cs speech extract archive local broadcaster ultimate goal building speak document retrieval system unlike dutch frisian low resourced language limited amount manually annotate speech data paper describe several automatic annotation approach enable use large amount raw bilingual broadcast data acoustic model train semi supervise set previously show best perform asr system obtain two stage multilingual deep neural network dnn training use hour manually annotate cs speech reference data together speech data high resourced language compare quality transcription provide bilingual asr system several approach use language recognition system assign language label raw speech segment front end use monolingual asr resource transcription investigate automatic annotation speaker appear raw broadcast data first label pseudo speaker tag use speaker diarization system link know speaker appear reference data use speaker recognition system speaker label essential speaker adaptive training propose set train acoustic model use manually automatically annotate data run recognition experiment development test data fame speech corpus quantify quality automatic annotation asr cs detection result demonstrate potential use automatic language speaker tag semi supervise bilingual acoustic model training']",26760
145,42,145_spoof_asvspoof_anonymization_attack,"['spoof', 'asvspoof', 'anonymization', 'attack', 'countermeasure', 'asv', 'speaker verification', 'voiceprivacy', 'speaker identity', 'voice']","['neural model enjoy widespread use across variety task grown become crucial component many industrial system despite effectiveness extensive popularity without exploitable flaw initially apply computer vision system generation adversarial example process seemingly imperceptible perturbation make image purpose induce deep learning base classifier misclassify image due recent trend speech process become noticeable issue speech recognition model late attack show quite effective speech command classification model limit vocabulary speech classifier speech command model use quite frequently variety application particularly manage automate attendant telephony contexts adversarial example produce attack could real world consequence previous work defend adversarial example investigate use audio preprocessing reduce distort adversarial noise work explore idea flood particular frequency band audio signal random noise order detect adversarial example technique flood require retrain modify model inspired work do computer vision build idea speech classifier relatively robust natural noise combine defense incorporate different frequency band flood signal noise outperform exist defense audio space detect adversarial example precision recall', 'voice conversion vc aim conversion speaker characteristic without alter content due training data limitation model imperfection difficult achieve believable speaker mimicry without introduce processing artifact performance assessment vc therefore usually involve speaker similarity quality evaluation human panel time consume expensive non reproducible process hinders rapid prototyping new vc technology address artifact assessment use alternative objective approach leverage prior work spoof countermeasure cms automatic speaker verification therein cm use reject fake input replay synthetic convert speech potential automatic speech artifact assessment remain unknown study serf fill gap supplement subjective result voice conversion challenge vcc data configure standard constant q cepstral coefficient cm quantify extent processing artifacts equal error rate eer cm confusability index vc sample real human speech serve artifact measure two cluster vcc entry identify low quality one detectable artifact low eers higher quality one less artifact none vcc system however perfect eers ideal value would preliminary finding suggest potential cm outside original application supplemental optimization benchmarking tool enhance vc technology', 'voice user interface digital assistant rapidly enter life become singular touch point span device always service capture transmit audio data powerful cloud service process subsequent action voice raw audio signal collect device contain host sensitive paralinguistic information transmit service provider regardless deliberate false trigger emotional pattern sensitive attribute like identity gender mental well easily infer use deep acoustic model encounter new generation privacy risk use service one approach mitigate risk paralinguistic base privacy breach exploit combination cloud base process privacy preserve device paralinguistic information learn filter transmit voice data paper introduce edgy configurable lightweight disentangle representation learn framework transforms filter high dimensional voice data identify contain sensitive attribute edge prior offload cloud evaluate edgy device performance explore optimization technique include model quantization knowledge distillation enable private accurate efficient representation learn resource constrain device result show edgy run ten millisecond relative improvement abx score minimal performance penalty learn linguistic representation raw voice signal use cpu single core arm processor without specialize hardware']",26760
146,42,146_multimodal sentiment_multimodal_modality_cmu,"['multimodal sentiment', 'multimodal', 'modality', 'cmu', 'fusion', 'mosei', 'cmu mosei', 'emotion recognition', 'sentiment emotion', 'modal interaction']","['sentiment analysis mostly base text rapidly develop last decade attract widespread attention academia industry however information real world usually come multiple modality audio text therefore paper base audio text consider task multimodal sentiment analysis propose novel fusion strategy include multi feature fusion multi modality fusion improve accuracy audio text sentiment analysis call dff atmf deep feature fusion audio text modality fusion model consist two parallel branch audio modality base branch text modality base branch core mechanism fusion multiple feature vector multiple modality attention experiment cmu mosi dataset recently release cmu mosei dataset collect youtube sentiment analysis show competitive result dff atmf model furthermore virtue attention weight distribution heatmaps also demonstrate deep feature learn use dff atmf complementary robust surprisingly dff atmf also achieve new state art result iemocap dataset indicate propose fusion strategy also good generalization ability multimodal emotion recognition', 'user emotion analysis toward video automatically recognize general emotional status viewer multimedia content embed online video stream exist work fall two category visual base method focus visual content extract specific set feature videos however generally hard learn map function low level video pixel high level emotion space due great intra class variance textual base method focus investigation user generate comment associate video learn word representation traditional linguistic approach typically lack emotion information global comment usually reflect viewer high level understanding rather instantaneous emotion address limitation paper propose jointly utilize video content user generate texts simultaneously emotion analysis particular introduce exploit new type user generate texts e danmu real time comment float video contain rich information convey viewer emotional opinion enhance emotion discriminativeness word textual feature extraction propose emotional word embed ewe learn text representation jointly consider semantics emotion afterwards propose novel visual textual emotion analysis model deep couple video danmu neural network dcvdn visual textual feature synchronously extract fused form comprehensive representation deep canonically correlate autoencoder base multi view learn extensive experiment self crawl real world video danmu dataset prove dcvdn significantly outperform state art baseline', 'learn modality fuse representation process unaligned multimodal sequence meaningful challenge multimodal emotion recognition exist approach use directional pairwise attention message hub fuse language visual audio modality however approach introduce information redundancy fusing feature inefficient without consider complementarity modality paper propose efficient neural network learn modality fuse representation cb transformer lmr cbt multimodal emotion recognition unaligned multimodal sequence specifically first perform feature extraction three modality respectively obtain local structure sequence design novel transformer cross modal block cb transformer enables complementary learn different modality mainly divide local temporal learning cross modal feature fusion global self attention representation addition splice fuse feature original feature classify emotion sequence finally conduct word align unaligned experiment three challenge datasets iemocap cmu mosi cmu mosei experimental result show superiority efficiency propose method setting compare mainstream method approach reach state art minimum number parameter']",26760
147,41,147_vae_posterior collapse_variational_collapse,"['vae', 'posterior collapse', 'variational', 'collapse', 'vaes', 'latent variable', 'posterior', 'latent', 'kl', 'variational autoencoder']","['recurrent variational autoencoder widely use language model text generation task model often face difficult optimization problem also know kullback leibler kl term vanish issue posterior easily collapse prior model ignore latent code generative task address problem introduce improve wasserstein variational autoencoder wae riemannian normalizing flow rnf text model rnf transforms latent variable space respect geometric characteristic input space make posterior impossible collapse non informative prior wasserstein objective minimizes distance marginal distribution prior directly therefore force posterior match prior empirical experiment show model avoids kl vanish range datasets well performance tasks language model likelihood approximation text generation series experiment analysis latent space show model learn latent distribution respect latent space geometry able generate sentence diverse', 'variational autoencoders learn distribution high dimensional data model data deep latent variable model fit model maximize low bound log marginal likelihood vaes capture complex distribution also suffer issue know latent variable collapse especially likelihood model powerful specifically low bound involve approximate posterior latent variable posterior collapse set equal prior e approximate posterior independent data vaes learn good generative model latent variable collapse prevents learn useful representation paper propose simple new way avoid latent variable collapse include skip connection generative model connection enforce strong link latent variable likelihood function study generative skip model theoretically empirically theoretically prove skip model increase mutual information observation infer latent variable empirically study image mnist omniglot text yahoo compare exist vae architecture show generative skip model maintain similar predictive performance lead less collapse provide meaningful representation data', 'thesis explore use deep neural network generation natural language specifically implement two sequence sequence neural variational model variational autoencoders vae variational encoder decoder ved vaes text generation difficult train due issue associate kullback leibler kl divergence term loss function vanish zero successfully train vaes implement optimization heuristic kl weight anneal word dropout also demonstrate effectiveness continuous latent space experiment random sample linear interpolation sample neighborhood input argue vaes design appropriately may lead bypass connection result latent space ignore training show experimentally example decoder hidden state initialization bypass connection degrade vae deterministic model thereby reduce diversity generate sentence discover traditional attention mechanism use sequence sequence ved model serf bypass connection thereby deteriorate model latent space order circumvent issue propose variational attention mechanism attention context vector model random variable sample distribution show empirically use automatic evaluation metric namely entropy distinct measure variational attention model generate diverse output sentence deterministic attention model qualitative analysis human evaluation study prove model simultaneously produce sentence high quality equally fluent one generate deterministic attention counterpart']",26760
148,41,148_rumor_rumour_rumor detection_veracity,"['rumor', 'rumour', 'rumor detection', 'veracity', 'stance', 'rumour detection', 'rumoureval', 'stance classification', 'rumour stance', 'post level']","['break news lead situation fast pace report social medium produce kind update related news story albeit caveat early update tend rumour e information unverified status time post flag information unverified helpful avoid spread information may turn false detection rumour also fee rumour track system ultimately determine veracity paper introduce novel approach rumour detection learn sequential dynamic report break news social medium detect rumour new story use twitter datasets collect five break news story experiment conditional random field sequential classifier leverage context learnt event rumour detection compare state art rumour detection system well baselines contrast exist work classifier need observe tweet query piece information deem rumour instead detect rumour tweet alone exploit context learnt event classifier achieves competitive performance beat state art classifier relies query tweet improve precision recall well outperform best baseline nearly improvement term f score scale diversity experiment reinforce generalisability classifier', 'despite increase use social medium platform information news gathering unmoderated nature often lead emergence spread rumour e piece information unverified time post time openness social medium platform provide opportunity study user share discuss rumour explore natural language processing data mining technique may use find way determine veracity survey introduce discus two type rumour circulate social medium long standing rumour circulate long period time newly emerge rumour spawn fast paced event break news report release piecemeal often unverified status early stage provide overview research social medium rumour ultimate goal develop rumour classification system consist four component rumour detection rumour track rumour stance classification rumour veracity classification delve approach present scientific literature development four component summarise effort achievement far towards development rumour classification system conclude suggestion avenue future research social medium mine detection resolution rumour', 'increase usage social medium cause popularity news event even verify result spread rumor allover web due widely available social medium platform increase usage cause data available huge amount manual method process large data costly time take increased attention process verify content automatically presence rumor lot research study reveal identify stance post discussion thread event news important precede step identify rumor veracity paper propose multi task learn framework jointly predict rumor stance veracity dataset release semeval rumoreval determine rumor veracity support rumor semeval task include social medium rumor stem variety break news story reddit well twit ter framework consist two part bottom part framework classify stance post conversation thread discuss rumor via model multi turn conversation make post aware neighboring post b upper part predict rumor veracity conversation thread stance evolution obtain bottom part experimental result semeval task dataset show method outperform previous method rumor stance classification veracity prediction']",26760
149,40,149_common ground_simmc_modal dialogue_multimodal dialogue,"['common ground', 'simmc', 'modal dialogue', 'multimodal dialogue', 'tutor', 'multimodal conversation', 'openvidial', 'image ground', 'dam', 'ground']","['motivate describe new freely available human human dialogue dataset interactive learning visually ground word meaning ostensive definition tutor learner data collect use novel character character variant diet chat tool healey et al mill healey submit novel task learner need learn invent visual attribute word burchak square tutor text base interaction closely resemble face face conversation thus contain many linguistic phenomenon encounter natural spontaneous dialogue include self correction mid sentence continuation interruption overlap filler hedge also present generic n gram framework build user e tutor simulation type incremental data freely available researcher show simulation produce output similar original data e g turn match similarity finally train evaluate reinforcement learn dialogue control agent learn visually ground word meaning train burchak corpus learn policy show comparable performance rule base system build previously', 'open domain dialogue generation natural language processing nlp default pure language task aim satisfy human need daily communication open end topic produce related informative response paper point hidden image name visual impression vis explore text data enhance dialogue understand help generate good response besides semantic dependency dialogue post response complicate e g word alignments topic transition therefore visual impression share reasonable integrate response visual impression rvis decoder rather post visual impression pvis however response rvis give directly test process handle issue propose framework explicitly construct vi base pure language dialogue datasets utilize good dialogue understanding generation specifically obtain group image pvis post base pre train word image map model pvis use co attention encoder get post representation visual textual information since rvis provide directly test design cascade decoder consist two sub decoder first sub decoder predicts content word response applies word image map model get rvis second sub decoder generate response base post rvis experimental result two open domain dialogue datasets show propose approach achieve superior performance competitive baseline', 'next generation virtual assistant envision handle multimodal input e g vision memory previous interaction addition user utterance perform multimodal action e g display route addition generate system utterance introduce situate interactive multimodal conversation simmc new direction aim training agent take multimodal action ground co evolve multimodal input context addition dialog history provide two simmc datasets total k human human dialog k utterance use multimodal wizard oz woz setup two shopping domain furniture ground share virtual environment b fashion ground evolve set image also provide log item appear scene contextual nlu coreference annotation use novel unified framework simmc conversational act user assistant utterance finally present several task within simmc objective evaluation protocol structural api prediction response generation benchmark collection exist model simmc task strong baseline demonstrate rich multimodal conversational interaction data annotation code model publicly available']",26760
150,40,150_arabic sentiment_arabic_sentiment arabic_dialect,"['arabic sentiment', 'arabic', 'sentiment arabic', 'dialect', 'tunisian', 'sentiment', 'hypothesis pair', 'algerian', 'arabizi', 'msa']","['recent study show huge interest social network sentiment analysis twitter microblogging service great source information user feel certain topic opinion regard social economic even political matter october lebanon witness start revolution lebanonuprising hashtag become viral twitter dataset consist tweet collect october paper conduct sentiment analysis study tweet speak lebanese arabic related lebanonuprising hashtag use different machine learn algorithms dataset manually annotated measure precision recall metric compare different algorithm furthermore work complete paper provide two contribution first related build lebanese modern standard arabic mapping dictionary use preprocessing tweet second attempt move sentiment analysis emotion detection use emojis two emotion try predict sarcastic funny emotion build train set tweet collect october use set predict sentiment emotion tweet collect may august analysis conduct show variation sentiment emotions user two datasets result obtain seem satisfactory especially consider previous similar work do involve lebanese arabic tweet knowledge', 'rise social medium blog social network fuel interest sentiment analysis proliferation review rating recommendation form online expression online opinion turn kind virtual currency business look market product identify new opportunity manage reputation therefore many look field sentiment analysis paper present feature base sentence level approach arabic sentiment analysis approach use arabic idiom say phrase lexicon key importance improve detection sentiment polarity arabic sentence well number novel rich set linguistically motivated feature contextual intensifier contextual shifter negation handle syntactic feature conflict phrase enhance sentiment classification accuracy furthermore introduce automatic expandable wide coverage polarity lexicon arabic sentiment word lexicon build gold standard sentiment word seed manually collect annotated expands detect sentiment orientation automatically new sentiment word use synset aggregation technique free online arabic lexicon thesauruses data focus modern standard arabic msa egyptian dialectal arabic tweet microblogs hotel reservation product review etc experimental result use resource technique svm classifier indicate high performance level accuracy', 'although fair amount work sentiment analysis sa opinion mining om system last decade respect performance system still desire performance especially morphologically rich language mrl arabic due complexity challenge exist nature languages one challenge detection idiom proverbs phrase within writer text comment idiom proverb form speech expression peculiar grammatically cannot understood individual meaning element yield different sentiment treat separate word consequently order facilitate task detection classification lexical phrase automate sa system paper present aipselex novel idiom proverbs sentiment lexicon modern standard arabic msa colloquial aipselex manually collect annotated sentence level semantic orientation positive negative effort manually build annotate lexicon report moreover build classifier extract idioms proverbs phrase text use n gram similarity measure method finally several experiment carry various data include arabic tweet arabic microblogs hotel reservation product review tv program comment publicly available arabic online review websites social medium blog forum e commerce web sit evaluate coverage accuracy aipselex']",26760
151,40,151_erc_emotion recognition_recognition conversation_emotion,"['erc', 'emotion recognition', 'recognition conversation', 'emotion', 'conversation erc', 'higru', 'inter speaker', 'dialogue emotion', 'emotion conversation', 'speaker dependency']","['emotion recognition conversation erc challenge task conventional text emotion recognition regard personalized interactive emotion recognition task suppose consider semantic information text also influence speaker current method model speaker interaction build relation every two speaker however fine grain complicated modeling computationally expensive hard extend consider local context address problem simplify complicate model binary version intra speaker inter speaker dependency without identify every unique speaker target speaker well achieve simplify interaction model speaker transformer show excellent ability settle long distance dependency design three type masks respectively utilize three independent transformer block design mask respectively model conventional context modeling intra speaker dependency inter speaker dependency furthermore different speaker aware information extract transformer block diversely contribute prediction therefore utilize attention mechanism automatically weight experiment two erc datasets indicate model efficacious achieve good performance', 'real time emotion recognition rter conversation significant develop emotionally intelligent chat machine without future context rter become critical build memory bank carefully capture historical context summarize memory appropriately retrieve relevant information propose attention gate hierarchical memory network aghmn address problem prior work commonly use convolutional neural network cnns utterance feature extraction less compatible memory module unidirectional gated recurrent unit grus allow historical utterance context prevent information propagation opposite direction soft attention summarize loses positional order information memory regardless memory bank build particularly propose hierarchical memory network hmn bidirectional gru bigru utterance reader bigru fusion layer interaction historical utterance memory summarize propose attention gru agru utilize attention weight update internal state gru promote agru bidirectional variant biagru balance contextual information recent memory distant memory conduct experiment two emotion conversation datasets extensive analysis demonstrate efficacy aghmn model', 'significant advance de tecting emotion text field utter ance level emotion recognition uler still many problem solve paper address challenge uler dialog sys tems utterance deliver different emotion different contexts different speaker long range contextual formation hard effectively capture unlike traditional text classification problem task support limited number datasets among contain inadequate conversa tions speech address problem propose hierarchical transformer framework apart description study transformer paper usually refers encoder part transformer low level transformer model word level input upper level transformer capture context utterance level embeddings use pretrained language model bidirectional encoder representa tions transformer bert low level transformer equivalent introduce external data model solve problem data shortage extent addition add speaker embeddings model first time enable model capture teraction speaker experiment three dialog emotion datasets friends emotionpush emorynlp demonstrate propose hierarchical transformer network model achieve improvement respec tively state art method dataset term macro f']",26760
152,39,152_dementia_alzheimer_alzheimer disease_ad,"['dementia', 'alzheimer', 'alzheimer disease', 'ad', 'disease ad', 'mci', 'cognitive impairment', 'impairment', 'dementiabank', 'pause']","['since effective therapy exist alzheimer disease ad prevention become critical lifestyle factor change intervention analyze electronic health record ehr patient ad help u good understand lifestyle effect ad however lifestyle information typically store clinical narrative thus objective study demonstrate feasibility natural language processing nlp model classify lifestyle factor e g physical activity excessive diet clinical text automatically generate label train data use rule base nlp algorithm conduct weak supervision pre train bidirectional encoder representation transformer bert model weakly label training corpus model include bert base model pubmedbert abstract full text pubmedbert abstract unify medical language system umls bert bio bert bio clinical bert perform two case study physical activity excessive diet order validate effectiveness bert model classify lifestyle factor ad model compare develop gold standard corpus gsc two case study pubmedbert abs model achieve best performance physical activity precision recall f score respectively regard classify excessive diet bio bert model show high performance perfect precision recall f score propose approach leverage weak supervision could significantly increase sample size required training deep learning model study also demonstrate effectiveness bert model extract lifestyle factor alzheimer disease clinical note', 'dementia group irreversible chronic progressive neurodegenerative disorder result impaired memory communication thought process recent year clinical research advance brain age focused early clinically detectable stage incipient dementia commonly know mild cognitive impairment mci currently disorder diagnose use manual analysis neuropsychological examination measure feasibility use linguistic characteristic verbal utterance elicit neuropsychological exam elderly subject distinguish elderly control group people mci people diagnose possible alzheimer disease ad probable ad investigate performance theory drive psycholinguistic feature data driven contextual language embeddings identify different clinically diagnose group experiment show combination contextual psycholinguistic feature extract support vector machine improve distinguish verbal utterance elderly control people mci possible ad probable ad first work identify four clinical diagnosis group dementia highly imbalanced dataset work show machine learn algorithms build contextual psycholinguistic feature learn linguistic biomarkers verbal utterance assist clinical diagnosis different stage type dementia even limit data', 'alzheimer disease ad main cause dementia accompany loss memory may lead severe consequence people everyday life diagnose time work exploit transformer base network despite high accuracy achieve little work do term model interpretability addition although mini mental state exam mmse score inextricably link identification dementia research work face task dementia identification task prediction mmse score two separate task order address limitation employ several transformer base model bert achieve high accuracy account concurrently propose interpretable method detect ad patient base siamese network reach accuracy next introduce two multi task learn model main task refers identification dementia binary classification auxiliary one correspond identification severity dementia multiclass classification model obtain accuracy equal detection ad patient multi task learn set finally present new method identify linguistic pattern use ad patient non ad one include text statistic vocabulary uniqueness word usage correlation via detailed linguistic analysis explainability technique lime finding indicate significant difference language ad non ad patient']",26760
153,39,153_icd_icd code_cod_medical code,"['icd', 'icd code', 'cod', 'medical code', 'icd cod', 'coder', 'mimic iii', 'human coder', 'code assignment', 'code prediction']","['codification free text clinical narrative long recognise beneficial secondary us fund insurance claim process research current scenario assign code manual process expensive time consume error prone recent year many researcher study use natural language processing nlp related machine learn ml deep learning dl method technique resolve problem manual cod clinical narrative assist human coder assign clinical code accurately efficiently systematic literature review provide comprehensive overview automate clinical cod system utilises appropriate nlp ml dl method technique assign icd code discharge summary follow preferred reporting item systematic review meta analysis prisma guideline conduct comprehensive search publication january december four academic database pubmed sciencedirect association compute machinery acm digital library association computational linguistics acl anthology review publication meet inclusion criterion review identify datasets discharge summary nlp technique along data extraction process different feature extraction embed technique measure performance classification method different evaluation metric use lastly future research direction provide scholar interested automate icd code assignment effort still require improve icd code prediction accuracy availability large scale de identified clinical corpus late version classification system platform guide share knowledge less experienced coder researcher', 'clinical cod task assign set alphanumeric code refer icd international classification diseases medical event base context capture clinical narrative late version icd icd include code labor intensive error prone task automatic icd cod medical report use machine learning gain significant interest last decade exist literature model problem multi label task nevertheless multi label approach challenge due extremely large label set size furthermore interpretability prediction essential endusers e g healthcare provider insurance company paper propose novel approach automatic icd cod reformulate extreme multi label problem simpler multi class problem use hierarchical solution make approach viable extensive data collection acquire phrase level human coder annotation supervise model learn specific relation input text predict icd code approach employ two independently train network sentence tagger icd classifier stack hierarchically predict codeset medical report sentence tagger identifies focus sentence contain medical event concept relevant icd cod use supervised attention mechanism icd classifier assigns focus sentence icd code propose approach outperform strong baseline large margin subset accuracy micro f instance base f propose approach interpretability achieve implicitly learn attention score attribute prediction particular sentence word select human coder', 'international classification disease icd cod procedure refers tag medical note diagnosis code show effective crucial billing system medical sector currently icd code assign clinical note manually likely cause many error moreover train skilled coder also require time human resource therefore automate icd code determination process important task advancement artificial intelligence theory computational hardware machine learn approach emerge suitable solution automate process project apply transformer base architecture capture interdependence among token document use code wise attention mechanism learn code specific representation entire document finally feed separate dense layer correspond code prediction furthermore handle imbalance code frequency clinical datasets employ label distribution aware margin ldam loss function experimental result mimic iii dataset show propose model outperform baseline significant margin particular best set achieves micro auc score compare bidirectional recurrent neural network also show use code wise attention mechanism model provide insight prediction thus support clinician make reliable decision code available online http github com biplob ly transicd']",26760
154,39,154_game_base game_agent_quest,"['game', 'base game', 'agent', 'quest', 'adventure', 'adventure game', 'environment', 'control policy', 'rl', 'action space']","['understand knowledge world represent within model free deep reinforcement learn method major challenge give black box nature learn process within high dimensional observation action space alphastar openai five show agent train without explicit hierarchical macro action reach superhuman skill game require take thousand action reach final goal assess agent plan game understand becomes challenge give lack hierarchy explicit representation macro action model couple incomprehensible nature internal representation paper study distribute representation learn openai five investigate game knowledge gradually obtain course training also introduce general technique learn model agent hidden state identify formation plan subgoals show agent learn situational similarity across action find evidence planning towards accomplish subgoals minute execute perform qualitative analysis prediction game dota world champion og april', 'work present exploration imitation learn base agent capable state art performance play text base computer game text base computer game describe world player natural language expect player interact game use text game interest see testbed language understand problem solve language generation artificial agent moreover provide learn environment skill acquire interaction environment rather use fix corpora one aspect make game particularly challenge learn agent combinatorially large action space exist method solve text base game limited game either simple action space restrict predetermined set admissible action work propose use exploration approach go explore solve text base game specifically initial exploration phase first extract trajectory high reward train policy solve game imitate trajectory experiment show approach outperforms exist solution solve text base game sample efficient term number interaction environment moreover show learned policy generalize good exist solution unseen game without use restriction action space', 'consider task learn play family text base computer adventure game e fully textual environment common theme e g cook goal e g prepare meal recipe different specific new instance game relatively straightforward human master brief exposure genre curiously difficult computer agent learn find deep q learn strategy successfully leveraged superhuman performance single instance action video game apply learn family text video game adopt simple strategy correlate human like learn behavior specifically build agent learn tackle simple scenario complex one use curriculum learn familiarize unfamiliar environment navigate act explore uncertain environment thoroughly use contextual multi arm bandit decision policy demonstrate improve task completion rate reasonable baseline evaluate never see game theme']",26760
155,39,155_smart contract_contract_ethereum_compiler,"['smart contract', 'contract', 'ethereum', 'compiler', 'gas', 'openmp', 'spmv', 'transaction', 'smart', 'hpc']","['despite great success high level synthesis hl tool observe several unresolved challenge high level abstraction program style hls sometimes conceals optimization opportunity exist hl tool provide flexible trade pareto solution among different objective constraint actual quality result rtl design hard predict address challenge propose end end framework namelyironman primary goal enable flexible automate design space exploration dse provide either optimal solution user specify constraint various trade offs among different objective different type resource area latency dse either require tedious manual effort achievable attain goal exist hl tool three component ironman gpp highly accurate graph neural network base performance resource predictor rlmd reinforcement learn base multi objective dse engine explore optimal resource allocation strategy provide pareto solution different objective ct code transformer assist rlmd gpp extract data flow graph original hl c c automatically generate synthesizable code hl directives experimental result show gpp achieves high prediction accuracy reduce prediction error hls tool x resource utilization x timing rlmd obtain optimal pareto solution outperform genetic algorithm simulate anneal respectively ironman able find optimized solution perfectly match various dsp constraint x few dsps x shorter latency hl tool x faster heuristic algorithm hl tool', 'propose language compiler productively build high performance software systolic array run gpus base rigorous mathematical foundation uniform recurrence equation space time transform language high abstraction level cover wide range application programmer specifies projection dataflow compute onto linear systolic array leave detailed implementation projection compiler compiler implement specify projection map linear systolic array simd execution unit vector register gpus way productivity performance achieve time approach neatly combine loop transformation data shuffle vector register allocation single framework meanwhile many optimization apply well compiler composes optimization together generate efficient code implement approach intel gpus first system allow productive construction systolic array gpus allow multiple projection arbitrary projection direction linear schedule express systolic array practice experiment convolution intel gen gpu demonstrate generality approach productivity express various systolic design find best candidate although systolic array purely software run generic simd hardware compare gpu specialize hardware sampler perform convolution best design faster overall approach hold promise productive high performance compute gpus', 'modern mathematics build idea proof translatable formal proof whose validity objective question decidable computer yet practice proof informal may omit many detail agent considers proof valid trust could expand machine verifiable proof proof validity thus become subjective matter lead debate may difficult settle hence concept valid proof well define process establish validity complex multi agent problem introduce sprig protocol sprig allow agent propose verify succinct informative proof decentralize fashion trust establish agent able request detail proof step debate arise must isolate detail proofs persist go machine level detail automatically settle structure bounty stake set incentivize agent act good faith propose game theoretic discussion sprig show agent various type information interact lead proof tree appropriate level detail invalidation wrong proof discus resilience various attack analyze simplify model characterize equilibrium compute agent level trust sprig design run smart contract blockchain platform allow anonymous agent participate verification debate contribute information smart contract mediate interaction settle debate guarantee bounty stake pay specify sprig enable new application issuance bounty open problem creation derivative market allow agent inject information pertain proof']",26760
156,38,156_coherence_coherence assessment_coherence evaluation_neural coherence,"['coherence', 'coherence assessment', 'coherence evaluation', 'neural coherence', 'shuffle test', 'sentence planning', 'planning operation', 'original grid', 'application coherence', 'coherence relation']","['despite recent success contextualized language model various nlp task language model cannot capture textual coherence long multi sentence document e g paragraph human often make structural decision say make utterance guide surface realization high level decision structure text coherent way essentially call planning process model learn high level coherence paragraph contain various form inductive coherence signal call self supervision work sentence order topical keywords rhetorical structure motivate work propose new paragraph completion task parcom predict masked sentence paragraph however task suffers predict select appropriate topical content respect give context address propose self supervise text planner ssplanner predicts say first content prediction guide pretrained language model surface realization use predict content ssplanner outperforms baseline generation model paragraph completion task automatic human evaluation also find combination noun verb type keywords effective content selection number content keywords provide overall generation quality also increase', 'natural language generation task challenge generate informative coherent review text order enhance informativeness generate text existing solution typically learn copy entity triple knowledge graph kg however lack overall consideration select arrange incorporate knowledge tend cause text incoherence address issue focus improve entity centric coherence generate review leverage semantic structure kgs paper propose novel coherence enhance text plan model cetp base knowledge graph kg improve global local coherence review generation propose model learn two level text plan generate document document plan model sequence sentence plan order sentence plan model entity base subgraph kg local coherence naturally enforce kg subgraphs intra sentence correlation entity global coherence design hierarchical self attentive architecture subgraph node level attention enhance correlation subgraphs knowledge first utilize kg base text plan model enhance text coherence review generation extensive experiment three datasets confirm effectiveness model improve content coherence generate text', 'although large scale pre train neural model show impressive performance variety task ability generate coherent text appropriately model discourse phenomena harder evaluate less understood give claim improve text generation quality across various system consider coherence evaluation machine generate text one principal application coherence model need investigate explore train data self supervision objective result model generalizes well across task use shelf perform evaluation prior work neural coherence model primarily focus devise new architecture train model distinguish coherent incoherent text pairwise self supervision permute document task instead use basic model architecture show significant improvement state art within training regime design harder self supervision objective increase ratio negative sample within contrastive learn setup enhance model automatic hard negative mining couple large global negative queue encode momentum encoder show empirically increase density negative sample improve basic model use global negative queue improve stabilizes model train hard negative sample evaluate coherence model task independent test set resemble real world use case show significant improvement coherence evaluation downstream application']",26760
157,38,157_metaphor_idiomatic_literal_idiom,"['metaphor', 'idiomatic', 'literal', 'idiom', 'idiomatic expression', 'metaphor detection', 'simile', 'figurative', 'pie', 'expression']","['idiomatic expression always bottleneck language comprehension natural language understand specifically task like machine translation mt mt system predominantly produce literal translation idiomatic expression exhibit generic linguistically deterministic pattern exploit comprehension non compositional meaning expression expression occur parallel corpus use train due comparatively high occurrence constituent word idiomatic expression literal context idiomatic meaning get overpowered compositional meaning expression state art metaphor detection system able detect non compositional usage word level miss idiosyncratic phrasal idiomatic expression create dire need dataset wider coverage high occurrence commonly occur idiomatic expression span use metaphor detection mind present english possible idiomatic expression epie corpus contain sentence label lexical instance idiomatic expression span also cover literal usage give set idiomatic expression also present utility dataset use train sequence label module test three independent datasets high accuracy precision recall score', 'idiomatic expression like wood ante present range difficulty natural language processing application present work annotation extraction term potentially idiomatic expression pie subclass multiword expression cover literal non literal us idiomatic expression exist corpus pie small limited coverage different pie type hamper research progress extraction disambiguation potentially idiomatic expression large corpora pie require addition large corpora potential source valuable linguistic insight idiomatic expression variability propose automatic tool facilitate building large pie corpus investigate feasibility use dictionary base extraction pie pre extraction tool english assess reliability coverage idiom dictionary annotation pie corpus automatic extraction pie large corpus result show combination dictionary reliable source idiomatic expression pie annotate high reliability fleiss kappa parse base pie extraction yield highly accurate performance f score combine complementary pie extraction method increase reliability f score moreover extraction method present could extend type multiword expression language give sufficient nlp tool available', 'literary trope poetry story crux human imagination communication figurative language simile go beyond plain expression give reader new insight inspiration paper tackle problem simile generation generate simile require proper understanding effective mapping property two concept end first propose method automatically construct parallel corpus transform large number simile collect reddit literal counterpart use structured common sense knowledge propose fine tune pretrained sequence sequence model bart cite lewis bart literal simile pair gain generalizability generate novel simile give literal sentence experiment show approach generates novel simile share property train data human evaluation independent set literal statement show model generates similes well two literary expert textit footnote average human time three baseline system include recent metaphor generation model textit footnote average three baseline time compare pairwise footnote simile title generate best model input generate simile effortlessly output generate simile textit like pro also show replace literal sentence similes best model machine generate story improve evocativeness lead well acceptance human judge']",26760
158,37,158_persona_persona description_personalize dialogue_persona base,"['persona', 'persona description', 'personalize dialogue', 'persona base', 'personalize', 'partner persona', 'personas', 'user persona', 'personal attribute', 'persona dialogue']","['personalize chatbots focus endow chatbots consistent personality behave like real user give informative response act personal assistant exist personalized approach try incorporate several text description explicit user profile however acquisition explicit profile expensive time consume thus impractical large scale real world application moreover restrict predefined profile neglect language behavior real user cannot automatically update together change user interest paper propose learn implicit user profile automatically large scale user dialogue history build personalize chatbots specifically leverage benefit transformer language understand train personalized language model construct general user profile user historical response highlight relevant historical response input post establish key value memory network historical post response pair build dynamic post aware user profile dynamic profile mainly describe user respond similar post history explicitly utilize user frequently use word design personalize decoder fuse two decode strategy include generate word generic vocabulary copy one word user personalize vocabulary experiment two real world datasets show significant improvement model compare exist method code available http github com zhengyima dhap', 'endow dialogue system particular personality trait essential deliver human like conversation however due challenge embody personality via language expression lack large scale persona label dialogue data research problem still far well studied paper investigate problem incorporate explicit personality trait dialogue generation deliver personalize dialogue end firstly construct personaldialog large scale multi turn dialogue dataset contain various trait large number speaker dataset consist session utterance speaker utterance associate speaker mark trait like age gender location interest tag etc several anonymization scheme design protect privacy speaker large scale dataset facilitate study personalize dialogue generation also research sociolinguistics social science secondly study personality trait capture addressed dialogue generation propose persona aware dialogue generation model within sequence sequence learn framework explicit personality trait structure key value pair embed use trait fusion module decode process two technique namely persona aware attention persona aware bias devise capture address trait relate information experiment demonstrate model able address proper trait different contexts case study also show interesting result challenge research problem', 'unstructured persona orient dialogue system upds demonstrate effective generate persona consistent response utilize predefined natural language user persona description e g vegan however predefined user persona description usually short limited descriptive word make hard correlate dialogue result exist method either fail use persona description use improperly generate persona consistent response address propose neural topical expansion framework namely persona exploration exploitation pee able extend predefined user persona description semantically correlate content utilizing generate dialogue response pee consist two main module persona exploration persona exploitation former learns extend predefined user persona description mining correlate exist dialogue corpus use variational auto encoder vae base topic model latter learns generate persona consistent response utilize predefined extend user persona description order make persona exploitation learn utilize user persona description properly also introduce two persona orient loss function persona orient matching p match loss persona orient bag word p bow loss respectively supervise persona selection encoder decoder experimental result show approach outperforms state art baseline term automatic human evaluation']",26760
159,36,159_quantum_circuit_quantum circuit_bose,"['quantum', 'circuit', 'quantum circuit', 'bose', 'entanglement', 'qnlp', 'bose einstein', 'quantum compute', 'einstein', 'quantum computer']","['previous research show texts tell story exhibit statistical structure maxwell boltzmann bose einstein explanation due presence indistinguishability human language result word different part story indistinguishable one another current article set provide explanation bose einstein statistic show presence meaning story give rise lack independence characteristic bose einstein provide conclusive evidence word consider quanta human language structurally similar photon quanta light use several study entanglement brussels research group also show also presence meaning text make von neumann entropy total text small relative entropy word compose explain new insight article fit research domain call quantum cognition quantum probability model quantum vector space use human cognition also relevant use quantum structure information retrieval natural language processing introduce quantization bose einstein statistic relevant quantum effect inspire conceptuality interpretation quantum mechanic rely new insight put forward hypotheses nature physical reality note new type decrease entropy explanation may important development quantum thermodynamics likewise note also give rise original explanatory picture nature physical reality surface planet earth human culture emerge reinforce continuation life', 'paper spiritual child lecture note kindergarten quantum mechanic show simple pictorial extension dirac notation allow several quantum feature easily express derive use language even kindergartner understand central approach use picture pictorial transformation rule understand derive feature quantum theory computation however approach leave many wonder beef word new approach capable produce new result simply aesthetically please way restate stuff already know aim sequel paper say beef highlight major result approach advocated kindergarten quantum mechanic apply tackle practical problem real quantum computer focus mainly become swiss army knife pictorial formalism zx calculus first look idea behind zx calculus compare contrast usual quantum circuit formalism survey result past year fall three category completeness rule zx calculus state art quantum circuit optimisation result commercial open source quantum compiler rely zx use zx translate real world stuff like natural language quantum circuit run today limit quantum hardware also take title literally outline ongoing experiment aim show zx calculus enable child cut edge quantum compute stuff anything would truly confirm kindergarten quantum mechanic joke', 'provide conceptual mathematical foundation near term quantum natural language processing qnlp quantum computer scientist friendly term opt expository presentation style provide reference support empirical evidence formal statement concern mathematical generality recall quantum model natural language employ canonically combine linguistic meaning rich linguistic structure notably grammar particular fact take quantum like model combine meaning structure establish qnlp quantum native par simulation quantum system moreover lead noisy intermediate scale quantum nisq paradigm encode classical data quantum hardware variational quantum circuit make nisq exceptionally qnlp friendly linguistic structure encode free lunch contrast apparently exponentially expensive classical encode grammar quantum speed qnlp task already establish previous work zeng provide broad range task enjoy advantage diagrammatic reason heart qnlp firstly quantum model interprets language quantum process via diagrammatic formalism categorical quantum mechanic secondly diagram via zx calculus translate quantum circuit parameterisations meaning become circuit variable learn encode linguistic structure within quantum circuit also embody novel approach establish word meaning go beyond current standard mainstream ai place linguistic structure heart wittgenstein mean context']",26760
160,36,160_propaganda_propaganda technique_propaganda detection_technique news,"['propaganda', 'propaganda technique', 'propaganda detection', 'technique news', 'semeval detection', 'tc', 'detection propaganda', 'technique classification', 'span identification', 'si']","['present result main finding semeval task detection propaganda technique news article task feature two subtasks subtask si span identification give plain text document spot specific text fragment contain propaganda subtask tc technique classification give specific text fragment context full document determine propaganda technique use choose inventory possible propaganda technique task attract large number participant team sign participate make submission test set paper present task analyze result discuss system submission method use subtasks best system use pre train transformer ensemble', 'paper present win system propaganda technique classification tc task second place system propaganda span identification si task purpose tc task identify apply propaganda technique give propaganda text fragment goal si task find specific text fragment contain least one propaganda technique develop solution use semi supervise learn technique self train interestingly although crf barely use transformer base language model si task approach roberta crf architecture ensemble roberta base model propose tc task one making use span cl layer introduce present paper addition describe submit system impact architectural decision train schemes investigate along remark regard training model well quality lower computational budget finally result error analysis present', 'manipulative mislead news become commodity online news outlet news gain significant impact global mindset people propaganda frequently employ manipulation method goal influence reader spread idea meant distort manipulate opinion paper describe participation semeval task detection propaganda technique news article competition approach considers specialize pre train bert model propagandistic hyperpartisan news article enable create adequate representation two subtasks namely propaganda span identification si propaganda technique classification tc propose system achieve f score subtask si rank th leaderboard team micro average f score subtask tc rank th team']",26760
161,36,161_gender_gender bias_grammatical gender_translation gender,"['gender', 'gender bias', 'grammatical gender', 'translation gender', 'winomt', 'bias mt', 'direct st', 'gendered', 'gender translation', 'bias machine']","['gender bias natural language processing nlp application particularly machine translation receive increase attention much research issue focus mitigate gender bias english nlp model system address problem poorly resourced morphologically rich language lag behind largely due lack datasets resource paper introduce new corpus gender identification rewrite context involve one two target user first second grammatical person independent grammatical gender preference focus arabic gender mark morphologically rich language corpus multiple parallel component four combination st nd person feminine masculine grammatical gender well english english arabic machine translation output corpus expand habash et al arabic parallel gender corpus apgc v add second person target well increase total number sentence time reach k word new dataset aid research development gender identification control text generation post edit rewrite system could use personalize nlp application provide user correct output base grammatical gender preference make arabic parallel gender corpus apgc v publicly available', 'train data nlp task often exhibit gender bias few sentence refer woman men neural machine translation nmt gender bias show reduce translation quality particularly target language grammatical gender recent winomt challenge set allow u measure effect directly stanovsky et al ideally would reduce system bias simply debiasing data prior train achieve effectively challenge rather attempt create balance dataset use transfer learn small set trust gender balance example approach give strong consistent improvement gender debiasing much less computational cost training scratch know pitfall transfer learn new domain catastrophic forget address adaptation inference adaptation show elastic weight consolidation allow performance trade general translation quality bias reduction inference propose lattice rescoring scheme outperforms system evaluate stanovsky et al winomt degradation general test set bleu show scheme apply remove gender bias output black box online commercial mt system demonstrate approach translate english three language vary linguistic property data availability', 'automatic speech translation st traditional cascade approach involve separate transcription translation step give ground increasingly competitive robust direct solution particular translate speech audio data without intermediate transcription direct st model able leverage preserve essential information present input e g speaker vocal characteristic otherwise lose cascade framework although ability prove useful gender translation direct st nonetheless affect gender bias like cascade counterpart well machine translation numerous natural language processing application moreover direct st system exclusively rely vocal biometric feature gender cue unsuitable potentially harmful certain user go beyond speech signal paper compare different approach inform direct st model speaker gender test ability handle gender translation english italian french aim manually annotate large datasets speaker gender information use experiment reflect different possible real world scenario result show gender aware direct st solution significantly outperform strong gender unaware direct st model particular translation gender mark word increase point accuracy preserve overall translation quality']",26760
162,36,162_grain entity_entity mention_mention_grain,"['grain entity', 'entity mention', 'mention', 'grain', 'base mention', 'fetc', 'fg net', 'mzet', 'figment', 'figer']","['wealth structure e g wikidata unstructured data world available today present incredible opportunity tomorrow artificial intelligence far integration two different modality difficult process involve many decision concern best represent information capture useful hand label large amount data deeptype overcome challenge explicitly integrate symbolic information reason process neural network type system first construct type system second use constrain output neural network respect symbolic structure achieve reformulate design problem mixed integer problem create type system subsequently train neural network reformulation discrete variable select parent child relation ontology type within type system continuous variable control classifier fit type system original problem cannot solve exactly propose step algorithm heuristic search stochastic optimization discrete variable define type system informed oracle learnability heuristic gradient descent fit classifier parameter apply deeptype problem entity link three standard datasets e wikidisamb conll yago tac kbp find outperforms exist solution wide margin include approach rely human design type system recent deep learn base entity embeddings explicitly use symbolic information let integrate new entity without retrain', 'entity mention text washington may correspond many different name entity city washington c newspaper washington post goal name entity disambiguation identify mention name entity correctly among possible candidate type e g location person mention entity correctly predict context may increase chance select right candidate assign low probability unlikely one paper propose cluster base mention type name entity disambiguation aim mention type predict type give mention base context generally manually curated type taxonomy wikipedia category use introduce cluster base mention type name entity cluster base contextual similarity cluster id assign type hyperlinked mention context wikipedia use order obtain cluster base type mention type model train mention label cluster base type distant supervision name entity disambiguation phase first cluster base type give mention predict type use feature rank model select best entity among candidate represent entity multiple contextual level obtain different clustering thus type model base level cluster breaks entity space differently mention type base cluster discriminates mention differently prediction type model use together system achieve well comparable result base randomization test respect state art level four defacto test set', 'fine grain name entity type fg net aim classify entity mention wide range entity type usually hundred depend upon context distant supervision common way acquire supervised training data brings label noise assigns type label entity mention irrespective mention context attempt deal label noise lead research fg net assumes fine grain entity type data possesses euclidean nature restraint ability exist model combat label noise give fact fine grain type hierarchy exhibit hierarchal structure make hyperbolic space natural choice model fg net data research propose fgnet hr novel framework benefit hyperbolic geometry combination graph structure perform entity type performance enhance fashion fgnet hr initially use lstm network encode mention relation context later form graph distill refine mention encoding hyperbolic space finally refine mention encode use entity type experimentation use different benchmark datasets show fgnet hr improve performance fg net term strict accuracy']",26760
163,35,163_keyword spot_keyword_kw_spot,"['keyword spot', 'keyword', 'kw', 'spot', 'kws', 'spot kw', 'spot kws', 'keysem', 'keywords', 'pool loss']","['learn recognize new keywords examples essential personalizing keyword spot kws model user choice keywords however modern kw model typically trained large datasets restrict small vocabulary keywords limit transferability broad range unseen keywords towards easily customizable kw model present keysem keyword speech embed speech embed model pre train task recognize large number keywords speech representation offer keysem highly effective learn new keywords limited number example comparison diverse range related work across several datasets show method achieves consistently superior performance few training example although keysem pre train english utterance performance gain also extend datasets four language indicate keysem learns useful representation well align task keyword spot finally demonstrate keysem ability learn new keywords sequentially without require train previously learn keywords experimental observation suggest keysem well suited device environment post deployment learn ease customization often desirable', 'keyword spot kws critical component enable speech base user interaction smart device require real time response high accuracy good user experience recently neural network become attractive choice kw architecture superior accuracy compare traditional speech processing algorithm due always nature kws application highly constrained power budget typically run tiny microcontrollers limit memory compute capability design neural network architecture kw must consider constraint work perform neural network architecture evaluation exploration run kws resource constrain microcontrollers train various neural network architecture keyword spot publish literature compare accuracy memory compute requirement show possible optimize neural network architecture fit within memory compute constraint microcontrollers without sacrifice accuracy explore depthwise separable convolutional neural network d cnn compare neural network architecture ds cnn achieves accuracy high dnn model similar number parameter', 'paper introduces system submit yidun nisp team video keyword wakeup challenge propose mandarin keyword spot system kws several novel effective improvement include big backbone b model keyword bias b mechanism introduction syllable model unit consider term total system bbs kws abbreviation bb kw system consist end end automatic speech recognition asr module kw module asr module convert speech feature text representation applies big backbone network acoustic model take syllable model unit consideration well addition keyword bias mechanism use improve recall rate keywords asr inference stage kw module apply multiple criterion determine absence presence keywords multi stage match fuzzy matching connectionist temporal classification ctc prefix score improve system conduct semi supervise learn cn celeb dataset good generalization vkw task bb kw system achieve significant gain baseline first place two track']",26760
164,35,164_trial_clinical trial_pico_clinical,"['trial', 'clinical trial', 'pico', 'clinical', 'systematic review', 'base medicine', 'evidence base', 'afib', 'evidence', 'ebm']","['evidence base medicine ebm define clinical question term specific patient problem aid physician efficiently identify appropriate resource search best available evidence medical treatment order formulate well define focused clinical question framework call pico widely use identifies sentence give medical text belong four component typically report clinical trial participant problem p intervention comparison c outcome work propose novel deep learning model recognize pico element biomedical abstract base previous state art bidirectional long short term memory bilstm plus conditional random field crf architecture add another layer bilstm upon sentence representation vector contextual information surround sentence gather help infer interpretation current one addition propose two method generalize improve model adversarial training unsupervised pre train large corpus test propose approach two benchmark datasets one pubmed pico dataset best result outperform previous best p element term f score respectively dataset name nicta piboso improvement p element f score respectively overall propose deep learn model obtain unprecedented pico element detection accuracy avoid need manual feature selection', 'effectively treat disease condition ideally could consult database evidence glean clinical trial answer question unfortunately database exist clinical trial result instead disseminate primarily via lengthy natural language article peruse article would prohibitively time consume healthcare practitioner instead tend depend manually compile systematic review medical literature inform care nlp may speed process eventually facilitate immediate consult publish evidence evidence inference dataset recently release facilitate research toward end task entail infer comparative performance two treatment respect give outcome particular article describe clinical trial identify support evidence instance article report chemotherapy perform good surgery five year survival rate operable cancer paper collect additional annotation expand evidence inference dataset provide strong baseline model systematically inspect error make probe dataset quality also release abstract oppose full text version task rapid model prototyping updated corpus documentation code new baseline evaluation available http evidence inference ebm nlp com', 'background clinical guideline recommendation drive wheel evidence base medicine ebm paradigm available primarily unstructured text generally highly heterogeneous nature significantly reduce dissemination automatic application recommendation point care comprehensive structure representation recommendation highly beneficial regard objective objective paper present clinical recommendation type system crts common type system effectively represent clinical recommendation structure form method crt build analyze recommendation research article correspond different disease available uptodate publicly available clinical knowledge system national guideline clearinghouse public resource evidence base clinical practice guideline result show crts cover recommendation also flexible extended represent information primary literature also describe develop type system apply clinical decision support medical knowledge summarization citation retrieval conclusion show propose type system precise comprehensive represent large sample recommendation available various disorder crt use build interoperable information extraction system automatically extract clinical recommendation relate data element clinical evidence resource guideline systematic review primary publication keywords guideline recommendation type system clinical decision support evidence base medicine information storage retrieval']",26760
165,35,165_cyber_cybersecurity_crime_security,"['cyber', 'cybersecurity', 'crime', 'security', 'threat', 'vulnerability', 'cyber threat', 'cti', 'cti extraction', 'threat intelligence']","['cybersecurity researcher contribute automated extraction cti textual source threat report online article cyberattack strategy procedure tool describe goal article aid cybersecurity researcher understand current technique use cyberthreat intelligence extraction text survey relevant study literature systematically collect cti extraction text related study literature categorize cti extraction purpose propose cti extraction pipeline abstract study identify data source technique cti share format utilized context propose pipeline work find ten type extraction purpose extraction indicator compromise extraction ttps tactic technique procedure attack cybersecurity keywords also identify seven type textual source cti extraction textual data obtain hacker forum threat report social medium post online news article use almost study natural language processing along supervise unsupervised machine learn technique name entity recognition topic model dependency parse supervised classification cluster use cti extraction observe technical challenge associate study relate obtain available clean label data could assure replication validation extension study find study focus cti information extraction text advocate building upon current cti extraction work help cybersecurity practitioner proactive decision make threat prioritization automate threat model utilize knowledge past cybersecurity incident', 'log base cyber threat hunt emerge important solution counter sophisticate attack however exist approach require non trivial effort manual query construction overlook rich external threat knowledge provide open source cyber threat intelligence oscti bridge gap propose threatraptor system facilitate threat hunt computer system use oscti build upon system audit framework threatraptor provide unsupervised light weight accurate nlp pipeline extract structure threat behavior unstructured oscti text concise expressive domain specific query language tbql hunt malicious system activity query synthesis mechanism automatically synthesize tbql query hunt efficient query execution engine search big audit log data evaluation broad set attack case demonstrate accuracy efficiency threatraptor practical threat hunt', 'log base cyber threat hunt emerge important solution counter sophisticate cyber attack however exist approach require non trivial effort manual query construction overlook rich external knowledge threat behavior provide open source cyber threat intelligence oscti bridge gap build threatraptor system facilitate cyber threat hunt computer system use oscti build upon mature system audit framework threatraptor provide unsupervised light weight accurate nlp pipeline extract structure threat behavior unstructured oscti text concise expressive domain specific query language tbql hunt malicious system activity query synthesis mechanism automatically synthesize tbql query extract threat behavior efficient query execution engine search big system audit log data']",26760
166,34,166_nli_inference nli_debiasing_hypothesis bias,"['nli', 'inference nli', 'debiasing', 'hypothesis bias', 'spurious', 'bias', 'know bias', 'natural inference', 'spurious correlation', 'cad']","['deep learning model make fast progress task natural language inference recent study also show model achieve high accuracy exploit several dataset bias without deep understanding language semantics use contradiction word bias word overlap bias two bias example paper explore data level model level debiasing method robustify model lexical dataset bias first debias dataset data augmentation enhancement show model bias cannot fully remove via method next also compare two way directly debiasing model without know dataset bias advance first approach aim remove label bias embed level second approach employ bag word sub model capture feature likely exploit bias prevents original model learn bias feature force orthogonality two sub model perform evaluation new balanced datasets extract original mnli dataset well nli stress test show orthogonality approach well debiasing model maintain competitive overall accuracy code data available https github com owenzx lexicaldebias acl', 'modern pretrained language model critical component nlp pipeline yet suffer spurious correlation poor domain generalization bias inspire recent progress causal machine learn particular invariant risk minimization irm paradigm propose invariant language model framework learn invariant representation generalize good across multiple environment particular adapt game theoretic implementation irm irm game language model invariance emerge specific train schedule environment compete optimize environment specific loss update subset model round robin fashion series control experiment demonstrate ability method remove structure noise ii ignore specific spurious correlation without affect global performance iii achieve good domain generalization benefit come negligible computational overhead compare standard training require change local loss apply language model architecture believe framework promising help mitigate spurious correlation bias language model', 'many natural language inference nli datasets contain bias allow model perform well use bias subset input without consider remainder feature instance model able make classification decision use hypothesis without learn true relationship premise structural bias lead discriminative model learn unintended superficial feature generalize poorly train distribution work reformulate nli task generative task model condition biased subset input label generate remain subset input show impose uniform prior obtain provably unbiased model synthetic experiment find approach highly robust large amount bias demonstrate empirically two type natural bias approach lead fully unbiased model practice however find generative model difficult train generally perform worse discriminative baseline highlight difficulty generative model task context nli cause bad performance finally fine tune generative model discriminative objective reduce performance gap generative model discriminative baseline allow small amount bias']",26760
167,33,167_qe_quality estimation_estimation qe_estimation,"['qe', 'quality estimation', 'estimation qe', 'estimation', 'level quality', 'level qe', 'qe share', 'predictor estimator', 'wmt qe', 'openkiwi']","['machine translation quality estimation qe task predict quality machine translation without rely reference recently predictor estimator framework train predictor feature extractor leverage extra parallel corpus without qe label achieve promising qe performance however argue gap predictor estimator data quality training objective preclude qe model benefit large number parallel corpus directly propose novel framework call directqe provide direct pretraining qe task directqe generator train produce pseudo data closer real qe data detector pretrained data novel objective akin qe task experiment widely use benchmark show directqe outperforms exist method without use pretraining model bert also give extensive analysis show fix two gap contribute improvement', 'translation quality estimation critical reduce post edit effort machine translation cross lingual corpus clean research problem quality estimation qe aim directly estimate quality translation give pair source target sentence highlight word need correction without reference golden translation paper propose verdi novel framework word level sentence level post edit effort estimation bilingual corpus verdi adopt two word predictor enable diverse feature extract pair sentence subsequent quality estimation include transformer base neural machine translation nmt model pre train cross lingual language model xlm exploit symmetric nature bilingual corpus apply model level dual learning nmt predictor handle primal task dual task simultaneously weight share lead strong context prediction ability single direction nmt model take advantage dual learning scheme design novel feature directly encode translate target information without rely source context extensive experiment conduct wmt qe task demonstrate method beat winner competition outperforms baseline method great margin use sentence level score provide verdi clean parallel corpus observe benefit model performance training efficiency', 'expensive evaluate result machine translation mt usually require manual translation reference machine translation quality estimation qe task predict quality machine translation without rely reference recently emergence predictor estimator framework train predictor feature extractor estimator qe predictor pre train language model plm achieve promising qe performance however argue still gap predictor estimator data quality training objective preclude qe model benefit large number parallel corpus directly base previous related work alleviate gap extent propose novel framework provide accurate direct pretraining qe task framework generator train produce pseudo data closer real qe data estimator pretrained data novel objective qe task experiment widely use benchmark show propose framework outperform exist method without use pretraining model bert']",26760
168,32,168_factual_factual consistency_factuality_factual error,"['factual', 'factual consistency', 'factuality', 'factual error', 'factual inconsistency', 'summary', 'consistency', 'generate summary', 'abstractiveness', 'abstractive summarization']","['despite significant progress achieve text summarization factual inconsistency generate summary still severely limits practical application among key factor ensure factual consistency reliable automatic evaluation metric first crucial one however exist metric either neglect intrinsic cause factual inconsistency rely auxiliary task lead unsatisfied correlation human judgment increase inconvenience usage practice light challenge propose novel metric evaluate factual consistency text summarization via counterfactual estimation formulates causal relationship among source document generate summary language prior remove effect language prior cause factual inconsistency total causal effect generate summary provide simple yet effective way evaluate consistency without rely auxiliary task conduct series experiment three public abstractive text summarization datasets demonstrate advantage propose metric improve correlation human judgment convenience usage source code available http github com xieyxclack factual coco', 'practical application abstractive summarization model limit frequent factual inconsistency respect input exist automatic evaluation metric summarization largely insensitive error propose automatic evaluation protocol call qags pronounce kags design identify factual inconsistency generate summary qags base intuition ask question summary source receive similar answer summary factually consistent source evaluate qags collect human judgment factual consistency model generate summary cnn dailymail hermann et al xsum narayan et al summarization datasets qags substantially high correlation judgment automatic evaluation metric also qags offer natural form interpretability answer question generate compute qags indicate token summary inconsistent believe qags promise tool automatically generate usable factually consistent text', 'factual inconsistency generate summary severely limit practical application abstractive dialogue summarization although significant progress achieve use pre train model substantial amount hallucinate content find human evaluation pre train model commonly fine tune cross entropy loss text summarization may optimal strategy work provide typology factual error annotation data highlight type error move away binary understanding factuality propose train strategy improve factual consistency overall quality summary via novel contrastive fine tune call confit base linguistically informed typology error design different modular objective target specific type specifically utilize hard negative sample error reduce generation factual inconsistency order capture key information speaker also design dialogue specific loss use human evaluation automatic faithfulness metric show model significantly reduces kinds factual error dialogue summarization samsum corpus moreover model could generalize meet summarization ami corpus produce significantly high score baseline datasets regard word overlap metric']",26760
169,32,169_diarization_speaker diarization_eend_diarization error,"['diarization', 'speaker diarization', 'eend', 'diarization error', 'number speaker', 'speaker', 'neural diarization', 'clustering', 'base diarization', 'der']","['paper propose novel end end neural network base speaker diarization method unlike exist method propose method separate module extraction cluster speaker representation instead model single neural network directly output speaker diarization result realize model formulate speaker diarization problem multi label classification problem introduces permutation free objective function directly minimize diarization error without suffered speaker label permutation problem besides end end simplicity propose method also benefit able explicitly handle overlap speech training inference benefit model easily train adapt real record multi speaker conversation feed correspond multi speaker segment label evaluate propose method simulate speech mixture propose method achieve diarization error rate conventional clustering base system produce diarization error rate furthermore domain adaptation real record speech provide relative improvement callhome dataset source code available online http github com hitachi speech eend', 'speaker diarization mainly develop base cluster speaker embeddings however cluster base approach two major problem e optimize minimize diarization error directly ii cannot handle speaker overlap correctly solve problem end end neural diarization eend bidirectional long short term memory blstm network directly output speaker diarization result give multi talker record recently propose study enhance eend introduce self attention block instead blstm block contrast blstm condition previous next hidden state self attention directly condition frames make much suitable deal speaker diarization problem evaluate propose method simulate mixture real telephone call real dialogue recording experimental result reveal self attention key achieve good performance propose method perform significantly well conventional blstm base method method even well state art x vector cluster base method finally visualize latent representation show self attention capture global speaker characteristic addition local speech activity dynamic source code available online http github com hitachi speech eend', 'common approach speaker diarization cluster speaker embeddings however cluster base approach number problem e optimize minimize diarization error directly ii cannot handle speaker overlap correctly iii trouble adapt speaker embed model real audio recording speaker overlap solve problem propose end end neural diarization eend neural network directly output speaker diarization result give multi speaker record realize end end model formulate speaker diarization problem multi label classification problem introduce permutation free objective function directly minimize diarization error besides end end simplicity eend method explicitly handle speaker overlap train inference feed multi speaker recording correspond speaker segment label model easily adapt real conversation evaluate method simulate speech mixture real conversation datasets result show eend method outperform state art x vector cluster base method correctly handle speaker overlap explore neural network architecture eend method find self attention base neural network key achieve excellent performance contrast conditioning network previous next hidden state do use bidirectional long short term memory blstm self attention directly condition frame visualize attention weight show self attention capture global speaker characteristic addition local speech activity dynamic make especially suitable deal speaker diarization problem']",26760
170,32,170_asr error_wer_asr_transcription,"['asr error', 'wer', 'asr', 'transcription', 'asr output', 'apr', 'semdist', 'error', 'error detection', 'lead gold']","['modern automatic speech recognition asr system achieve high performance term recognition accuracy however perfectly accurate transcript still challenge read due disfluency filter word errata common spoken communication many downstream task human reader rely output asr system therefore error introduce speaker asr system alike propagate next task pipeline work propose asr post processing model aim transform incorrect noisy asr output readable text human downstream task leverage metadata extraction mde corpus construct task specific dataset study since dataset small propose novel data augmentation method use two stage training strategy fine tune roberta pre train model constructed test set model outperforms production two step pipeline base post processing method large margin readability aware wer ra wer bleu metric human evaluation also demonstrate method generate human readable transcript baseline method', 'modern automatic speech recognition asr system achieve high performance term recognition accuracy however perfectly accurate transcript still challenge read due grammatical error disfluency errata common spoken communication many downstream task human reader rely output asr system therefore error introduce speaker asr system alike propagate next task pipeline work propose novel nlp task call asr post processing readability apr aim transform noisy asr output readable text human downstream task maintain semantic meaning speaker addition describe method address lack task specific data synthesize example apr task use datasets collect grammatical error correction gec follow text speech tt asr furthermore propose metric borrow similar task evaluate performance apr task compare fine tune model base several open source adapted pre train model traditional pipeline method result suggest finetuned model improve performance apr task significantly hint potential benefit use apr system hope read understand rewrite approach work serve basis many nlp task human reader benefit', 'error correction widely use automatic speech recognition asr post process generate sentence reduce word error rate wer although multiple candidate generate asr system beam search current error correction approach correct one sentence time fail leverage vote effect multiple candidate well detect correct error tokens work propose fastcorrect error correction model take multiple asr candidate input good correction accuracy fastcorrect adopts non autoregressive generation fast inference consist encoder process multiple source sentence decoder generates target sentence parallel adjust source sentence adjustment base predict duration source token however issue handle multiple source sentence first non trivial leverage vote effect multiple source sentence since usually vary length thus propose novel alignment algorithm maximize degree token alignment among multiple sentence term token pronunciation similarity second decoder take one adjust source sentence input multiple source sentence thus develop candidate predictor detect suitable candidate decoder experiment inhouse dataset aishell show fastcorrect reduce wer previous correction model single candidate demonstrate effectiveness leverage multiple candidate asr error correction fastcorrect achieves good performance cascade score correction pipeline serve unify post processing module asr']",26760
171,32,171_oie_openie_open extraction_tuples,"['oie', 'openie', 'open extraction', 'tuples', 'extraction open', 'koko', 'extraction oie', 'extraction openie', 'saoke', 'exist oie']","['paper consider problem open information extraction oie extract entity relation level intermediate structure sentence open domain focus four type valuable intermediate structure relation attribute description concept propose unify knowledge expression form saoke express publicly release data set contain forty thousand sentence correspond fact saoke format label crowd source knowledge large publicly available human label data set open information extraction task use labeled saoke data set train end end neural model use sequenceto sequence paradigm call logician transform sentence facts sentence different exist algorithm generally focus extract single fact without concern possible fact logician performs global optimization possible involved fact facts compete attract attention word also cooperate share word experimental study various type open domain relation extraction task reveals consistent superiority logician state art algorithms experiment verify reasonableness saoke format valuableness saoke data set effectiveness propose logician model feasibility methodology apply end end learn paradigm supervise data set challenge task open information extraction', 'typically open information extraction openie focus extract triple represent subject relation object relation however exist technique base predefined set relation domain limit applicability newer domain relation may unknown financial document paper present zero shot open information extraction technique extract entity value description key sentence use shelf machine read comprehension mrc model input question model create use novel noun phrase generation method method take context sentence account create wide variety question make technique domain independent give question sentence technique use mrc model extract entity value noun phrase correspond question high confidence take description key paper also introduce edgar q dataset base publicly available financial document corporation list u security exchange commission sec dataset consist paragraphs tagged value entity key description one large among entity extraction datasets dataset valuable addition research community especially financial domain finally paper demonstrate efficacy propose technique edgar q ade corpus drug dosage datasets obtain accuracy respectively', 'open information extraction oie task extract fact sentence form relation correspond argument schema free manner intrinsic performance oie system difficult measure due incompleteness exist oie benchmark ground truth extraction group acceptable surface realization fact extract sentence measure performance oie system realistically necessary manually annotate complete fact e cluster acceptable surface realization fact input sentence propose annie interactive annotation platform facilitate challenge annotation task support creation complete fact orient oie evaluation benchmark annie modular flexible order support different use case scenario e benchmark cover different type fact use annie build two complete oie benchmarks one verb mediate facts another fact encompass name entity finally evaluate several oie system complete benchmark create annie result suggest exist incomplete benchmark overly lenient oie system robust previously report publicly release annie non restrictive license']",26760
172,32,172_treebank_treebanks_ud_lingual dependency,"['treebank', 'treebanks', 'ud', 'lingual dependency', 'universal dependency', 'dependency parse', 'parser', 'parser transfer', 'dependency', 'parse']","['present substructure distribution projection subdp technique project distribution structure one domain another projecting substructure distribution separately model target domain train use project distribution soft silver label evaluate subdp zero shot cross lingual dependency parse take dependency arc substructure project predict dependency arc distribution source language target language train target language parser fit result distribution english treebank annotation involve human effort subdp achieve good unlabeled attachment score prior work universal dependency v nivre et al test set across eight diverse target languages well best label attachment score six eight language addition subdp improves zero shot cross lingual dependency parse e g supervise bitext pair across broad range target language', 'paper introduce resource develop turkish dependency parse include novel manually annotate treebank boun treebank along guideline adopt new annotation tool boat manual annotation process employ shape implement team four linguist five natural language processing nlp specialist decision regard annotation boun treebank make line universal dependency ud framework well recent effort unify turkish ud treebanks manual annotation best knowledge boun treebank large turkish treebank contains total sentence various topic include biographical texts national newspaper instructional text popular culture article essay addition report parse result state art dependency parser obtain boun treebank well two treebanks turkish result demonstrate unification turkish annotation scheme introduction comprehensive treebank lead improve performance regard dependency parse', 'current method cross lingual parser transfer focus predict best parser low resource target language globally treebank level work propose argue novel cross lingual transfer paradigm instance level parser selection ilps present proof concept study focus instance level selection framework delexicalized parser transfer start empirical observation different source parser best choice different universal po sequence target language propose predict best parser instance level end train supervise regression model base transformer architecture predict parser accuracy individual po sequence compare ilps two strong single best parser selection baseline sbps model compare pos n gram distribution source target languages kl model selects source base similarity manually create language vector encode syntactic property languages l v result extensive evaluation couple source parser diverse low resource test languages show ilps outperforms kl l v test languages respectively show predict best parser treebank level sbps use aggregation prediction instance level model outperform baseline test language']",26760
173,32,173_news translation_share news_wmt share_submission wmt,"['news translation', 'share news', 'wmt share', 'submission wmt', 'wmt news', 'submission', 'wmt', 'translation direction', 'english finnish', 'submission english']","['paper describe facebook ai submission wmt share news translation task focus low resource set participate two language pair tamil english inuktitut english limit domain bitext monolingual data approach low resource problem use two main strategy leverage available data adapt system target news domain explore technique leverage bitext monolingual data language self supervise model pretraining multilingual model data augmentation reranking good adapt translation system test domain explore dataset tag fine tune domain data observe different technique provide varied improvement base available data language pair base find integrate technique one training pipeline en ta explore unconstrained setup additional tamil bitext monolingual data show improvement obtain test set best submit system achieve bleu ta en en ta respectively iu en en iu respectively', 'paper describe university edinburgh submission wmt share news translation biomedical translation task participate translation direction news translate english czech german latvian russian turkish chinese biomedical task submit system english czech german polish romanian system neural machine translation system train nematus attentional encoder decoder follow setup last year build bpe base model parallel back translate monolingual training data novelty year include use deep architecture layer normalization compact model due weight tie improvement bpe segmentation perform extensive ablative experiment report effectivenes layer normalization deep architecture different ensembling technique', 'paper provide overview nvidia nemo neural machine translation system constrain data track wmt news biomedical share translation task news task submission english german en de english russian en ru build top baseline transformer base sequence sequence model specifically use combination checkpoint average model scale data augmentation backtranslation knowledge distillation right leave factorized model finetuning test set previous year model ensembling shallow fusion decode transformer language model noisy channel rank additionally biomedical task submission english russian us biomedically bias vocabulary train scratch news task data medically relevant text curated news task dataset biomedical data provide share task news system achieve sacrebleu score wmt en de test set outperform best submission last year task biomedical task ru en en ru system reach bleu score respectively wmt biomedical task test set outperform previous year best submission']",26760
174,31,174_product_attribute value_product title_product attribute,"['product', 'attribute value', 'product title', 'product attribute', 'title', 'attribute', 'mave', 'commerce', 'simplervoice', 'lucky charm']","['sale market organization within large enterprise identify understand new market customer partner key challenge intel sale market group smg face similar challenge grow new market domains evolve exist business today complex technological commercial landscape need intelligent automation support fine grain understanding business order help smg sift million company across many geography languages identify relevant direction present system develop company mine million public business web page extract faceted customer representation focus two key customer aspect essential find relevant opportunity industry segment range broad vertical healthcare specific field video analytics functional role e g manufacturer retail address challenge label data collection enrich data external information glean wikipedia develop semi supervise multi label multi lingual deep learning model parse customer website text classifies respective facet system scan indexes company part large scale knowledge graph currently hold ten million connect entity thousand fetch enriched connect graph hour real time also support knowledge insight discovery experiment conduct company able significantly boost performance sale personnel task discover new customer commercial partnership opportunity', 'recent advancement speech technology introduction smart device amazon alexa google home increase number user interact application voice e commerce company typically display short product title webpages either human curated algorithmically generate brevity require title dissimilar natural speak language example lucky charm gluten free break fast cereal oz box lucky charm gluten free acceptable display webpage ounce box lucky charm gluten free cereal easy comprehend conversational system compare display device image detailed product information present user short title product necessary interfacing voice assistant propose sequence sequence approach use bert generate short natural speak language title input web title extensive experiment real world industry dataset human evaluation model output demonstrate bert summarization outperforms comparable baseline model', 'recent advancement speech technology introduction smart assistant amazon alexa apple siri google home increase number user interact various application voice command e commerce company typically display short product title webpages either human curated algorithmically generate brevity require however title dissimilar natural speak language example lucky charm gluten free break fast cereal oz box lucky charm gluten free acceptable display webpage similar title cannot use voice base text speech application conversational system easy comprehend sentence ounce box lucky charm gluten free cereal prefer compare display device image detailed product information present user short title product convey important information necessary interfacing voice assistant propose ebert sequence sequence approach pre training bert embeddings e commerce product description corpus fine tune result model generate short natural speak language title input web title extensive experiment real world industry dataset well human evaluation model output demonstrate ebert summarization outperforms comparable baseline model owe efficacy model version model deploy real world set']",26760
175,31,175_entity alignment_ea_kg_alignment,"['entity alignment', 'ea', 'kg', 'alignment', 'equivalent entity', 'kgs', 'graph kg', 'dangle', 'base ea', 'dangle entity']","['cross lingual entity alignment aim precisely connect entity different monolingual knowledge base kbs together often suffer challenge feature inconsistency sequence context unawareness paper present dual adversarial learning framework cross lingual entity alignment daea two original contribution first order address structural attribute feature inconsistency entity two knowledge graph kgs adversarial kernel embed technique propose extract graph invariant information unsupervised manner project two kg common embed space second order improve successful rate entity alignment propose produce multiple random walk entity align mask entity random walk guidance know aligned entity context multiple random walk adversarial knowledge translation model develop fill translate mask entity pairwise random walk two kgs extensive experiment perform real world datasets show daea well solve feature inconsistency sequence context unawareness issue significantly outperform thirteen state art entity alignment method', 'entity alignment ea task identify entity refer real world object locate different knowledge graph kg entity align exist ea solution treat separately generate alignment result rank lists entity side nevertheless decision make paradigm fails take account interdependence among entity although recent effort mitigate issue impose constraint alignment process still cannot adequately model underlie interdependence result tend sub optimal fill gap work delve dynamic decision make process offer reinforcement learn rl base model align entity collectively rl framework devise coherence exclusiveness constraint characterize interdependence restrict collective alignment additionally generate precise input rl framework employ representative feature capture different aspect similarity entity heterogeneous kg integrate adaptive feature fusion strategy proposal evaluate cross lingual mono lingual ea benchmark compare state art solution empirical result verify effectiveness superiority', 'entity alignment ea play important role automatically integrate knowledge graph kg multiple source recent approach base graph neural network gnn obtain entity representation relation information achieve promising result besides method introduce semi supervision ask label training data however two challenge still exist gnn base ea method deep gnn encoder gnn encoder current method limit depth usually layer low quality bootstrapping generate semi supervise data low quality paper propose novel framework echo entity alignment echoea leverage level self attention mechanism spread entity information relation echo back entity furthermore propose attribute combine bi directional global filter strategy abgs improve bootstrapping reduce false sample generate high quality training data experimental result three real world cross lingual datasets stable around hit average show approach significantly outperform state art gnn base method also universal transferable exist ea method']",26760
176,30,176_synthetic parallel_synthetic_bt_iterative translation,"['synthetic parallel', 'synthetic', 'bt', 'iterative translation', 'authentic', 'monolingual target', 'standard translation', 'monolingual', 'forward translation', 'target monolingual']","['compare use limited authentic parallel data train corpus many study prove incorporate synthetic parallel data generate back translation bt forward translation ft selftraining nmt training process significantly improve translation quality however well know shortcoming synthetic parallel data noisy generate imperfect nmt system result improvement translation quality bring synthetic parallel data greatly diminished paper propose novel auto repair ar framework improve quality synthetic data propose ar model learn transformation low quality noisy input sentence high quality sentence base large scale monolingual data bt ft technique noise synthetic parallel data sufficiently eliminate propose ar model repair synthetic parallel data help nmt model achieve large improvement experimental result show approach effective improve quality synthetic parallel data nmt model repair synthetic data achieves consistent improvement wmt en de iwslt de en translation task', 'back translation bt become one de facto component unsupervised neural machine translation unmt explicitly make unmt translation ability however pseudo bi text generate bt treat equally clean data optimization without consider quality diversity lead slow convergence limited translation performance address problem propose curriculum learn method gradually utilize pseudo bi text base quality multiple granularity specifically first apply cross lingual word embed calculate potential translation difficulty quality monolingual sentence sentence feed unmt easy hard batch batch furthermore consider quality sentence tokens particular batch also diverse adopt model calculate fine grain quality score serve learning factor balance contribution different part compute loss encourage unmt model focus pseudo data higher quality experimental result wmt en fr wmt en de wmt en ro ldc en zh translation task demonstrate propose method achieve consistent improvement faster convergence speed', 'back translation bt target monolingual corpus widely use data augmentation strategy neural machine translation nmt especially low resource language pair improve effectiveness available bt data introduce hintedbt family technique provide hint tags encoder decoder first propose novel method use high low quality bt data provide hint source tag encoder model quality source target pair filter low quality data instead show hint enable model learn effectively noisy data second address problem predict whether source token need translate transliterate target language common cross script translation task e source target share write script case propose train model additional hint target tag decoder provide information operation require source translation translation transliteration conduct experiment detailed analysis standard wmt benchmark three cross script low medium resource language pair hindi gujarati tamil english method compare favorably five strong well establish baseline show use hint separately together significantly improve translation quality lead state art performance three language pair correspond bilingual setting']",26760
177,30,177_mlqa_multilingual question_qa_multilingual qa,"['mlqa', 'multilingual question', 'qa', 'multilingual qa', 'xquad', 'open retrieval', 'genqa', 'germanquad', 'lareqa', 'question answer']","['recently multilingual question answer become crucial research topic receive increased interest nlp community however unavailability large scale datasets make challenge train multilingual qa system performance comparable english one work develop translate align retrieve tar method automatically translate stanford question answer dataset squad v spanish use dataset train spanish qa system fine tune multilingual bert model finally evaluate qa model recently propose mlqa xquad benchmarks cross lingual extractive qa experimental result show model outperform previous multilingual bert baseline achieve new state art value f point spanish mlqa corpus f exact match point spanish xquad corpus result synthetically generate squad e v corpora almost data contain original english version best knowledge first large scale qa train resource spanish', 'exist method open retrieval question answer low resource language lrls lag significantly behind english suffer shortcoming non english document retrieval reliant language specific supervision either task translation formulate task setup realistic available resource circumvents document retrieval reliably transfer knowledge english low resource language assume strong english question answer model database compare analyze method pivot english map foreign query english english answer back target language answer within task setup propose reranked multilingual maximal inner product search rm mips akin semantic similarity retrieval english training set reranking outperforms strong baseline xquad mkqa analysis demonstrate particular efficacy strategy state art alternative challenge setting low resource language extensive distractor data query distribution misalignment circumvent retrieval analysis show approach offer rapid answer generation almost language shelf without need additional training data target language', 'question answer qa model show rapid progress enable availability large high quality benchmark datasets annotate datasets difficult costly collect rarely exist language english make train qa system languages challenge alternative build large monolingual training datasets develop cross lingual system transfer target language without require train data language order develop system crucial invest high quality multilingual evaluation benchmark measure progress present mlqa multi way align extractive qa evaluation benchmark intend spur research area mlqa contain qa instance languages namely english arabic german spanish hindi vietnamese simplify chinese consist k qa instance english k language qa instance parallel languages average mlqa build use novel alignment context strategy wikipedia article serf cross lingual extension exist extractive qa datasets evaluate current state art cross lingual representation mlqa also provide machine translation base baseline case transfer result show significantly behind training language performance']",26760
178,29,178_patent_patent claim_patent classification_inventor,"['patent', 'patent claim', 'patent classification', 'inventor', 'patent document', 'claim generation', 'solar cell', 'generate patent', 'cell patent', 'claim']","['japanese patent assign patent classification code fi file index unique japan fi subdivision ipc international patent classification code relate japanese technology fis revise keep technological development revision already establish new fis since however revision require lot time workload moreover revision automate thus inefficient therefore use machine learn assist revision patent classification code fi lead improve accuracy efficiency study analyze patent document new perspective assist revision patent classification code machine learn analyze time series change patent use dynamic topic model dtm extension latent dirichlet allocation lda also unlike english japanese language require morphological analysis patent contain many technical word use everyday life morphological analysis use common dictionary sufficient therefore use technique extract technical term text extract technical term apply dtm study determine technological progress light class f year compare actual revision patent classification code word extract technical term japanese patent apply dtm determine progress japanese technology analyze result new perspective revising patent classification code machine learn result find whose topic rise judge new technology', 'goal patent claim generation realize augment inventing inventor leverage late deep learning technique envision possibility building auto complete function inventor conceive good invention era artificial intelligence order generate patent claim good quality fundamental question measure tackle problem perspective claim span relevancy patent claim language rarely explore nlp field unique way contains rich explicit implicit human annotation work propose span base approach generic framework measure patent claim generation quantitatively order study effectiveness patent claim generation define metric measure whether two consecutive span generate patent claim relevant treat relevancy measurement span pair classification problem follow concept natural language inference technically span pair classifier implement fine tune pre trained language model patent claim generation implement fine tune pre train model specifically fine tune pre train google bert model measure patent claim span generate fine tune openai gpt model way use two state art pre train model nlp field result show effectiveness span pair classifier fine tuning pre train model validates quantitative metric span relevancy patent claim generation particularly find span relevancy ratio measure bert becomes low diversity gpt text generation become high', 'fourth industrial revolution ir likely substantial impact economy company need build capability implement new technology automation may make occupation obsolete however change happen remain determine robust empirical indicator technological progress link occupation help illuminate change aim provide indicator base patent data use natural language processing calculate patent exposure score occupation represent technological progress relate provide lens impact ir differentiate traditional ir patent exposure method differs previous approach account diversity task level patent exposure within occupation reflect work activity accurately find exposure ir patent differs traditional patent exposure manual task accordingly occupation construction production expose mainly traditional non ir patent low exposure ir patent analysis suggest ir technology may negative impact job growth impact appear year patent filing compare ir exposure automation ai exposure score whereas many measure refer theoretical automation potential patent base indicator reflect actual technology diffusion work allow analysis impact ir technology whole also provide exposure score technology field ai smart office technology finally work provide general mapping patent tasks occupation enable future researcher construct individual exposure measure']",26760
179,29,179_child_adult_child direct_direct speech,"['child', 'adult', 'child direct', 'direct speech', 'shape bias', 'acquisition', 'mutual exclusivity', 'exclusivity', 'articulation rate', 'age acquisition']","['biosemiosis process choice make simultaneously alternative option well know sufficiently young child encounter new word tend interpret point meaning word yet lexicon rather mean already word attach previous research strategy show optimal information theoretic standpoint framework interpretation hypothesize driven minimization cost function option least communication cost choose however information theoretic model employ research neither explain weaken vocabulary learning bias old child polylinguals reproduces zipf mean frequency law namely non linear relationship number meaning word frequency consider generalization model channel reproduce law analysis new model reveals region phase space bias disappear consistently weakening loss bias old child polylinguals model abstract enough support future research level life relevant biosemiotics deep learn era model transparent low dimensional tool future experimental research illustrate predictive power theoretical framework originally design shed light origins zipf rank frequency law', 'network model language provide way link cognitive process structure connectivity language however one shortcoming current approach focus one type linguistic relationship time miss complex multi relational nature language work overcome limitation model mental lexicon english speaking toddler multiplex lexical network e multi layer network n word node connect accord four type relationship free association ii feature share iii co occurrence iv phonological similarity provide analysis topology result multiplex proceed evaluate single layer well full multiplex structure ability predict empirically observe age acquisition data english speaking toddler find emerge multiplex network topology important proxy cognitive process acquisition capable capture emergent lexicon structure fact show multiplex topology fundamentally powerful individual layer predict order word acquire furthermore multiplex analysis allow quantification distinct phase lexical acquisition early learner initially multiplex layer contribute word learn month free association take lead driving word acquisition', 'corpus child speech child direct speech cd enable major contribution study child language acquisition semantic annotation corpus still scarce lack uniform standard compile two cd corpora sentential logical form one english hebrew compile corpus employ methodology enforces cross linguistically consistent representation building recent advance dependency representation semantic parse corpus base sizable portion brown adam corpus childes child direct utterance child direct utterance berman hebrew childes corpus hagar begin annotate corpus universal dependency ud scheme syntactic annotation motivate applicability wide variety domain language proceed apply automatic method transduce sentential logical form lfs ud structure two representation complementary strength ud structure language neutral support direct annotation whereas lfs neutral interface syntax semantics transparently encode semantic distinction verify quality annotate ud annotation use inter annotator agreement study demonstrate utility compile corpora longitudinal corpus study prevalence different syntactic semantic phenomenon']",26760
180,29,180_backdoor_backdoor attack_poison_attack,"['backdoor', 'backdoor attack', 'poison', 'attack', 'trigger', 'steganography', 'spin', 'secret', 'security', 'textual backdoor']","['success deep learning enable advance multimodal task require non trivial fusion multiple input domains although multimodal model show potential many problem increase complexity make vulnerable attack backdoor trojan attack class security vulnerability wherein attacker embed malicious secret behavior network e g target misclassification activate attacker specify trigger add input work show multimodal network vulnerable novel type attack refer dual key multimodal backdoor attack exploit complex fusion mechanism use state art network embed backdoor effective stealthy instead use single trigger propose attack embed trigger input modality activate malicious behavior trigger present present extensive study multimodal backdoor visual question answer vqa task multiple architecture visual feature backbone major challenge embed backdoor vqa model model use visual feature extract fix pretrained object detector challenge attacker detector distort ignore visual trigger entirely lead model backdoor reliant language trigger tackle problem propose visual trigger optimization strategy design pretrained object detector method create dual key backdoor attack success rate poison training data finally release trojvqa large collection clean trojan vqa model enable research defend multimodal backdoor', 'investigate new threat neural sequence sequence seq seq model train time attack cause model spin output support certain sentiment input contain adversary chosen trigger word example summarization model output positive summary text mention name individual organization introduce concept meta backdoor explain model spin attack attack produce model whose output valid preserve context yet also satisfy meta task choose adversary e g positive sentiment previously study backdoor language model simply flip sentiment label replace word without regard context output incorrect input trigger meta backdoor hand first class backdoor deploy seq seq model introduce adversary chosen spin output b maintain standard accuracy metric demonstrate feasibility model spin develop new backdooring technique stack adversarial meta task e g sentiment analysis onto seq seq model backpropagates desire meta task output e g positive sentiment point word embed space call pseudo word use pseudo word shift entire output distribution seq seq model use popular less popular entirely new proper nouns trigger evaluate technique bart summarization model show maintain rouge score output significantly change sentiment explain model spin dangerous technique ai power disinformation discus mitigate attack', 'investigate new threat neural sequence sequence seq seq model train time attack cause model spin outputs support adversary chosen sentiment point view input contain adversary chosen trigger word example spinned summarization model would output positive summary text mention name individual organization model spin enables propaganda service adversary create customize language model produce desired spin choose trigger deploy generate disinformation platform attack else inject ml training pipeline supply chain attack transfer malicious functionality downstream model technical term model spin introduces meta backdoor model whereas conventional backdoor cause model produce incorrect output input trigger output spinned model preserve context maintain standard accuracy metric yet also satisfy meta task choose adversary e g positive sentiment demonstrate feasibility model spin develop new backdooring technique stack adversarial meta task onto seq seq model backpropagates desire meta task output point word embed space call pseudo word use pseudo word shift entire output distribution seq seq model evaluate attack language generation summarization translation model different trigger meta task sentiment toxicity entailment spinned model maintain accuracy metric satisfy adversary meta task supply chain attack spin transfer downstream model finally propose black box meta task independent defense detect model selectively apply spin input certain trigger']",26760
181,29,181_stack layer_wmt english_recurrently stack_transformer deep,"['stack layer', 'wmt english', 'recurrently stack', 'transformer deep', 'wise lstm', 'deep transformer', 'niutrans', 'depth wise', 'wmt', 'transformer big']","['deep neural network model common practice stack number recurrent convolutional feed forward layer order obtain high quality continuous space representation turn improve quality network prediction conventionally layer stack parameter lead significant increase number model parameter paper propose share parameter across layer thereby lead recurrently stack neural network model report extensive case study neural machine translation nmt apply propose method encoder decoder base neural network model e transformer model experiment three japanese english translation datasets empirically demonstrate translation quality model recurrently stack single layer time despite significantly few parameter approach model stack layer layer different parameter also explore limit recurrent stack train extremely deep nmt model paper also examine utility recurrently stack model student model transfer learn via leverage pre train parameter knowledge distillation show compensate performance drop translation quality direct training recurrently stack model brings also show transfer learning help faster decode top already reduce number parameter due recurrent stack finally analyze effect recurrently stack layer visualize attention model use recurrently stack layer model', 'increase depth model allow neural model model complicate function may also lead optimization issue transformer translation model employ residual connection ensure convergence paper suggest residual connection drawback propose train transformer depth wise lstm regard output layer step time series instead residual connection motivation vanish gradient problem suffer deep network recurrent network apply long sequence lstm hochreiter schmidhuber proven good capability capture long distance relationship design may alleviate drawback residual connection ensure convergence integrate computation multi head attention network fee forward network depth wise lstm transformer show utilize depth wise lstm like residual connection experiment layer transformer show approach bring significant bleu improvement wmt english german english french task deep transformer experiment demonstrate effectiveness depth wise lstm convergence deep transformer additionally propose measure impact layer non linearity performance distil analyze layer train model linear transformation observe performance degradation replacement analysis result support efficient use per layer non linearity depth wise lstm residual connection', 'past year witness rapid development neural machine translation nmt recently advance model train technique rnn base nmt rnmt show potential strength even compare well know transformer self attentional model although rnmt model possess deep architecture stack layer transition depth consecutive hidden state along sequential axis still shallow paper enhance rnn base nmt increase transition depth consecutive hidden state build novel deep transition rnn base architecture neural machine translation name dtmt model enhances hide hidden transition multiple non linear transformation well maintains linear transformation path throughout deep transition well design linear transformation mechanism alleviate gradient vanish problem experiment show specially design deep transition module dtmt achieve remarkable improvement translation quality experimental result chinese english translation task show dtmt outperform transformer model bleu point achieve best result ever report dataset wmt english german english french translation task dtmt show superior quality state art nmt system include transformer rnmt']",26760
182,29,182_babylonian_identification_cuneiform_vardial,"['babylonian', 'identification', 'cuneiform', 'vardial', 'li', 'babylonian neo', 'cli', 'discriminate similar', 'rrc', 'heli']","['paper present method discriminate language dialect write cuneiform script one first write system world report result obtain pz team cuneiform language identification cli share task organize within scope vardial evaluation campaign task include two language sumerian akkadian latter divide six dialect old babylonian middle babylonian peripheral standard babylonian neo babylonian late babylonian neo assyrian approach task use meta classifier train various svm model show effectiveness system task submission achieve f score discriminate seven language dialects ranked fourth competition among eight team', 'language identification critical component language processing pipeline jauhiainen et al solve problem real world setting present lightweight effective language identifier robust change domain absence copious train data key idea classification reciprocal rank frequency table make effective additive feature score hence term reciprocal rank classifier rrc key finding language classification rank list word frequency character form sufficient robust representation regularity key language orthography test two language data set demonstrate zero effort domain adaptation wikipedia training set twitter test set train wikipedia applied twitter macro average f score conventionally trained svm classifier drop contrast macro f score rrc drop classifier compare fasttext langid rrc performs well establish system experiment especially short wikipedia text twitter rrc classifier improve particular domain conversational situation add word rank list use new term learn conversation demonstrate increase accuracy sample message classification increase conversation classification surprisingly make result twitter data slightly bad rrc classifier available open source python package http github com livepersoninc lplangid', 'constant growth world wide web number document different language accordingly need reliable language detection tool increase well platform twitter predominantly short text become important information resource additionally imposes need short texts language detection algorithm paper show incorporate personalize user specific information language detection algorithm lead important improvement detection result choose best algorithm language detection short text message investigate several machine learn approach approach include use well know classifier svm logistic regression dictionary base approach probabilistic model base modify kneser ney smooth furthermore extension probabilistic model include additional user specific information evidence accumulation per user user interface language explore goal improve classification performance propose approach evaluate randomly collect twitter data contain latin well non latin alphabet languages quality obtain result compare followed selection best perform algorithm algorithm evaluate two already exist general language detection tool chromium compact language detector cld langid method significantly outperform result achieve mentioned method additionally preview benefit possible application reliable language detection algorithm give']",26760
183,28,183_product_commerce_answer product_product description,"['product', 'commerce', 'answer product', 'product description', 'answer generation', 'product question', 'pqa', 'user care', 'question review', 'product attribute']","['recommendation reason generation aim show sell point product customer play vital role attract customer attention well improve user experience simple effective way extract keywords directly knowledge base product e attribute title recommendation reason however generate recommendation reason product knowledge naturally respond user interest fortunately e commerce website exist user generate content user content short e product question answer qa discussion reflect user care aspect therefore paper consider generate recommendation reason take account product attribute also customer generate product qa discussion reality adequate user content possible popular commodity whereas large sum long tail product new product cannot gather sufficient number user content tackle problem propose user inspire multi source posterior transformer mspt induces model reflect user interest posterior multiple qa discussion module generate recommendation reason contain product attribute well user care aspect experimental result show model superior traditional generative model additionally analysis also show model focus user care aspect baseline', 'recently product question answer pqa e commerce platform attract increase attention act intelligent online shopping assistant improve customer shopping experience key function automatic answer generation product related question study aim generate content preserve question relate answer however important characteristic pqa e personalization neglect exist method insufficient provide completely summarize answer customer since many customer willing see personalized answer customize information take consideration preference towards product aspects information need tackle challenge propose novel personalize answer generation method page multi perspective preference modeling explore historical user generate content model user preference generate personalized answer pqa specifically first retrieve question relate user history external knowledge model knowledge level user preference leverage gaussian softmax distribution model capture latent aspect level user preference finally develop persona aware pointer network generate personalize answer term content style utilizing personal user preference dynamic user vocabulary experimental result real world e commerce qa datasets demonstrate propose method outperform exist method generate informative customized answer show answer generation e commerce benefit personalization', 'e commerce portal generate answer product related question become crucial task paper focus task product aware answer generation learn generate accurate complete answer large scale unlabeled e commerce review product attribute however safe answer problem pose significant challenge text generation task e commerce question answer task exception generate meaningful answer paper propose novel generative neural model call meaningful product answer generator mpag alleviate safe answer problem take product review product attribute prototype answer consideration product review product attribute use provide meaningful content prototype answer yield diverse answer pattern end propose novel answer generator review reason module prototype answer reader key idea obtain correct question aware information large scale collection review learn write coherent meaningful answer exist prototype answer specific propose read write memory consist selective write unit conduct reason among reviews employ prototype reader consist comprehensive match extract answer skeleton prototype answer finally propose answer editor generate final answer take question part input conduct real world dataset collect e commerce platform extensive experimental result show model achieves state art performance term automatic metric human evaluation human evaluation also demonstrate model consistently generate specific proper answer']",26760
184,27,184_clickbait_headline_clickbaits_clickbait detection,"['clickbait', 'headline', 'clickbaits', 'clickbait detection', 'click', 'news headline', 'detect clickbaits', 'headline body', 'clickbait detector', 'clickbait headline']","['online medium outlet adopt clickbait technique lure reader click article bid expand reach subsequently increase revenue ad monetization adverse effect clickbait attract attention researcher start explore machine learn technique automatically detect clickbaits previous work clickbait detection assume train data available locally train many real world application however train data generally distributedly stored different party e g different party maintain data different feature space party cannot share data due data privacy issue challenge build model high quality federally detect clickbaits effectively without data share paper propose federate training framework call federate hierarchical hybrid network build clickbait detection model title content store different party whose relationship must exploit clickbait detection empirically demonstrate approach effective compare approach state art approach use datasets social medium', 'online medium outlet bid expand reach subsequently increase revenue ad monetisation begin adopt clickbait technique lure reader click article article fail fulfill promise make headline traditional method clickbait detection rely heavily feature engineering turn dependent dataset build application neural network task explore partially propose novel approach consider information find social medium post train bidirectional lstm attention mechanism learn extent word contribute post clickbait score differential manner also employ siamese net capture similarity source target information information glean image consider previous approach learn image embeddings large amount data use convolutional neural network add another layer complexity model finally concatenate output three separate component serve input fully connect layer conduct experiment test corpus social medium post attain f score dataset better previous state art well propose approach feature engineering otherwise', 'clickbaits online article deliberately design misleading title lure reader open intend web page clickbaits use tempted visitor click particular link either monetize landing page spread false news sensationalization presence clickbaits news aggregator portal may lead unpleasant experience reader automatic detection clickbait headline news headline challenge issue machine learn community lot method propose prevent clickbait article recent past however recent technique available detect clickbaits much robust paper propose hybrid categorization technique separate clickbait non clickbait article integrate different feature sentence structure cluster preliminary categorization headline separate use eleven feature headline recategorized use sentence formality syntactic similarity measure last phase headline recategorized apply cluster use word vector similarity base stochastic neighbourhood embed sne approach categorization headline machine learn model apply data set evaluate machine learn algorithm obtain experimental result indicate propose hybrid model robust reliable efficient individual categorization technique real world dataset use']",26760
185,27,185_factual knowledge_factual_lama_prompt query,"['factual knowledge', 'factual', 'lama', 'prompt query', 'eae', 'llm', 'knowledge store', 'petroni', 'petroni et', 'parametric memory']","['recent work e g lama petroni et al find quality factual information extract large language model llms depend prompt use query inconsistency problematic different user query llms information use different word receive accurate response regardless work aim address shortcoming introduce p adapter lightweight model sit embed layer first attention layer llm take llm embeddings input output continuous prompt use query llm additionally investigate mixture expert moe model learn set continuous prompt expert select one query llm require separate classifier train human annotate data map natural language prompt continuous one p adapter perform comparably complex moe model extract factual information bert roberta eliminate need additional annotation p adapter show absolute improvement precision absolute improvement consistency baseline use natural language query finally investigate make p adapter successful conclude access llm embeddings original natural language prompt particularly subject entity pair ask significant factor', 'large pre train language model show store factual knowledge parameter achieve state art result fine tuned downstream nlp task however ability access precisely manipulate knowledge still limit hence knowledge intensive task performance lag behind task specific architectures additionally provide provenance decision updating world knowledge remain open research problem pre trained model differentiable access mechanism explicit non parametric memory overcome issue far investigated extractive downstream task explore general purpose fine tune recipe retrieval augment generation rag model combine pre train parametric non parametric memory language generation introduce rag model parametric memory pre train seq seq model non parametric memory dense vector index wikipedia accessed pre train neural retriever compare two rag formulation one condition retrieve passage across whole generate sequence use different passage per token fine tune evaluate model wide range knowledge intensive nlp task set state art three open domain qa task outperform parametric seq seq model task specific retrieve extract architecture language generation task find rag model generate specific diverse factual language state art parametric seq seq baseline', 'factual knowledge acquire pre training store parameter language model lms useful downstream task e g question answer textual inference however facts incorrectly induce become obsolete time present knowledgeeditor method use edit knowledge thus fix bug unexpected prediction without need expensive training fine tune besides computationally efficient knowledgeeditordoes require modification lm pre training e g use meta learn approach train hyper network constrain optimization modify fact without affect rest knowledge train hyper network use predict weight update test time show knowledgeeditor efficacy two popular architecture knowledge intensive task bert model fine tune fact check ii sequence sequence bart model question answer method change prediction specific word query tend result consistent change prediction also paraphrase show encourage exploit e g automatically generate paraphrase train interestingly hyper network regard probe reveal component need change manipulate factual knowledge analysis show update tend concentrate small subset component source code available http github com nicola decao knowledgeeditor']",26760
186,27,186_normalization_itn_tn_speak normalization,"['normalization', 'itn', 'tn', 'speak normalization', 'ln', 'normalization engine', 'tn itn', 'string sound', 'normalization itn', 'lexical normalisation']","['text normalization tn inverse text normalization itn essential preprocessing postprocessing step text speech synthesis automatic speech recognition respectively many method propose either tn itn range weight finite state transducer neural network despite impressive performance method aim tackle one two task result complete speak dialog system two separate model tn itn need build heterogeneity increase technical complexity system turn increase cost maintenance production set motivate observation propose unified framework building single neural duplex system simultaneously handle tn itn combine simple effective data augmentation method system achieve state art result google tn dataset english russian also reach sentence level accuracy internal english tn dataset without additional fine tune addition also create cleaned dataset speak wikipedia corpora german report performance system dataset overall experimental result demonstrate propose duplex text normalization framework highly effective applicable range domain language', 'general speech processing model consist language model along acoustic model regardless language model complexity variant three critical pre process step need language model clean normalization tokenization among mentioned step normalization step essential format unification pure textual application however embed language model speech process module normalization limit format unification moreover convert readable symbol number etc pronounced best knowledge persian normalization toolkits embed language model speech process module paper propose open source normalization toolkit text processing speech application briefly consider different readable persian text like symbol common currency url etc number date time phone number national code etc comparison available persian textual normalization tool indicate superiority propose method speech processing also compare model performance one propose function sentence separation common natural language library hazm parsivar indicates proper performance propose method besides evaluation persian wikipedia data confirms proper performance propose method', 'speech application text speech tt automatic speech recognition asr emph text normalization refers task convert emph write representation representation text emph speak real world speech application text normalization engine develop large part hand example hand build grammar may use enumerate possible way say give token give language statistical model use select appropriate pronunciation context study examine tradeoff associate use less language specific domain knowledge text normalization engine data rich scenario access carefully construct hand build normalization grammar give token produce set possible verbalization token also assume corpus align write spoken utterance train ranking model selects appropriate verbalization give context substitute carefully construct grammar also consider scenario language universal normalization emph cover grammar developer merely need provide set lexical item particular language substitute align corpus also consider scenario one spoken side correspond write side hallucinate compose spoken side invert normalization grammar investigate accuracy text normalization engine scenario report result experiment english russian']",26760
187,27,187_proof_prover_proofs_puzzle,"['proof', 'prover', 'proofs', 'puzzle', 'proofver', 'multiprover', 'reason', 'proof graph', 'belief', 'logical']","['logical reason closely relate human cognition vital importance human understanding texts recent year witness increase attention machine logical reasoning ability however previous study commonly apply ad hoc method model pre define relation pattern link name entity considers global knowledge component related commonsense without local perception complete facts event methodology obviously insufficient deal complicate logical structure therefore argue natural logic unit would group backbone constituent sentence subject verb object form fact cover global local knowledge piece necessary basis logical reason beyond building ad hoc graph propose general convenient fact drive approach construct supergraph top newly define fact unit enhance supergraph explicit guidance local question option interaction experiment two challenge logical reason benchmark datasets reclor logiqa show propose model textsc focal reasoner outperforms baseline model dramatically also smoothly apply downstream task mutual dialogue reason dataset achieve competitive result', 'recent work clark et al show transformer act soft theorem provers answer question explicitly provide knowledge natural language work take step closer emulate formal theorem provers propose prover interpretable transformer base model jointly answer binary question rule base generate correspond proofs model learn predict node edge correspond proof graph efficient constrain train paradigm inference valid proof satisfy set global constraint generate conduct experiment synthetic hand author human paraphrase rule base show promising result qa proof generation strong generalization performance first prover generate proofs accuracy retain improve performance qa task compare ruletakers improvement zero shot evaluation second train question require low depth reason generalizes significantly well high depths improvement third prover obtains near perfect qa accuracy use train data however generate proofs question require high depth reason becomes challenge accuracy drop depth indicate significant scope future work code model publicly available http github com swarnahub prover', 'focus type linguistic formal reasoning goal reason explicit knowledge form natural language fact rule clark et al recent work name prover saha et al performs reason answer question also generate proof graph explain answer however compositional reasoning always unique may multiple way reach correct answer thus work address new challenge problem generate multiple proof graph reason natural language rule base proof provide different rationale answer thereby improve interpretability reason system order jointly learn proof graph exploit correlation multiple proofs question pose task set generation problem structure output space proof represent directed graph propose two variant proof set generation model multiprover first model multilabel multiprover generate set proofs via multi label classification implicit conditioning proofs second model iterative multiprover generates proof iteratively explicitly condition previously generate proof experiment multiple synthetic zero shot human paraphrase datasets reveal multiprover model significantly outperform prover datasets contain multiple gold proof iterative multiprover obtains state art proof f zero shot scenario examples single correct proof also generalize good question require high depth reason multiple proofs frequent code model publicly available http github com swarnahub multiprover']",26760
188,26,188_beam_beam search_mbr_beam size,"['beam', 'beam search', 'mbr', 'beam size', 'search', 'mbr decode', 'search widely', 'ahead module', 'bsr', 'look ahead']","['performance natural language generation system improve substantially modern neural network test time typically employ beam search avoid locally optimal globally suboptimal prediction however due model error large beam size lead deteriorating performance accord evaluation metric reason common rerank output beam search rely beam search produce good set hypothesis limit potential gain alternative beam search require change train model restrict applicability compare beam search paper propose incremental beam manipulation e reranking hypothesis beam decode instead end way hypothesis unlikely lead good final output discard place hypothesis would ignore consider instead apply incremental beam manipulation lead improvement bleu point vanilla beam search test set e e webnlg challenge respectively propose method also outperform strong reranker bleu point e e challenge par webnlg dataset', 'demonstrate practically incorporate multi step future information decoder maximum likelihood sequence model propose k step look ahead module consider likelihood information rollout k step unlike approach need train another value network evaluate rollouts directly apply look ahead module improve decode sequence model train maximum likelihood framework evaluate look ahead module three datasets vary difficulty im latex k ocr image latex wmt multimodal machine translation wmt machine translation look ahead module improves performance simpler datasets im latex k wmt multimodal machine translation however improvement difficult dataset e g contain long sequence wmt machine translation become marginal investigation use k step look ahead suggest difficult task suffer overestimate eos end sentence probability argue overestimate eos probability also cause decreased performance beam search increase beam width tackle eos problem integrate auxiliary eos loss training estimate model emit eos word experiment show improve eos estimation increase performance propose look ahead module also robustness beam search', 'neural machine translation nmt search mode model distribution form prediction mode well high probability translation find beam search show often inadequate number way prevent practitioner improve translation quality well search idiosyncratic translation end select decode algorithm problem know beam search curse recently sample base approximation minimum bayes risk mbr decode propose alternative decision rule nmt would likely suffer problem analyse approximation establish equivalent beam search curse e good search always lead well translation also design different approximation aim decouple cost exploration cost robust estimation expect utility allow exploration much large hypothesis space show beneficial also show beneficial make use strategy like beam search nucleus sample construct hypothesis space efficiently show three language pair english german romanian nepali mbr improve upon beam search moderate computation']",26760
189,26,189_spell_spell error_spell correction_correction,"['spell', 'spell error', 'spell correction', 'correction', 'misspelling', 'typo', 'chinese spell', 'csc', 'pinyin', 'correct spell']","['chinese pinyin input method important chinese language process actually user may make typo inevitably input pinyin moreover pinyin typo correction become increasingly important task popularity smartphones mobile internet exploit knowledge user type behavior support typo correction acronym pinyin remain challenge problem tackle challenge propose knptc novel approach base neural machine translation nmt contrast previous work knptc able integrate explicit knowledge nmt pinyin typo correction able learn correct variety typo without guidance manually select constraint languagespecific feature approach first obtain transition probability adjacent letter base large scale real life datasets construct ground truth alignment train sentence pair utilize probability furthermore alignment integrate nmt capture sensible pinyin typo correction pattern knptc applied correct typo real life datasets achieve increment average accuracy rate typo correction compare state art system', 'paper present customizable datacentric system automatically generate common misspelling complex health relate term spell variant generator relies dense vector model learn large unlabeled text use find semantically close term original seed keyword follow filtering term lexically dissimilar beyond give threshold process execute recursively converge new term similar lexically semantically seed keyword find weight intra word character sequence similarity allow problem specific customization system dataset prepare study system outperform current state art medication name variant generation best f score f score extrinsic evaluation system set cancer relate term show increase retrieval rate twitter post generate variant include propose spell variant generator several advantage current state art type variant generator capable filter lexically similar semantically dissimilar term ii number variant generate low many low frequency ambiguous misspelling filter iii system fully automatic customizable easily executable base system fully unsupervised show supervision maybe employ adjust weight task specific customization performance significant relative simplicity propose approach make much need misspelling generation resource health relate text mining noisy source source code system make publicly available research purpose', 'soft spell error class spell mistake widespread among native arabic speaker foreign learner alike error typographical nature occur due orthographic variation arabic letter complex rule dictate correct usage many people forgo rule give identical phonetic sound often confuse letter paper propose bidirectional long short term memory network corrects class error develop train evaluate compare set bilstm network approach spell correction problem character level handle arabic texts classical modern standard arabic treat problem one one sequence transcription problem since soft arabic error class encompass omission addition mistake preserve one one sequence transcription propose simple low resource yet effective technique maintain one one sequencing avoids use costly encoder decoder architecture train bilstm model correct spell mistake use transformed input stochastic error injection approach recommend configuration two bilstm layer use dropout regularization train use latter train approach error injection rate best model corrects injected error achieve low character error rate real test set soft spelling mistake']",26760
190,26,190_visual storytelling_storytelling_vist_story,"['visual storytelling', 'storytelling', 'vist', 'story', 'image sequence', 'generate story', 'sequence image', 'storytelling vist', 'photo', 'story image']","['visual storytelling vist task tell narrative story certain topic accord give photo stream exist study focus design complex model rely huge amount human annotate data however annotation vist extremely costly many topic cannot cover training dataset due long tail topic distribution paper focus enhance generalization ability vist model consider shot setting inspired way human tell story propose topic adaptive storyteller model ability inter topic generalization practice apply gradient base meta learn algorithm multi modal seq seq model endow model ability adapt quickly topic topic besides propose prototype encoding structure model ability intra topic derivation specifically encode restore train story text serve reference guide generation inference time experimental result show topic adaptation prototype encoding structure mutually bring benefit shot model bleu meteor metric case study show story generate shot adaptation relative expressive', 'exist method visual storytelling field often suffer problem generate general description image contain lot meaningful content remain unnoticed failure informative story generation conclude model incompetence capture enough meaningful concept category concept include entity attribute action event case crucial ground storytelling solve problem propose method mine cross modal rule help model infer informative concept give certain visual input first build multimodal transaction concatenate cnn activation word index use association rule mining algorithm mine cross modal rule use concept inference help cross modal rule generate story ground informative besides propose method hold advantage interpretation expandability transferability indicate potential wider application finally leverage concept encoder decoder framework attention mechanism conduct several experiment visual storytelling vist dataset result demonstrate effectiveness approach term automatic metric human evaluation additional experiment also conduct show mine cross modal rule additional knowledge help model gain good performance train small dataset', 'story visualization explore task fall intersection many important research direction computer vision natural language processing task give series natural language caption compose story agent must generate sequence image correspond caption prior work introduce recurrent generative model outperform text image synthesis model task however room improvement generate image term visual quality coherence relevance present number improvement prior model approach include addition dual learning framework utilizes video caption reinforce semantic alignment story generate image copy transform mechanism sequentially consistent story visualization mart base transformer model complex interaction frame present ablation study demonstrate effect technique generative power model individual image well entire narrative furthermore due complexity generative nature task standard evaluation metric accurately reflect performance therefore also provide exploration evaluation metric model focus aspect generate frame presence quality generate character relevance caption diversity generate image also present correlation experiment propose automated metric human evaluation code data available https github com adymaharana storyviz']",26760
191,25,191_compositionality_compound_noun compound_non compositional,"['compositionality', 'compound', 'noun compound', 'non compositional', 'noun', 'distributional', 'composition', 'noun noun', 'additive composition', 'compositionality detection']","['compositionality degree multiword expression indicate extent mean phrase derive meaning constituent grammatical relation prediction non compositionality task frequently address distributional semantic model introduce novel technique blend hierarchical information distributional information predict compositionality particular use hypernymy information multiword constituent encode form recently introduce poincar e embeddings addition distributional information detect compositionality noun phrase use weighted average distributional similarity poincar e similarity function obtain consistent substantial statistically significant improvement across three gold standard datasets state art model base distributional information unlike traditional approach solely use unsupervised setting also frame problem supervise task obtain comparable improvement publicly release poincar e embeddings train output handcraft lexical syntactic pattern large corpus', 'mean phrase cannot infer individual meaning word e g hot dog phrase say non compositional automatic compositionality detection multi word phrase critical application semantic processing search engine fail detect non compositional phrase hurt system effectiveness notably exist research treat phrase either compositional non compositional deterministic manner paper operationalize viewpoint compositionality contextual rather deterministic e whether phrase compositional non compositional depends context example phrase green card compositional refer green color card whereas non compositional meaning permanent residence authorization address challenge detect type contextual compositionality follow give multi word phrase enrich word embed represent semantics evidence global context term often collocate well local context narrative phrase use call usage scenario extend representation information extract external knowledge base result representation incorporates localize context general usage phrase allow detect compositionality non deterministic contextual way empirical evaluation model dataset phrase compositionality manually collect crowdsourcing contextual compositionality assessment show model outperforms state art baseline notably detect phrase compositionality', 'additive composition foltz et al landauer dumais mitchell lapata widely use method compute meaning phrase take average vector representation constituent word article prove upper bound bias additive composition first theoretical analysis compositional framework machine learn point view bound write term collocation strength prove exclusively two successive word tend occur together accurate one guarantee additive composition approximation natural phrase vector proof relies property natural language data empirically verify theoretically derive assumption data generate hierarchical pitman yor process theory endorse additive composition reasonable operation calculate meaning phrase suggest way improve additive compositionality include transform entry distributional word vector function meet specific condition construct novel type vector representation make additive composition sensitive word order utilize singular value decomposition train word vector']",26760
192,25,192_constituency_latent tree_constituency parse_branch bias,"['constituency', 'latent tree', 'constituency parse', 'branch bias', 'unsupervised constituency', 'tree learn', 'prpn', 'parse', 'tree', 'ndd']","['unsupervised learn syntactic structure typically perform use generative model discrete latent variable multinomial parameter case model leverage continuous word representation work propose novel generative model jointly learn discrete syntactic structure continuous word representation unsupervised fashion cascade invertible neural network structure generative prior show invertibility condition allow efficient exact inference marginal likelihood computation model long prior well behaved experiment instantiate approach markov tree structure prior evaluate two task part speech po induction unsupervised dependency parse without gold po annotation penn treebank markov structure model surpasses state art result pos induction similarly find tree structured model achieves state art performance unsupervised dependency parse difficult train condition neither gold po annotation punctuation base constraint available', 'substantial thread recent work latent tree learn attempt develop neural network model parse value latent variable train non parsing task hope discover interpretable tree structure recent paper shen et al introduce model report near state art result target task language model first strong latent tree learn result constituency parse attempt reproduce result discover issue make original result hard trust include tune even train effectively test set attempt reproduce result fair experiment extend two new datasets find result work robust variant model study outperform latent tree learn baseline perform competitively symbolic grammar induction system find model represent first empirical success latent tree learn neural network language model warrant study set grammar induction', 'unsupervised constituency parse explore much still far solved conventional unsupervised constituency parser able capture unlabeled structure sentence towards unsupervised full constituency parse propose unsupervised training free labeling procedure exploit property recently introduce metric neighboring distribution divergence ndd evaluate semantic similarity sentence edition implementation develop ndd dual po ndd dp ndd build mold detect constituent label sentence show dp ndd label constituent precisely also induct accurate unlabeled constituency tree previous unsupervised method simpler rule two framework label constituency tree inference set new state art unlabeled f strong baseline label f contrast conventional predict evaluate scenario method act plausible example inversely apply evaluate metric prediction']",26760
193,25,193_conversational search_seek conversation_prf_seek,"['conversational search', 'seek conversation', 'prf', 'seek', 'conversational', 'user intent', 'query bag', 'ci', 'document center', 'prf term']","['recent advance conversational system change search paradigm traditionally user pose query search engine return answer base index possibly leverage external knowledge base condition response earlier interaction search session natural conversation additional source information take account utterance produce early conversation also refer conversational ir system keep track information convey user conversation even implicit argue process build representation conversation frame machine reading task automate system present number statement answer question question answer solely refer statement provide without consult external knowledge time right information retrieval community embrace task stand alone task integrated broad conversational search set paper focus machine read stand alone task present attentive memory network amn end end trainable machine read algorithm key contribution efficiency achieve hierarchical input encoder iterate input speed important requirement set conversational search gap conversational turn detrimental effect naturalness datasets commonly use evaluate machine read algorithms show amn achieves performance comparable state art model use considerably few computation', 'conversational interface allow intuitive comprehensive access digitally store information remain ambitious goal thesis lay foundation design conversational search system analyze requirement propose concrete solution automate basic component task system support describe several interdependent study conduct analyse design requirement advance conversational search system able support complex human like dialogue interaction provide access vast knowledge repository first two research chapter focus analyze structure common information seek dialogue capture recurrent pattern term domain independent functional relation utterance well domain specific implicit semantic relation share background knowledge result show question answer one key component require efficient information access type dialogue interaction conversational search system support third research chapter propose novel approach complex question answer knowledge graph surpass current state art result term efficacy efficiency last research chapter turn attention towards alternative interaction mode term conversational browsing unlike question answer conversational system play pro active role course dialogue interaction show approach help user discover relevant item difficult retrieve use question answer due vocabulary mismatch problem', 'information seek conversation user conversational search agent csas consist multiple turn interaction user initiate search session ideally csa sometimes take lead conversation obtain feedback user offering query suggestion ask query clarification e mixed initiative creates potential engage conversational search substantially increase complexity model evaluate scenario due large interaction space couple trade offs cost benefit different interaction paper present model conversational search instantiate different observe conversational search strategy agent elicits feedback first ii feedback use trec webtrack topic perform analysis compare well different strategy combine different mixed initiative approach query suggestion vs ii query clarification analysis reveals superior dominant combination instead show query clarification well ask first query suggestion well ask present result also show best strategy approach depend trade offs relative cost query give feedback performance initial query number assessment per query total amount gain required work highlight complexity challenge involve analyze csas provide foundation evaluate conversational strategy conversational search agent batch offline setting']",26760
194,25,194_localisation_ground speech_image speak_image speech,"['localisation', 'ground speech', 'image speak', 'image speech', 'speech image', 'visually ground', 'speak caption', 'visually', 'spoken caption', 'vgs']","['visually ground speech model learn image pair spoken caption tag image soft text label use trained visual classifier fix vocabulary previous work show possible train model detect whether particular text keyword occur speech utterance investigate whether visually ground speech model also keyword localisation predict within utterance give textual keyword occur without explicit text base alignment supervision specifically consider whether incorporate attention convolutional model beneficial localisation although absolute localisation performance visually supervise model still modest compare use unordered bag word text label supervision show attention provide large gain performance previous visually ground model many speech image study find many incorrect localisation due semantic confusion e g locating word backstroke query keyword swimming', 'grow interest model learn unlabelled speech pair visual context set relevant low resource speech processing robotics human language acquisition research study visually ground speech model train image scene pair spoken caption capture aspect semantics use external image tagger generate soft text label image serve target neural model map untranscribed speech semantic keyword label introduce newly collect data set human semantic relevance judgement associate task semantic speech retrieval goal search spoken utterance semantically relevant give text query without see text model train parallel speech image achieves precision almost top ten semantic retrieval compare supervised model train transcription model match human judgement well measure especially retrieve non verbatim semantic match perform extensive analysis model result representation', 'system find correspondences multiple modality speech image great potential solve different recognition data analysis task unsupervised manner work study multimodal learn context visually ground speech vgs model focus recently demonstrate capability extract spatiotemporal alignment speak word correspond visual object without ever explicitly train object localization word recognition main contribution formalize alignment problem term audiovisual alignment tensor base earlier vgs work introduce systematic metric evaluate model performance align visual object speak word propose new vgs model variant alignment task utilize cross modal attention layer test model previously propose model alignment task use speech coco caption couple mscoco image compare alignment performance use propose evaluation metric semantic retrieval task commonly use evaluate vgs model show cross modal attention layer help model achieve high semantic cross modal retrieval performance also lead substantial improvement alignment performance image object speak word']",26760
195,24,195_mtl_multi learn_decanlp_mqan,"['mtl', 'multi learn', 'decanlp', 'mqan', 'auxiliary', 'simile', 'autosem', 'simile recognition', 'mix ratio', 'learn mtl']","['multi task learn mtl significantly pre date deep learn era see resurgence past year researcher apply mtl deep learning solution natural language task steady mtl research always present grow interest driven impressive success publish related field transfer learn pre training bert release new challenge problem glue nlp decathlon decanlp effort place focus weight share across network evaluate usability network component identify use case mtl significantly outperform single task solution paper strive provide comprehensive survey numerous recent mtl contribution field natural language processing provide forum focus effort hardest unsolved problem next decade novel model improve performance nlp benchmark continually produce lasting mtl challenge remain unsolved could hold key good language understand knowledge discovery natural language interface', 'multi task learn mtl achieve success wide range problem goal improve performance primary task use set relevant auxiliary task however usefulness auxiliary task w r primary task know priori success mtl model depend correct choice auxiliary task also balance mix ratio task alternate train two problem could resolve via manual intuition hyper parameter tune combinatorial task choice introduces inductive bias scalable number candidate auxiliary task large address issue present autosem two stage mtl pipeline first stage automatically select useful auxiliary task via beta bernoulli multi arm bandit thompson sample second stage learn train mix ratio select auxiliary task via gaussian process base bayesian optimization framework conduct several mtl experiment glue language understand task show autosem framework successfully find relevant auxiliary task automatically learn mix ratio achieve significant performance boost several primary task finally present ablation stage autosem analyze learn auxiliary task choice', 'multi task learn recently become active field deep learning research contrast learn single task isolation multiple task learn time thereby utilizing train signal related task improve performance respective machine learn task related work show various success different domain apply paradigm thesis extend exist empirical result evaluate multi task learn four different scenario argumentation mining epistemic segmentation argumentation component segmentation grapheme phoneme conversion show multi task learn indeed improve performance compare single task learn scenario may also hurt performance therefore investigate reason successful less successful application paradigm find dataset property entropy size label inventory good indicator potential multi task learn success multi task learn particularly useful task hand suffers data sparsity e lack train data moreover multi task learn particularly effective long input sequence experiment observed trend evaluate scenario finally develop highly configurable extensible sequence tag framework support multi task learn conduct empirical experiment aid future research regard multi task learn paradigm natural language processing']",26760
196,24,196_hop_multi hop_hop question_hop reason,"['hop', 'multi hop', 'hop question', 'hop reason', 'hop qa', 'chain', 'reasoning chain', 'hotpotqa', 'reason chain', 'rerc']","['recent year witness impressive advance challenge multi hop qa task however qa model may fail face disturbance input text interpretability conduct multi hop reasoning remain uncertain previous adversarial attack work usually edit whole question sentence limit effect test entity base multi hop inference ability paper propose multi hop reason chain base adversarial attack method formulate multi hop reason chain start query entity answer entity construct graph allow u align question reason hop thus attack hop categorize question different reason type adversarially modify part question correspond select reason hop generate distract sentence test adversarial scheme three qa model hotpotqa dataset result demonstrate significant performance reduction answer support fact prediction verify effectiveness reason chain base attack method multi hop reason model vulnerability adversarial training improve performance robustness model', 'multi hop question answer require model connect multiple piece evidence scatter long context answer question paper show multi hop hotpotqa yang et al dataset example often contain reason shortcut model directly locate answer word match question sentence context demonstrate issue construct adversarial document create contradict answer shortcut affect validity original answer performance strong baseline model drop significantly adversarial evaluation indicate indeed exploit shortcut rather perform multi hop reason adversarial training baseline performance improves still limit adversarial evaluation hence use control unit dynamically attend question different reason hop guide model multi hop reason show hop model train regular data robust adversary baseline model adversarial training hop model achieve improvement counterpart train regular data also outperform adversarially train hop baseline hope insight initial improvement motivate development new model combine explicit compositional reason adversarial training', 'multi hop qa require model connect multiple piece evidence scatter long context answer question recently propose hotpotqa yang et al dataset comprise question embody four different multi hop reason paradigms two bridge entity setup check multiple property compare two entity make challenge single neural network handle four work present interpretable controller base self assemble neural modular network hu et al multi hop reason design four novel module find relocate compare noop perform unique type language reason base question layout controller rnn dynamically infers series reason module construct entire network empirically show dynamic multi hop modular network achieves significant improvement static single hop baseline regular adversarial evaluation demonstrate interpretability model via three analysis first controller softly decompose multi hop question multiple single hop sub question promote compositional reasoning behavior main network second controller predict layouts conform layout design human expert finally intermediate module infer entity connects two distantly locate support fact address sub question controller']",26760
197,23,197_slang_urban dictionary_sociolinguistic_loanword,"['slang', 'urban dictionary', 'sociolinguistic', 'loanword', 'tweet character', 'contagion', 'character switch', 'prevalence tweet', 'online community', 'length limit']","['november twitter double maximum allowed tweet length character drastic switch one world influential social medium platform first long term study new length limit adopt twitter user ask effect new length limit resemble old one double limit fundamentally change twitter shape limited length post content analyze twitter publicly available sample period around year find length limit raise character prevalence tweet around character drop immediately prevalence tweet around character rise steadily month despite rise tweet approach length limit far less frequent switch find widely different adoption rate across language client device type prevalence tweet around character switch give language strongly correlate prevalence tweet around character switch language long tweet vastly popular web client mobile client moreover tweet around character switch syntactically semantically similar tweet around character switch manifest pattern message squeeze case take together finding suggest new character limit constitute new less intrusive version old character limit length limit remain important factor consider study use twitter data', 'distinctive linguistic practice help community build solidarity differentiate outsider online community one practice variation orthography include spell punctuation capitalization use dataset two million instagram post investigate orthographic variation community share pro eat disorder pro ed content find orthographic variation grow frequent time also become profound deep variant become increasingly distant original example anarexyia distant anarexia original spell anorexia change drive newcomer adopt extreme linguistic practice enter community moreover behavior correlate engagement newcomer adopt deep orthographic variant tend remain active long community post contain deep variation receive positive feedback form like previous work link community membership change language change work cast connection new light newcomer drive evolve practice rather adapt also demonstrate utility orthographic variation new lens study sociolinguistic change online community particularly change result exogenous force content ban', 'slang ubiquitous internet emergence new social context like micro blog question answer forum social network enable slang non standard expression abound web despite slang traditionally view form non standard language form language focus linguistic analysis largely neglected work use urbandictionary conduct first large scale linguistic analysis slang social aspect internet yield insight variety language increasingly used world online begin computationally analyze phonological morphological syntactic property slang study linguistic pattern four specific category slang namely alphabetisms blend clipping reduplicatives analysis reveals slang demonstrate extra grammatical rule phonological morphological formation markedly distinguish standard form shed insight generative pattern next analyze social aspect slang study subject restriction stereotype slang usage analyze ten thousand slang word reveals majority slang internet belongs two major category sex drug also note slang usage immune prevalent social bias prejudice also reflect bias stereotype intensely standard variety']",26760
198,23,198_seq_cseq_cseq seq_barthez,"['seq', 'cseq', 'cseq seq', 'barthez', 'seq seq', 'generation order', 'seq ii', 'seq mapping', 'level smooth', 'kermit']","['undirected neural sequence model achieve performance competitive state art direct sequence model generate monotonically left right machine translation task work train policy learn generation order pre train undirected translation model via reinforcement learn show translation decode learned order achieve high bleu score output decoded leave right decode learned order mansimov et al wmt german english translation task examples maximum source target length de en wmt english romanian wmt english chinese translation task learn order outperforms heuristic generation order four six task next carefully analyze learn order pattern via qualitative quantitative analysis show policy generally follow outer inner order predict leave right position first move toward middle skip less important word begin furthermore policy usually predict position single syntactic constituent structure consecutive step believe finding could provide insight mechanism undirected generation model encourage research direction code publicly available http github com jiangyctarheel undirected generation', 'vanilla sequence sequence learn seq seq read encodes source sequence fix length vector suffer insufficiency model structural correspondence source target sequence instead handle insufficiency linearly weight attention mechanism paper propose use recurrent neural network rnn alternative cseq seq decode cseq seq cyclically feed previous decode state back encoder initial state rnn reencodes source representation produce context vector surprisingly find introduced rnn succeed dynamically detect translationrelated source token accord partial target sequence base find hypothesize partial target sequence act feedback improve understand source sequence test hypothesis propose cyclic sequence sequence learn cseq seq ii differs seq seq reintroduction previous decode state encoder perform parameter share cseq seq ii reduce parameter redundancy enhance regularization particular share weight encoder decoder two targetside word embeddings make cseq seq ii equivalent single conditional rnn model parameter prune even good performance cseq seq ii preserve simplicity seq seq also yield comparable promising result machine translation task experiment chinese english english german translation show cseq seq achieves significant consistent improvement seq seq competitive attention base seq seq model', 'predominant approach language model process sequence leave right eliminates source information order sequence generate one strategy recover information decode content order token exist approach supervise content order designing problem specific loss function pre train order pre select recent work use iterative search discover problem specific ordering train suffer high time complexity cannot efficiently parallelize address limitation unsupervised parallelizable learner discovers high quality generation order purely train data domain knowledge require learner contains encoder network decoder language model perform variational inference autoregressive order represent permutation matrix latent variable correspond elbo differentiable develop practical algorithm end end optimization use policy gradient implement encoder transformer non causal attention output permutation one forward pas permutation serve target generation order train insertion base transformer language model empirical result language model task demonstrate method context aware discovers orderings competitive even well fixed order']",26760
199,23,199_ape_post edit_automatic post_src,"['ape', 'post edit', 'automatic post', 'src', 'edit ape', 'ape share', 'edit', 'human post', 'escape', 'pe']","['automatic post edit ape make sense condition post edit pe decision source src machine translate text mt input lead multi source encoder base ape approach research challenge search architecture best support capture preparation provision src mt information integration pe decision paper present new multi source ape model call transference unlike previous approach use transformer encoder block src ii follow decoder block without mask self attention mt effectively act second encoder combine src mt iii feed representation final decoder block generate pe model outperforms state art bleu point wmt english german ape share task pbsmt nmt investigate importance newly introduce second encoder find small amount layer hurt performance reduce number layer decoder matter much', 'training model automatic correction machine translate text usually rely data consist source mt human post edit triplet provide source sentence examples translation error correspond correction make human post editor ideally large amount data kind allow model learn reliable correction pattern effectively apply test stage unseen source mt pair practice however limited availability call solution also integrate train process source knowledge along direction state art result recently achieve system addition limit amount available training data exploit artificial corpus approximate element gold training instance automatic translation follow idea present escape large freely available synthetic corpus automatic post editing release far escape consist million entry mt element train triplet obtain translate source side publicly available parallel corpus use target side artificial human post edit translation obtain phrase base neural model mt paradigm escape contain million triplet english german million english italian result total million instance respectively usefulness escape prove experiment general domain scenario challenge one automatic post edit language direction model train artificial data always improve mt quality statistically significant gain current version escape freely download http hltshare fbk eu qt escape html', 'automatic post edit ape aim correct systematic error machine translate text primarily useful machine translation mt system accessible improvement leave ape viable option improve translation quality downstream task focus thesis field receive less attention compare mt due several reason include limited availability data perform sound research contrast view report different researcher effectiveness ape limited attention industry use ape current production pipeline thesis perform thorough investigation ape downstream task order understand potential improve translation quality ii advance core technology start classical method recent deep learning base solution iii cope limited sparse data iv good leverage multiple input source v mitigate task specific problem correction vi enhance neural decoding leverage external knowledge vii establish online learn framework handle data diversity real time contribution discuss across several chapter evaluate ape share task organize year conference machine translation effort improve technology result best system ape share task work online learn receive distinguished paper award italian conference computational linguistics overall outcome finding work boost interest among researcher attract industry examine technology solve real word problem']",26760
200,23,200_dialect_dialect identification_arabic dialect_province,"['dialect', 'dialect identification', 'arabic dialect', 'province', 'nadi', 'adi', 'arabic', 'nadi share', 'country level', 'identification subtask']","['automatic classification arabic dialect ongoing research challenge explore recent work defines dialect base increasingly limited geographic area like city province paper focus relate yet relatively unexplored topic effect geographical proximity city locate arab country dialectical similarity work twofold reliant compare textual similarity dialects use cosine similarity measure geographical distance location study madar nadi two establish datasets arabic dialect many city province result indicate city locate different country may fact dialectical similarity city within country depend geographical proximity correlation dialectical similarity city proximity suggest city closer together likely share dialectical attribute regardless country border nuance provide potential important advancement arabic dialect research indicate granular approach dialect classification essential understanding frame problem arabic dialect identification', 'present result finding first nuanced arabic dialect identification share task nadi share task include two subtasks country level dialect identification subtask province level sub dialect identification subtask data share task cover total province arab country collect twitter domain nadi first share task target naturally occur fine grain dialectal text sub country level total teams country register participate task thus reflect interest community area receive submission subtask team submission subtask team', 'present finding result second nuanced arabic dialect identification share task nadi share task include four subtasks country level modern standard arabic msa identification subtask country level dialect identification subtask province level msa identification subtask province level sub dialect identification subtask share task dataset cover total province arab country collect twitter domain total teams country register participate task thus reflect interest community area receive submission subtask five team submission subtask eight team submission subtask four team submission subtask four team']",26760
201,23,201_accent_accent speech_accent classification_accent identification,"['accent', 'accent speech', 'accent classification', 'accent identification', 'native accent', 'non native', 'accent invariant', 'bpo', 'accent specific', 'native']","['one major source speech variability accent pose grand challenge robustness speech recognition system paper goal build unified end end speech recognition system generalize well across accent purpose propose novel pre training framework aipnet base generative adversarial net gan accent invariant representation learn accent invariant pre training network pre train aipnet disentangle accent invariant accent specific characteristic acoustic feature adversarial training accent data transcription necessarily available fine tune aipnet connect accent invariant module attention base encoder decoder model multi accent speech recognition experiment approach compare four baseline include accent dependent accent independent model experimental result english accent show propose approach outperform baseline sim relative reduction average wer transcription available accent sim relative reduction transcription available u accent', 'two new approach accent classification conversion present explore respectively first topic chinese accent classification recognition second topic use encoder decoder model end end chinese accent conversion classifier first topic use training accent converter encoder decoder model experiment use different feature model perform accent recognition feature include mfccs spectrogram classifier model tdnn cnn magicdata dataset class accent tdnn classifier train mfcc feature achieve test accuracy test f score cnn classifier train spectrogram achieve test accuracy test f score prototype end end accent converter model also present converter model comprise encoder decoder encoder model convert accent input accent neutral form decoder model convert accent neutral form accent form specify accent assign input accent label converter prototype preserve tone foregoes detail output audio encoder decoder structure demonstrate potential effective accent converter proposal future improvement also present address issue lose detail decoder output', 'modern automatic speech recognition asr technology evolve identify speech speak native speaker language well however identification speech speak non native speaker continue major challenge work first spell key requirement create well curated database speech sample non native accent train test robust asr system introduce accentdb one database contain sample indian english accent collect u compilation sample native english metropolitan indian english accent also present analysis separability collect accent data present several accent classification model evaluate thoroughly human label accent class test generalization classifier model variety setup see unseen data finally introduce task accent neutralization non native accent native accent use autoencoder model task specific architecture thus work aim aid asr system every stage development database training classification model feature augmentation neutralization system acoustic transformation non native accent english']",26760
202,22,202_verb_thematic fit_inferential profile_verb pattern,"['verb', 'thematic fit', 'inferential profile', 'verb pattern', 'implicative', 'symmetry', 'imperfective', 'levin', 'simverb', 'verb argument']","['prior research explore ability computational model predict word semantic fit give predicate much work devote modeling typicality relation verb argument isolation paper take broad perspective assess whether extent computational approach access information typicality entire event situation describe language generalized event knowledge give recent success transformer language model tlms decided test benchmark textit dynamic estimation thematic fit evaluation model perform comparison sdm framework specifically design integrate event sentence meaning representation conduct detailed error analysis investigate factor affect behavior result show tlms reach performance comparable achieve sdm however additional analysis consistently suggest tlms capture important aspect event knowledge prediction often depend surface linguistic feature frequent word collocation syntactic pattern thereby show sub optimal generalization ability', 'german french football language display tense aspect mood tam form differ tam use genre german football talk present indicative may replace pluperfect subjunctive french report football match imperfective past may occur instead perfective past tense aspect form argue two phenomenon share functional core license way direct result genre occur precisely football match report adhere precise script specific event temporally determine term objective time allow speaker exploit secondary function tam form namely shift temporal perspective argue ground genre comprehenders predict deviate form also able decode present various corpus study explore function phenomenon order gain insight distribution grammaticalization function discourse relevant factor aktionsart property rhetorical relation interaction tam form allow u discuss cop mechanism part comprehender broaden understanding phenomenon partly cover french seem ignored german', 'present manually construct seed lexicon encode inferential profile french event select predicate across different us inferential profile karttunen verb design capture inference trigger use verb context reflect influence clause embed verb factuality event describe embed clause resource develop provide evidence follow three hypothesis french implicative verb aspect dependent profile inferential profile varies outer aspect factive verb aspect independent profile keep inferential profile imperfective perfective aspect ii implicativity decrease imperfective aspect inference trigger french implicative verb combine perfective aspect often weaken verb combine imperfective aspect iii implicativity decrease animate deep subject inference trigger verb implicative inanimate subject weaken verb use animate subject resource additionally show verbs different inferential profile display clearly distinct sub categorisation pattern particular verb factive implicative reading show prefer infinitival clause implicative reading tense clause factive reading']",26760
203,22,203_recommendation_conversational recommendation_crs_recommender,"['recommendation', 'conversational recommendation', 'crs', 'recommender', 'conversational recommender', 'item', 'crss', 'durecdial', 'recommendation dialog', 'redial']","['conversational recommender system crs aim recommend high quality item user interactive conversation develop effective cr support high quality datasets essential exist crs datasets mainly focus immediate request user lack proactive guidance recommendation scenario paper contribute new crs dataset name textbf tg redial textbf commendation textbf opic textbf g uided textbf dial og dataset two major feature first incorporate topic thread enforce natural semantic transition towards recommendation scenario second create semi automatic way hence human annotation reasonable controllable base tg redial present task topic guide conversational recommendation propose effective approach task extensive experiment demonstrate effectiveness approach three sub task namely topic prediction item recommendation response generation tg redial available http github com rucaibox tg redial', 'chit chat base conversational recommendation system crs provide item recommendation user natural language interaction well understand user intention external knowledge graph kg introduce chit chat base cr however exist chit chat base cr usually generate repetitive item recommendation cannot properly infuse knowledge kg crs generate informative response remedy issue first reformulate conversational recommendation task highlight recommend item new possibly interested user propose knowledge enrich conversational recommendation system kecrs specifically develop bag entity boe loss infusion loss well integrate kg crs generate diverse informative response boe loss provide additional supervision signal guide cr learn human write utterance kg infusion loss bridge gap word embeddings entity embeddings minimize distance word two embeddings moreover facilitate study construct high quality kg ie movie domain knowledge graph tmdkg experimental result large scale dataset demonstrate kecrs outperforms state art chit chat base cr term recommendation accuracy response generation quality', 'recommender system exploit interaction history estimate user preference heavily use wide range industry application however static recommendation model difficult answer two important question well due inherent shortcoming exactly user like b user like item shortcoming due way static model learn user preference e without explicit instruction active feedback user recent rise conversational recommender system crss change situation fundamentally crs user system dynamically communicate natural language interaction provide unprecedented opportunity explicitly obtain exact preference user considerable effort spread across disparate setting application put develop crss exist model technology evaluation method crss far mature paper provide systematic review technique use current crss summarize key challenge develop crss five direction question base user preference elicitation multi turn conversational recommendation strategy dialogue understanding generation exploitation exploration trade offs evaluation user simulation research direction involve multiple research field like information retrieval ir natural language processing nlp human computer interaction hci base research direction discuss future challenge opportunity provide road map researcher multiple community get start area hope survey help identify address challenge crss inspire future research']",26760
204,22,204_scdv_doc_wmd_paragraph vector,"['scdv', 'doc', 'wmd', 'paragraph vector', 'doc vecc', 'vecc', 'doc vec', 'sif', 'learn document', 'bowe']","['represent text fix length vector central many language processing task traditional method build text representation base simple bag word bow representation lose rich semantic relation word recent advance natural language process show semantically meaningful representation word efficiently acquire distributed model make possible build text representation base good foundation call bag word embed bowe representation however exist text representation method use bowe often lack sound probabilistic foundation cannot well capture semantic relatedness encode word vector address problem introduce spherical paragraph model spm probabilistic generative model base bowe text representation spm good probabilistic interpretability fully leverage rich semantics word word co occurrence information well corpus wide information help representation learn texts experimental result topical classification sentiment analysis demonstrate spm achieve new state art performances several benchmark datasets', 'simple weight average word vector often yield effective representation sentence outperform sophisticated seq seq neural model many task desirable use method represent document well unfortunately effectiveness lose represent long document involve multiple sentence one key reason longer document likely contain word many different topic hence create single vector ignore topical structure unlikely yield effective document representation problem less acute single sentence short text fragment presence single topic likely alleviate problem present p sif partition word average model represent long document p sif retains simplicity simple weight word average take document topical structure account particular p sif learn topic specific vector document finally concatenate represent overall document provide theoretical justification correctness p sif comprehensive set experiment demonstrate p sif effectiveness compare simple weight average many baseline', 'since seminal work mikolov et al word embeddings become preferred word representation many natural language processing task document similarity measure extract word embeddings soft cosine measure scm word mover distance wmd report achieve state art performance semantic text similarity text classification despite strong performance wmd text classification semantic text similarity super cubic average time complexity impractical scm quadratic bad case time complexity performance text classification never compare wmd recently two word embed regularization technique show reduce storage memory cost improve train speed document process speed task performance word analogy word similarity semantic text similarity however effect technique text classification yet study work investigate individual joint effect two word embed regularization technique document process speed task performance scm wmd text classification evaluation use k nn classifier six standard datasets bbcsport twitter ohsumed reuters amazon news show average k nn test error reduction regularize word embeddings compare non regularize word embeddings describe practical procedure derive regularize embeddings cholesky factorization also show scm regularize word embeddings significantly outperforms wmd text classification time faster']",26760
205,22,205_bookcorpus_interoperability_documentation_translational nlp,"['bookcorpus', 'interoperability', 'documentation', 'translational nlp', 'lt platform', 'ai lt', 'workflow manager', 'translational', 'workflow', 'course']","['classification scheme scientific subject give overview body knowledge also use facilitate access research article material relate subject example acm compute classification system cc use acm digital library search interface also index computer science paper observe comprehensive classification system like cc mathematics subject classification msc exist computational linguistics cl natural language processing nlp propose classification scheme clicker cl nlp base analysis online lecture university course subject currently propose taxonomy include topic focus educational aspect cl nlp base primarily exclusively lecture note nlp course discuss taxonomy help various real world application include tutor platform resource retrieval resource recommendation prerequisite chain learn survey generation', 'recent literature underscore importance dataset documentation work machine learn part work involve address documentation debt datasets use widely document sparsely paper aim help address documentation debt bookcorpus popular text dataset train large language model notably researcher use bookcorpus train openai gpt n model google bert model even though little documentation exist dataset motivation composition collection process etc offer preliminary datasheet provide key context information bookcorpus highlight several notable deficiency particular find evidence bookcorpus likely violate copyright restriction many book bookcorpus contain thousand duplicate book bookcorpus exhibit significant skews genre representation also find hint potential deficiency call future research include problematic content potential skews religious representation lopsided author contribution work remain initial effort provide datasheet bookcorpus add grow literature urge careful systematic documentation machine learn datasets', 'progress natural language processing nlp research last year offer novel business opportunity company automate user interaction improve data analysis building sophisticated nlp application require deal modern machine learn ml technology impede enterprise establish successful nlp project experience apply nlp research project show continuous integration research prototypes production like environment quality assurance build trust software show convenience usefulness regard business goal introduce stamp nlp iterative incremental process model develop nlp application stamp nlp merge software engineering principle best practice data science instantiate process model allow efficiently create prototype utilize template convention implementation enable developer data scientist focus business goal due iterative incremental approach business deploy enhance version prototype software environment every iteration maximize potential business value trust early avoiding cost successful yet never deploy experiment']",26760
206,21,206_annotator_disagreement_linguist loop_underpowered,"['annotator', 'disagreement', 'linguist loop', 'underpowered', 'human opinion', 'estimator', 'disagreement annotator', 'chaosnli', 'measure difficulty', 'human agreement']","['despite importance experimental design statistical power probability give real effect experiment reject null hypothesis largely ignored nlp community underpowered experiment make difficult discern difference statistical noise meaningful model improvement increase chance exaggerated finding meta analyze set exist nlp paper datasets characterize typical power variety setting conclude underpowered experiment common nlp literature particular several task popular glue benchmark small test set mean attempt comparison state art model adequately power similarly base reasonable assumption find typical experimental design human rating study underpowered detect small model difference sort frequently study machine translation find typical test set sentence approximately power detect difference bleu point improve situation go forward give overview best practice power analysis nlp release series notebook assist future power analysis', 'model top leaderboards often perform unsatisfactorily deploy real world application necessitate rigorous expensive pre deployment model test hitherto unexplored facet model performance leaderboards equitable evaluation paper introduce task agnostic method probe leaderboards weight sample base difficulty level find leaderboards adversarially attack top performing model may always best model subsequently propose alternate evaluation metric experiment model show change model rank overall reduction previously report performance thus rectify overestimation ai system capability inspire behavioral testing principle develop prototype visual analytics tool enable leaderboard revamp customization base end user focus area help user analyze model strengths weakness guide selection model best suit application scenario user study member various commercial product development team cover focus area find prototype reduces pre deployment development test effort average', 'despite subjective nature many nlp task nlu evaluation focus use majority label presumably high agreement ground truth less attention pay distribution human opinion collect chaosnli dataset total annotation study collective human opinion oft use nli evaluation set dataset create collect annotation per example example snli mnli example abductive nli analysis reveals high human disagreement exist noticeable amount example datasets state art model lack ability recover distribution human label model achieve near perfect accuracy subset data high level human agreement whereas barely beat random guess data low level human agreement compose common error make state art model evaluation set question validity improve model performance old metric low agreement part evaluation datasets hence argue detailed examination human agreement future data collection effort evaluate model output distribution collective human opinion chaosnli dataset experimental script available https github com easonnie chaosnli']",26760
207,21,207_persuasion_persuasive_persuasiveness_debate,"['persuasion', 'persuasive', 'persuasiveness', 'debate', 'resist strategy', 'persuasion strategy', 'argument', 'ipp', 'dop', 'lsm']","['opinion formation persuasion argumentation affect three major factor argument source argument property audience understand role interplay crucial obtain insight regard argument interpretation generation particularly important build effective argument generation system take discourse audience characteristic account personalized argument generation system would helpful expose individual different viewpoint help make fair inform decision issue even though study social science psychology show source audience effect essential component persuasion process research computational persuasion focus solely understanding characteristic persuasive language thesis make several contribution understand relative effect source audience language computational persuasion first introduce large scale dataset extensive user information study factor effect simultaneously propose model understand role audience prior beliefs perception argument also investigate role social interaction engagement understand user success online debate time find user prior beliefs social interaction play essential role predict success persuasion finally explore importance incorporate contextual information predict argument impact show improvement compare encode text argument', 'deliberation among individual online play key role shape opinion drive vote purchase donation critical offline behavior yet determinants opinion change via persuasion deliberation online remain largely unexplored research examines persuasive power textit ethos individual reputation use year panel million debate argumentation platform contain explicit indicator successful persuasion identify causal effect reputation persuasion construct instrument reputation measure past debate competition control unstructured argument text use neural model language double machine learn framework find individual reputation significantly impact persuasion rate beyond validity strength presentation argument set find additional reputation point cause increase probability successful persuasion platform average also find impact reputation moderate characteristic argument content manner consistent theoretical model attribute persuasive power reputation heuristic information processing cognitive overload discuss managerial implication platform facilitate deliberative decision make public private organization online', 'identify persuasive speaker adversarial environment critical task national election politician would like persuasive speaker campaign behalf company face adverse publicity would like engage persuasive advocate position presence adversary critical debate represent common platform form adversarial persuasion paper solve two problem debate outcome prediction dop problem predict win debate intensity persuasion prediction ipp problem predict change number vote speaker speaks though dop previously study first study ipp past study dop fail leverage two important aspect multimodal data multiple modality often semantically align different modality may provide diverse information prediction p multimodal persuasion prediction framework first use multimodal acoustic visual language data solve ipp problem leverage alignment different modality maintain diversity cue provide p devise novel adaptive fusion learn framework fuse embeddings obtain two module alignment module extract share information modality heterogeneity module learn weight different modality guidance three separately trained unimodal reference model test p popular iq u dataset design dop also introduce new dataset call qps qipashuo popular chinese debate tv show ipp p significantly outperforms recent baseline datasets']",26760
208,21,208_tod_orient dialogue_ubar_orient,"['tod', 'orient dialogue', 'ubar', 'orient', 'simpletod', 'tod da', 'tod bert', 'pptod', 'mintl', 'dialogue']","['label cost different module task orient dialog tod system expensive major challenge train different module least amount label data recently large scale pre train language model show promising result shoot learn tod paper devise self training approach utilize abundant unlabeled dialog data improve state art pre train model shoot learn scenario tod system specifically propose self train approach iteratively labels confident unlabeled data train strong student model moreover new text augmentation technique gradaug propose good train student replace non crucial token use masked language model conduct extensive experiment present analysis four downstream task tod include intent classification dialog state track dialog act prediction response selection empirical result demonstrate propose self train approach consistently improve state art pre train model bert tod bert small number label data available', 'paper present task orient dialog system ubar model task orient dialog dialog session level specifically ubar acquire fine tune large pre train unidirectional language model gpt sequence entire dialog session compose user utterance belief state database result system act system response every dialog turn additionally ubar evaluate realistic set dialog context access user utterance content generate belief state system act system response experimental result multiwoz datasets show ubar achieves state art performance multiple setting improve combine score response generation policy optimization end end model point respectively thorough analysis demonstrate session level training sequence formulation generate dialog context essential ubar operate fully end end task orient dialog system real life also examine transfer ability ubar new domain limit data provide visualization case study illustrate advantage ubar model dialog session level', 'goal orient dialogue system widely adopt industry key importance maintain rapid prototyping cycle new product domains data driven dialogue system development adapt meet requirement therefore reduce amount data annotation necessary train system central research problem paper present dialogue knowledge transfer network diktnet state art approach goal orient dialogue generation use example dialogue e shot learn none annotate achieve perform stage train firstly perform unsupervised dialogue representation pre train large source goal orient dialogue multiple domain metalwoz corpus secondly transfer stage train diktnet use representation together textual knowledge source different level generality elmo encoder main dataset source domains main dataset stanford multi domain dialogue corpus evaluate model term bleu entity f score show approach significantly consistently improve upon series baseline model well previous state art dialogue generation model zsdg improvement upon latter entity f average bleu score achieve use equivalent zsdg domain training data']",26760
209,21,209_honest deception_shakespeare_wan_honest,"['honest deception', 'shakespeare', 'wan', 'honest', 'literary', 'whitman', 'stylistic', 'authorship', 'prose', 'moli']","['paper describe corpus english literary text million word extract gutenberg project span range genre fiction non fiction write author e g darwin dickens shakespeare quantitative narrative analysis qna use explore cleaned subcorpus gutenberg english poetry corpus gepc comprise poetic text around million word author e g keats joyce wordsworth exemplary qna study show author similarity base latent semantic analysis significant topic author various text analytic metric george eliot poem lisa love king james joyce chamber music concern e g lexical diversity sentiment analysis gepc particularly suit research digital humanities natural language processing neurocognitive poetics e g training test corpus stimulus development control', 'concept literary genre highly complex one different genre frequently define several necessarily level description consideration genre cognitive social scholarly construct rich history complicate matter contribution focus thematic aspect genre quantitative approach namely topic model topic model proven useful discover thematic pattern trend large collection texts view class browse basis dominant theme rarely ever however applied collection dramatic texts contribution topic model use analyze collection french drama classical age enlightenment general aim contribution discover semantic type topic find collection whether different dramatic subgenres distinctive dominant topic plot relate topic pattern inversely extent cluster method base topic score per play produce grouping texts agree conventional genre distinction contribution show interest topic pattern detect provide new insight thematic subgenre related structure french drama well history french drama classical age enlightenment', 'language powerful tool use correct manner major mode communication use correct choice word style serve long lasting impact stylistics study use various language style communication pas message big impact communicate indirectly stylistic analysis therefore study use linguistic style texts determine style use communicate communicated honest deception use choice word imply something different literal mean person listen read text honest deception use literal understanding may completely miss point issue honesty falsehood arises however would better understand honest deception use intention last impact rather deceive reader viewer listener major style use honest deception hyperbole litotes irony sarcasm seinfeld sitcom tv series situational tv comedy show air show attempt bring understanding daily life comedian comedian view life experience convert hilarious joke also show jerry struggle get right partner many woman come life reflect honest deception seinfeld sitcom tv series paper go investigate honest deception use series use communicate study go use recapitulative form give good analysis group different style use honest deception throughout series']",26760
210,21,210_counterfactual_counterfactuals_counterevidence_counterfactual sample,"['counterfactual', 'counterfactuals', 'counterevidence', 'counterfactual sample', 'counterfactual statement', 'cfd', 'gyc', 'consequents', 'detect counterfactuals', 'generate counterfactual']","['present counterfactual recognition cr task share task semeval counterfactuals describe potential outcome consequents produce action circumstance happen cannot happen counter fact antecedent counterfactual thinking important characteristic human cognitive system connect antecedent consequents causal relation task provide benchmark counterfactual recognition natural language two subtasks subtask aim determine whether give sentence counterfactual statement subtask require participate system extract antecedent consequent give counterfactual statement semeval official evaluation period receive submission subtask subtask data baseline code leaderboard find https competition codalab org competition data baseline code also available http zenodo org record', 'deep nlp model show learn spurious correlation leave brittle input perturbation recent work show counterfactual contrastive data e minimally perturb input reveal weakness data augmentation use counterfactuals help ameliorate propose technique generate counterfactuals rely human annotation perturbation base simple heuristic mean representation framework focus task create counterfactuals question answer present unique challenge relate world knowledge semantic diversity answerability address challenge develop retrieve generate filter rgf technique create counterfactual evaluation training data minimal human supervision use open domain qa framework question generation model train original task data create counterfactuals fluent semantically diverse automatically label data augmentation rgf counterfactuals improve performance domain challenging evaluation set exist method read comprehension open domain qa setting moreover find rgf data lead significant improvement model robustness local perturbation', 'counterfactual reasoning require predict alternative event contrary actually happen might result different outcome despite consider necessary component ai complete system resource develop evaluate counterfactual reasoning narrative paper propose counterfactual story rewrite give original story intervene counterfactual event task minimally revise story make compatible give counterfactual event solve task require deep understanding causal narrative chain counterfactual invariance integration story reason capability conditional language generation model present timetravel new dataset counterfactual rewriting original story counterfactual event human generate revision original story compatible counterfactual event additionally include counterfactual branch without rewritten storyline support future work semi un supervise approach counterfactual story rewrite finally evaluate counterfactual rewrite capacity several competitive baseline base pretrained language model assess whether common overlap model base automatic metric text generation correlate well human score counterfactual rewriting']",26760
211,21,211_matching_match_match short_wd match,"['matching', 'match', 'match short', 'wd match', 'match srnn', 'virt', 'wd', 'srnn', 'neural matching', 'virtual interaction']","['large number deep learning model propose text match problem core various typical natural language processing nlp task however exist deep model mainly design semantic match pair short text paraphrase identification question answer perform well task relevance match short long text pair partially due fact essential characteristic short long text matching well consider deep model specifically method fail handle extreme length discrepancy text piece neither fully characterize underlying structural information long text document paper especially interested relevance match piece short text long document critical problem like query document match information retrieval web search extract structural information document undirected graph construct vertex represent keyword weight edge indicate degree interaction keywords base keyword graph propose multiresolution graph attention network learn multi layer representation vertex graph convolutional network gcn match short text snippet graphical representation document attention mechanism apply layer gcn experimental result two datasets demonstrate graph approach outperforms state art deep matching model', 'neural text matching model widely use community question answer information retrieval dialogue however model design short text cannot well address long form text match problem many context long form text directly align difficult exist model capture key matching signal noisy data besides model computationally expensive simply use textual data indiscriminately tackle effectiveness efficiency problem propose novel hierarchical noise filter model namely match ignition main idea plug well know pagerank algorithm transformer identify filter sentence word level noisy information match process noisy sentence usually easy detect previous work show similarity explicitly evaluate word overlap directly use pagerank filter information base sentence similarity graph unlike sentence word rely contexts express concrete meaning propose jointly learn filter match process well capture critical word level match signal specifically word graph first build base attention score self attention block transformer key word select apply pagerank graph way noisy word filter layer layer match process experimental result show match ignition outperforms sota short text matching model recent long form text matching model also conduct detailed analysis show match ignition efficiently capture important sentence word facilitate long form text matching process', 'boom pre train transformer remarkable progress make textual pair model support relevant natural language application two line approach develop text match interaction base model perform full interaction textual pair representation base model encode pair independently siamese encoders former achieves compel performance due deep interaction model ability yet sacrifice inference latency latter efficient widely adopt practical use however suffers severe performance degradation due lack interaction though prior work attempt integrate interactive knowledge representation base model consider computational cost perform late interaction knowledge transfer top layer interactive information low layer still miss limit performance representation base solution remedy propose novel textit virtual interaction mechanism term virt enable full deep interaction model representation base model without textit actual inference computation concretely virt asks representation base encoders conduct virtual interaction mimic behavior interaction base model addition knowledge distil interaction base encoders take supervised signal promise effectiveness virtual interaction since virtual interaction happen train stage virt would increase inference cost furthermore design virt adapt late interaction strategy fully utilize learn virtual interactive knowledge']",26760
212,21,212_cluster_short cluster_uft_uft strategy,"['cluster', 'short cluster', 'uft', 'uft strategy', 'hmff', 'clustering', 'brown cluster', 'iterative classification', 'fuzzy cluster', 'brown']","['abundance text data produce modern age make increasingly important intuitively group categorize classify text data theme efficient retrieval search yet high dimensionality imprecision text data generally language whole prove challenge attempt perform unsupervised document cluster thesis present two novel method improve unsupervised document cluster classification theme first improve document representation look exploit term neighborhood blur semantic weight across neighbor term neighborhood locate semantic space afford word embeddings second method cluster revision base deem stochastic barcoding barcode pattern text data inherently high dimensional yet cluster typically take place low dimensional representation space method utilize low dimension cluster result initial cluster configuration iteratively revise configuration high dimensional space show experimental result two method improve quality document cluster thesis elaborate two new conceptual contribution joint thesis david yan detail feature transformation software architecture develop unsupervised document classification', 'effective representation learn critical short text cluster due sparse high dimensional noise attribute short text corpus exist pre train model e g word vec bert greatly improve expressiveness short text representation condense low dimensional continuous feature compare traditional bag word bow model however model train general purpose thus suboptimal short text cluster task paper propose two method exploit unsupervised autoencoder ae framework tune short text representation base pre train text model optimal cluster performance first method structural text network graph autoencoder stn gae exploit structural text information among corpus construct text network adopt graph convolutional network encoder fuse structural feature pre trained text feature text representation learn second method soft cluster assignment autoencoder sca ae adopt extra soft cluster assignment constraint latent space autoencoder encourage learn text representation cluster friendly test two method seven popular short text datasets experimental result show use pre train model short text cluster bert performs well bow word vec however long tune pre train representation propose method like sca ae greatly increase cluster performance accuracy improvement compare use bert alone could reach much', 'brown cluster hard hierarchical bottom cluster word vocabulary word assign cluster base usage pattern give corpus result cluster hierarchical structure use construct class base language model generate feature use nlp task high computational cost use version brown cluster greedy algorithm use window restrict search space like cluster algorithms brown cluster find sub optimal nonetheless effective mapping word cluster ability produce high quality human understandable cluster brown cluster see high uptake nlp research community use preprocessing feature generation step little research do towards improve quality brown cluster despite greedy heuristic nature algorithm approach try far focused study effect initialisation similar algorithm tune parameter use define desire number cluster behaviour algorithm include separate parameter differentiate window desire number cluster however approach yield significant improvement cluster quality thesis close analysis brown algorithm provide reveal important specification weaknesses original algorithm serious effect cluster quality reproducibility research use brown cluster second part thesis two modification propose finally thorough evaluation perform consider optimization criterion brown cluster performance result class base language model']",26760
213,21,213_acronym_abbreviation_acronym disambiguation_acronyms,"['acronym', 'abbreviation', 'acronym disambiguation', 'acronyms', 'acronym identification', 'sdu', 'abbreviation disambiguation', 'sdu aaai', 'disambiguation', 'acronym extraction']","['acronym disambiguation mean find correct mean ambiguous acronym dictionary give sentence one key point scientific document understand sdu aaai recently many attempt try solve problem via fine tune pre train masked language model mlms order obtain good acronym representation however acronym mean varied different context whose corresponding phrase representation map different direction lack discrimination entire vector space thus original representation pre trained mlms ideal acronym disambiguation task paper propose simple framework contrastive learning acronym disambiguation simclad method well understand acronym meaning specifically design continual contrastive pre training method enhance pre train model generalization ability learn phrase level contrastive distribution true mean ambiguous phrase result acronym disambiguation scientific domain english show propose method outperforms competitive state art sota method', 'acronyms long form commonly find research document document scientific legal domain many acronym use document domain specific rarely find normal text corpus owe transformer base nlp model often detect oov vocabulary acronym token especially non english language performance suffers link acronym long forms extraction moreover pretrained transformer model like bert specialize handle scientific legal document point overarch motivation behind work propose novel framework cabace character aware bert acronym extraction take account character sequence text adapt scientific legal domain mask language model use objective augmented loss function add max loss mask loss term standard cross entropy loss training cabace leverage pseudo label adversarial data generation improve generalizability framework experimental result prove superiority propose framework comparison various baseline additionally show propose framework well suit baseline model zero shot generalization non english language thus reinforce effectiveness approach team backgprop secure high score french dataset second high danish vietnamese third high english legal dataset global leaderboard acronym extraction ae share task sdu aaai', 'acronym short form phrase facilitate convey lengthy sentence document serve one mainstays write due importance identify acronyms corresponding phrase e acronym identification ai find correct meaning acronym e acronym disambiguation ad crucial text understand despite recent progress task limitation exist datasets hinder improvement specifically limited size manually annotate ai datasets noise automatically create acronym identification datasets obstruct design advanced high perform acronym identification model moreover exist datasets mostly limit medical domain ignore domain order address two limitation first create manually annotate large ai dataset scientific domain dataset contains sentence substantially large previous scientific ai datasets next prepare ad dataset scientific domain sample significantly large previous scientific ad dataset experiment show exist state art model fall far behind human level performance datasets propose work addition propose new deep learning model utilizes syntactical structure sentence expand ambiguous acronym sentence propose model outperform state art model new ad dataset provide strong baseline future research dataset']",26760
214,21,214_sgnmt_smt_lrl nmt_tu et,"['sgnmt', 'smt', 'lrl nmt', 'tu et', 'nmt', 'mnmt', 'neural machine', 'phrase base', 'al tu', 'review nmt']","['system combination important technique combine hypothesis different machine translation system improve translation performance although early statistical approach system combination proven effective analyze consensus hypothesis suffer error propagation problem due use pipeline problem alleviate end end training multi source sequence sequence model recently neural model explicitly analyze relation hypothesis fail capture agreement attention word hypothesis calculate independently ignore fact word might occur multiple hypothesis work propose approach model voting system combination machine translation basic idea enable word hypotheses different system vote word representative get involve generation process do quantify influence voter preference candidate approach combine advantage statistical neural method since analyze relation hypotheses also allow end end training experiment show approach capable well take advantage consensus hypotheses achieve significant improvement state art baseline chinese english english german machine translation task', 'neural machine translation nmt see tremendous spurt growth less ten year already enter mature phase consider widely use solution machine translation performance low resource language pair still remain sub optimal compare high resource counterpart due unavailability large parallel corpus therefore implementation nmt technique low resource language pair receive spotlight recent nmt research arena thus lead substantial amount research report topic paper present detailed survey research advancement low resource language nmt lrl nmt along quantitative analysis aim identify popular solution base finding review previous work survey paper provide set guideline select possible nmt technique give lrl data set also present holistic view lrl nmt research landscape provide list recommendation enhance research effort lrl nmt', 'neural machine translation nmt new approach machine translation make great progress recent year however recent study show nmt generally produce fluent inadequate translation tu et al b tu et al et al tu et al contrast conventional statistical machine translation smt usually yield adequate non fluent translation natural therefore leverage advantage model better translation work propose incorporate smt model nmt framework specifically decode step smt offer additional recommendation generate word base decode information nmt e g generate partial translation attention history employ auxiliary classifier score smt recommendation gate function combine smt recommendation nmt generation jointly train within nmt architecture end end manner experimental result chinese english translation show propose approach achieve significant consistent improvement state art nmt smt system multiple nist test set']",26760
215,21,215_gnn_bertgcn_graph convolutional_gcn,"['gnn', 'bertgcn', 'graph convolutional', 'gcn', 'graph neural', 'textgcn', 'hetegcn', 'message pass', 'graph', 'graphstar']","['consider hierarchical representation document graph use geometric deep learning classify different category graph neural network efficiently handle variable structure hierarchical document use permutation invariant message pass operation show gain extra performance improvement use propose selective graph pool operation arises fact part hierarchy invariable across different document apply model classify clinical trial ct protocol complete terminated category use bag word base well pre train transformer base embeddings featurize graph node achieve f score around publicly available large scale ct registry around k protocol demonstrate selective pooling add insight ct termination status prediction make source code dataset split accessible', 'text classification important classical problem natural language processing number study apply convolutional neural network convolution regular grid e g sequence classification however limited number study explore flexible graph convolutional neural network convolution non grid e g arbitrary graph task work propose use graph convolutional network text classification build single text graph corpus base word co occurrence document word relation learn text graph convolutional network text gcn corpus text gcn initialize one hot representation word document jointly learn embeddings word document supervise known class label document experimental result multiple benchmark datasets demonstrate vanilla text gcn without external word embeddings knowledge outperforms state art method text classification hand text gcn also learn predictive word document embeddings addition experimental result show improvement text gcn state art comparison method become prominent low percentage training data suggest robustness text gcn less train data text classification', 'recently graph neural network gnns widely use document classification however exist method base static word co occurrence graph without sentence level information pose three challenge word ambiguity word synonymity dynamic contextual dependency address challenge propose novel gnn base sparse structure learn model inductive document classification specifically document level graph initially generate disjoint union sentence level word co occurrence graph model collect set trainable edge connect disjoint word sentence employ structure learn sparsely select edge dynamic contextual dependency graph sparse structure jointly exploit local global contextual information document gnns inductive learning refine document graph feed general readout function graph level classification optimization end end manner extensive experiment several real world datasets demonstrate propose model outperform state art result reveal necessity learn sparse structure document']",26760
216,20,216_video question_video qa_video_blp,"['video question', 'video qa', 'video', 'blp', 'tvqa', 'knowit vqa', 'knowit', 'video story', 'answer video', 'vidqa']","['video convey rich information dynamic spatio temporal relationship people object diverse multimodal event present video clip hence important develop automate model accurately extract information video answer question videos one task evaluate ai ability paper propose video question answer model effectively integrate multi modal input source find temporally relevant information answer question specifically first employ dense image caption help identify object detailed salient region action hence give model useful extra information explicit textual format allow easy match answer question moreover model also comprise dual level attention word object frame level multi head self cross integration different source video dense caption gate pass relevant information classifier finally also cast frame selection problem multi label classification task introduce two loss function andout frame score margin iofsm balance binary cross entropy bbce well supervise model human importance annotation evaluate model challenge tvqa dataset model component provide significant gain overall model outperforms state art large margin versus also present several word object frame level visualization study code publicly available http github com hyounghk videoqadensecapframegate acl', 'study novel task video question answer generation vqag challenge video question answer video qa task multimedia due expensive data annotation cost many widely use large scale video qa datasets video qa msvd qa msrvtt qa automatically annotate use caption question generation capqg input caption instead video caption neither fully represent video always practically available crucial generate question answer pair base video via video question answer generation vqag exist video text v approach despite take video input generate question alone work propose novel model generator pretester network focus two component joint question answer generator jqag generate question correspond answer allow video question answer training pretester pt verifies generate question try answer check pretested answer model propose answer ground truth answer evaluate system two available large scale human annotate video qa datasets achieve state art question generation performance furthermore use generate qa pair video qa task surpass supervise baseline apply generate question video qa application surpasses supervise baseline use generated question pre train strategy outperform capqg transfer learn approach employ semi supervise fully supervise learning annotate data experimental result suggest novel perspective video qa training', 'bilinear pool blp refers family operation recently develop fuse feature different modality predominantly develop vqa model bilinear out product expansion think encourage model learn interaction two feature space experimentally outperform simple vector operation concatenation element wise addition multiplication vqa benchmark successive blp technique yield high performance lower computational expense often implement alongside attention mechanism however despite significant progress vqa blp method widely apply recently explore video question answer video qa task paper begin bridge research gap apply blp technique various video qa benchmark namely tvqa tgif qa ego vqa msvd qa share result tvqa baseline model recently propose heterogeneous memory enchanced multimodal attention hme model experiment include simply replace feature concatenation exist model blp modify version tvqa baseline accommodate blp name dual stream model find relatively simple integration blp increase mostly harm performance video qa benchmark use recently propose theoretical multimodal fusion taxonomy offer insight blp drive performance gain video qa benchmark may difficult achieve early vqa model suggest additional best practice consider apply blp video qa stress video qa model carefully consider complex representational potential blp actually need avoid computational expense redundant fusion']",26760
217,20,217_visual speech_lip_viseme_lip reading,"['visual speech', 'lip', 'viseme', 'lip reading', 'lip read', 'audio visual', 'visemes', 'vsr', 'lrs', 'av asr']","['goal paper learn strong lip reading model recognise speech silent video prior work deal open set visual speech recognition problem adapt exist automatic speech recognition technique top trivially pool visual feature instead paper focus unique challenge encounter lip reading propose tailor solution end make following contribution propose attention base pool mechanism aggregate visual speech representation use sub word unit lip read first time show allow u good model ambiguity task propose model visual speech detection vsd train top lip read network follow obtain state art result challenge lrs lrs benchmark train public datasets even surpass model train large scale industrial datasets use order magnitude less data best model achieve word error rate lrs dataset performance unprecedented lip reading model significantly reduce performance gap lip read automatic speech recognition moreover ava activespeaker benchmark vsd model surpass visual baseline even outperform several recent audio visual method', 'vision often use complementary modality audio speech recognition asr especially noisy environment performance solo audio modality significantly deteriorate combine visual modality asr upgrade multi modality speech recognition msr paper propose two stage speech recognition model first stage target voice separate background noise help correspond visual information lip movement make model listen clearly second stage audio modality combine visual modality well understand speech msr sub network improve recognition rate key contribution introduce pseudo residual convolution p base visual front end extract discriminative feature upgrade temporal convolution block resnet temporal convolutional network tcn suitable temporal task msr sub network build top element wise attention gate recurrent unit eleatt gru effective transformer long sequence conduct extensive experiment lrs ted lrw datasets two stage model audio enhance multi modality speech recognition ae msr consistently achieve state art performance significant margin demonstrate necessity effectiveness ae msr', 'lip read aim recognize spoken sentence accord give video lip movement without rely audio stream attract great interest due application many scenario although prior work explore lip reading obtain salient achievement train non simultaneous manner prediction generate require access full video breakthrough constraint study task simultaneous lip read devise simullr simultaneous lip read transducer attention guide adaptive memory three aspect address challenge monotonic alignment consider syntactic structure generate sentence simultaneous set build transducer base model design several effective training strategy include ctc pre training model warm curriculum learn promote training lip read transducer learn good spatio temporal representation simultaneous encoder construct truncate convolution time restrict self attention layer perform frame frame interaction within video segment contain fix number frame history information always limit due storage real time scenario especially massive video data therefore devise novel attention guide adaptive memory organize semantic information history segment enhance visual representation acceptable computation aware latency experiment show simullr achieves translation speedup time compare state art non simultaneous method also obtain competitive result indicate effectiveness propose method']",26760
218,20,218_clir_lingual retrieval_query translation_retrieval clir,"['clir', 'lingual retrieval', 'query translation', 'retrieval clir', 'multilingual encoders', 'query document', 'level clir', 'clwes', 'lingual', 'retrieval']","['pretrained contextualized representation offer great success many downstream task include document rank multilingual version pretrained representation provide possibility jointly learn many language model although expect gain big joint training case cross lingual information retrieval clir model multilingual set achieve level performance monolingual setting hypothesize performance drop due translation gap query document monolingual retrieval task lexical input easy model identify query term occur document however multilingual pretrained model word different language project hyperspace model tend translate query term related term e term appear similar context addition sometimes rather synonyms target language property create difficulty model connect term cooccur query document address issue propose novel mixed attention transformer mat incorporate external word level knowledge dictionary translation table design sandwich like architecture embed mat recent transformer base deep neural model encode translation knowledge attention matrix model mat able focus mutually translate word input sequence experimental result demonstrate effectiveness external knowledge significant improvement mat embed neural reranking model clir task', 'pretrained multilingual text encoders base neural transformer architecture multilingual bert mbert xlm achieve strong performance myriad language understanding task consequently adopt go paradigm multilingual cross lingual representation learn transfer render cross lingual word embeddings clwes effectively obsolete however question remain extent finding generalizes unsupervised setting ad hoc cross lingual ir clir task therefore work present systematic empirical study focus suitability state art multilingual encoders cross lingual document sentence retrieval task across large number language pair contrast supervised language understanding result indicate unsupervised document level clir setup relevance judgment ir specific fine tuning pretrained encoders fail significantly outperform model base clwes sentence level clir demonstrate state art performance achieve however peak performance meet use general purpose multilingual text encoders shelf rather rely variant specialized sentence understanding task', 'work present systematic empirical study focus suitability state art multilingual encoders cross lingual document sentence retrieval task across number diverse language pair first treat model multilingual text encoders benchmark performance unsupervised ad hoc sentence document level clir contrast supervise language understanding result indicate unsupervised document level clir setup relevance judgment ir specific fine tuning pretrained multilingual encoders average fail significantly outperform early model base clwes sentence level retrieval obtain state art performance peak score however meet multilingual encoders specialize supervised fashion sentence understanding task rather use vanilla shelf variant follow result introduce localized relevance match document level clir independently score query document section second part evaluate multilingual encoders fine tune supervised fashion e learn rank english relevance data series zero shot language domain transfer clir experiment result show supervised ranking rarely improve performance multilingual transformer unsupervised base ranker finally domain contrastive fine tune e domain language transfer manage improve rank quality uncover substantial empirical difference cross lingual retrieval result result zero shot cross lingual transfer monolingual retrieval target language point monolingual overfitting retrieval model train monolingual data']",26760
219,20,219_noise_homophone_robustness nmt_homophone noise,"['noise', 'homophone', 'robustness nmt', 'homophone noise', 'robustness', 'translate clean', 'noise external', 'improve robustness', 'clean', 'nmt homophone']","['transformer vaswani et al bring remarkable improvement performance neural machine translation nmt system could surprisingly vulnerable noise work try investigate noise break transformer exist solution deal issue large body work nmt literature analyze behavior conventional model problem noise transformer relatively understudied context motivate introduce novel data driven technique call target augment fine tuning taft incorporate noise training idea comparable well know fine tune strategy moreover propose two novel extension original transformer control denoising cd dual channel decode dcd modify neural architecture well train process handle noise one important characteristic technique impact train phase impose overhead inference time evaluate technique translate english german pair direction observe model higher tolerance noise specifically perform deterioration entire test word infect noise', 'noisy non standard input text cause disastrous mistranslation modern machine translation mt system grow research interest create noise robust mt system however yet publicly available parallel corpus naturally occur noisy input translation thus previous work resort evaluate synthetically create datasets paper propose benchmark dataset machine translation noisy text mtnt consist noisy comment reddit www reddit com professionally source translation commission translation english comment french japanese well french japanese comment english order k k sentence per language pair qualitatively quantitatively examine type noise include dataset demonstrate exist mt model fail badly number noise relate phenomena even perform adaptation small training set domain data indicate dataset provide attractive testbed method tailor handle noisy text mt data publicly available www c cmu edu pmichel mtnt', 'rapid progress neural machine translation nmt system last year driven primarily towards improve translation quality secondary focus improve robustness input perturbation e g spell grammatical mistake performance robustness important objective focus risk overlook important property paper draw attention fact application faithfulness original input text important preserve even mean introduce unusual language pattern output translation propose simple novel way quantify whether nmt system exhibit robustness faithfulness focus case word order perturbation explore suite function perturb word order source sentence without delete inject token measure effect target side term robustness faithfulness across several experimental condition observe strong tendency towards robustness rather faithfulness result allow u good understand trade faithfulness robustness nmt open possibility develop system user autonomy control select property best suit use case']",26760
